ticker,isin,name,listing_date,delisting_date,required_evidence,status
451060,KR7451060008,1Q 200액티브,2023-01-31,,historical_classification_and_eligibility;corporate_actions_and_adjusted_price_reconciliation,unverified
0184E0,KR70184E0006,1Q 200채권혼합50액티브,2026-04-21,,historical_classification_and_eligibility;corporate_actions_and_adjusted_price_reconciliation,unverified
466400,KR7466400009,1Q 25-08 회사채(A+이상)액티브,2023-09-19,2025-08-27,historical_classification_and_eligibility;corporate_actions_and_adjusted_price_reconciliation;last_trading_date;actual_redemption_amount_and_payment_confirmation;redemption_unit_basis;resolve_vendor_price_integrity_flags,unverified
491610,KR7491610002,1Q CD금리액티브(합성),2024-09-24,,historical_classification_and_eligibility;corporate_actions_and_adjusted_price_reconciliation,unverified
0182R0,KR70182R0003,1Q K반도체TOP2+,2026-04-14,,historical_classification_and_eligibility;corporate_actions_and_adjusted_price_reconciliation,unverified
0182S0,KR70182S0002,1Q K반도체TOP2채권혼합50,2026-04-14,,historical_classification_and_eligibility;corporate_actions_and_adjusted_price_reconciliation,unverified
0103T0,KR70103T0007,1Q K소버린AI,2025-09-30,,historical_classification_and_eligibility;corporate_actions_and_adjusted_price_reconciliation,unverified
0198D0,KR70198D0001,1Q SK하이닉스선물단일종목레버리지,2026-05-27,,historical_classification_and_eligibility;corporate_actions_and_adjusted_price_reconciliation,unverified
463290,KR7463290007,1Q 단기금융채액티브,2023-08-03,,historical_classification_and_eligibility;corporate_actions_and_adjusted_price_reconciliation,unverified
0131W0,KR70131W0008,1Q 단기특수은행채액티브,2025-11-25,,historical_classification_and_eligibility;corporate_actions_and_adjusted_price_reconciliation,unverified
479080,KR7479080004,1Q 머니마켓액티브,2024-04-02,,historical_classification_and_eligibility;corporate_actions_and_adjusted_price_reconciliation,unverified
0026S0,KR70026S0002,1Q 미국S&P500,2025-03-18,,historical_classification_and_eligibility;corporate_actions_and_adjusted_price_reconciliation,unverified
0052S0,KR70052S0009,1Q 미국S&P500미국채혼합50액티브,2025-06-10,,historical_classification_and_eligibility;corporate_actions_and_adjusted_price_reconciliation,unverified
0069M0,KR70069M0006,1Q 미국나스닥100,2025-06-24,,historical_classification_and_eligibility;corporate_actions_and_adjusted_price_reconciliation,unverified
0111P0,KR70111P0001,1Q 미국나스닥100미국채혼합50액티브,2025-09-30,,historical_classification_and_eligibility;corporate_actions_and_adjusted_price_reconciliation,unverified
0083S0,KR70083S0002,1Q 미국메디컬AI,2025-07-22,,historical_classification_and_eligibility;corporate_actions_and_adjusted_price_reconciliation,unverified
0004G0,KR70004G0002,1Q 미국배당TOP30,2025-01-21,,historical_classification_and_eligibility;corporate_actions_and_adjusted_price_reconciliation,unverified
0131V0,KR70131V0009,1Q 미국우주항공테크,2025-11-25,,historical_classification_and_eligibility;corporate_actions_and_adjusted_price_reconciliation,unverified
0198B0,KR70198B0003,1Q 삼성전자선물단일종목레버리지,2026-05-27,,historical_classification_and_eligibility;corporate_actions_and_adjusted_price_reconciliation,unverified
0094X0,KR70094X0002,1Q 샤오미밸류체인액티브,2025-09-02,,historical_classification_and_eligibility;corporate_actions_and_adjusted_price_reconciliation,unverified
0224X0,KR70224X0005,1Q 엔비디아알파벳미국채혼합50,2026-07-28,,historical_classification_and_eligibility;corporate_actions_and_adjusted_price_reconciliation,unverified
0172V0,KR70172V0009,1Q 은액티브,2026-03-31,,historical_classification_and_eligibility;corporate_actions_and_adjusted_price_reconciliation,unverified
0017Y0,KR70017Y0005,1Q 종합채권(AA-이상)액티브,2025-02-25,,historical_classification_and_eligibility;corporate_actions_and_adjusted_price_reconciliation,unverified
0052T0,KR70052T0008,1Q 중단기회사채(A-이상)액티브,2025-05-27,,historical_classification_and_eligibility;corporate_actions_and_adjusted_price_reconciliation,unverified
472350,KR7472350008,1Q 차이나H(H),2023-12-12,2026-03-04,historical_classification_and_eligibility;corporate_actions_and_adjusted_price_reconciliation;last_trading_date;actual_redemption_amount_and_payment_confirmation;redemption_unit_basis;resolve_vendor_price_integrity_flags,unverified
495330,KR7495330003,1Q 코리아밸류업,2024-11-04,,historical_classification_and_eligibility;corporate_actions_and_adjusted_price_reconciliation,unverified
0186S0,KR70186S0008,1Q 코스닥150채권혼합50액티브,2026-04-28,,historical_classification_and_eligibility;corporate_actions_and_adjusted_price_reconciliation,unverified
492500,KR7492500004,1Q 현대차그룹채권(A+이상)&국고통안,2024-10-02,,historical_classification_and_eligibility;corporate_actions_and_adjusted_price_reconciliation,unverified
0206G0,KR70206G0008,1Q 현대차기아채권혼합50,2026-06-09,,historical_classification_and_eligibility;corporate_actions_and_adjusted_price_reconciliation,unverified
473440,KR7473440006,ACE 11월만기자동연장회사채AA-이상액티브,2023-12-19,,historical_classification_and_eligibility;corporate_actions_and_adjusted_price_reconciliation,unverified
105190,KR7105190003,ACE 200,2008-09-25,,historical_classification_and_eligibility;corporate_actions_and_adjusted_price_reconciliation,unverified
332500,KR7332500008,ACE 200TR,2019-08-28,,historical_classification_and_eligibility;corporate_actions_and_adjusted_price_reconciliation,unverified
448870,KR7448870006,ACE 23-12 회사채(AA-이상)액티브,2022-11-22,2023-12-18,historical_classification_and_eligibility;corporate_actions_and_adjusted_price_reconciliation;last_trading_date;actual_redemption_amount_and_payment_confirmation;redemption_unit_basis;resolve_vendor_price_integrity_flags,unverified
448880,KR7448880005,ACE 24-12 회사채(AA-이상)액티브,2022-11-22,2024-12-18,historical_classification_and_eligibility;corporate_actions_and_adjusted_price_reconciliation;last_trading_date;actual_redemption_amount_and_payment_confirmation;redemption_unit_basis;resolve_vendor_price_integrity_flags,unverified
461260,KR7461260002,ACE 25-06 회사채(AA-이상)액티브,2023-06-20,2025-06-25,historical_classification_and_eligibility;corporate_actions_and_adjusted_price_reconciliation;last_trading_date;actual_redemption_amount_and_payment_confirmation;redemption_unit_basis;resolve_vendor_price_integrity_flags,unverified
461270,KR7461270001,ACE 26-06 회사채(AA-이상)액티브,2023-06-20,2026-06-25,historical_classification_and_eligibility;corporate_actions_and_adjusted_price_reconciliation;last_trading_date;actual_redemption_amount_and_payment_confirmation;redemption_unit_basis;resolve_vendor_price_integrity_flags,unverified
475260,KR7475260006,ACE 2월만기자동연장회사채AA-이상액티브,2024-01-23,,historical_classification_and_eligibility;corporate_actions_and_adjusted_price_reconciliation,unverified
385600,KR7385600002,ACE 2차전지&친환경차액티브,2021-05-25,,historical_classification_and_eligibility;corporate_actions_and_adjusted_price_reconciliation,unverified
475270,KR7475270005,ACE 5월만기자동연장회사채AA-이상액티브,2024-01-23,,historical_classification_and_eligibility;corporate_actions_and_adjusted_price_reconciliation,unverified
475280,KR7475280004,ACE 8월만기자동연장회사채AA-이상액티브,2024-01-23,,historical_classification_and_eligibility;corporate_actions_and_adjusted_price_reconciliation,unverified
469150,KR7469150007,ACE AI반도체TOP3+,2023-10-17,,historical_classification_and_eligibility;corporate_actions_and_adjusted_price_reconciliation,unverified
0079X0,KR70079X0001,ACE BYD밸류체인액티브,2025-07-15,,historical_classification_and_eligibility;corporate_actions_and_adjusted_price_reconciliation,unverified
385590,KR7385590005,ACE ESG액티브,2021-05-25,,historical_classification_and_eligibility;corporate_actions_and_adjusted_price_reconciliation,unverified
0010E0,KR70010E0006,ACE FTSE WGBI Korea,2025-02-18,2026-04-21,historical_classification_and_eligibility;corporate_actions_and_adjusted_price_reconciliation;last_trading_date;actual_redemption_amount_and_payment_confirmation;redemption_unit_basis;resolve_vendor_price_integrity_flags,unverified
226380,KR7226380004,ACE Fn성장소비주도주,2015-08-19,,historical_classification_and_eligibility;corporate_actions_and_adjusted_price_reconciliation,unverified
475050,KR7475050001,ACE KPOP포커스,2024-01-30,,historical_classification_and_eligibility;corporate_actions_and_adjusted_price_reconciliation,unverified
411060,KR7411060007,ACE KRX금현물,2021-12-15,,historical_classification_and_eligibility;corporate_actions_and_adjusted_price_reconciliation,unverified
0221Z0,KR70221Z0006,ACE K바이오코스닥액티브,2026-07-21,,historical_classification_and_eligibility;corporate_actions_and_adjusted_price_reconciliation,unverified
0210A0,KR70210A0008,ACE K반도체TOP2+,2026-06-23,,historical_classification_and_eligibility;corporate_actions_and_adjusted_price_reconciliation,unverified
0216Z0,KR70216Z0003,ACE K방산TOP5+,2026-07-07,,historical_classification_and_eligibility;corporate_actions_and_adjusted_price_reconciliation,unverified
0172Y0,KR70172Y0006,ACE K수출핵심TOP10산업액티브,2026-03-31,,historical_classification_and_eligibility;corporate_actions_and_adjusted_price_reconciliation,unverified
0177X0,KR70177X0002,ACE K휴머노이드로봇산업TOP2+,2026-04-07,,historical_classification_and_eligibility;corporate_actions_and_adjusted_price_reconciliation,unverified
291130,KR7291130003,ACE MSCI멕시코(합성),2018-03-09,,historical_classification_and_eligibility;corporate_actions_and_adjusted_price_reconciliation,unverified
256440,KR7256440009,ACE MSCI인도네시아(합성),2016-11-01,,historical_classification_and_eligibility;corporate_actions_and_adjusted_price_reconciliation,unverified
261920,KR7261920003,ACE MSCI필리핀(합성),2016-12-28,,historical_classification_and_eligibility;corporate_actions_and_adjusted_price_reconciliation,unverified
0194T0,KR70194T0007,ACE SK하이닉스단일종목레버리지,2026-05-27,,historical_classification_and_eligibility;corporate_actions_and_adjusted_price_reconciliation,unverified
0021D0,KR70021D0004,ACE TDF2030액티브 적격,2025-03-11,2026-07-07,historical_classification_and_eligibility;corporate_actions_and_adjusted_price_reconciliation;last_trading_date;actual_redemption_amount_and_payment_confirmation;redemption_unit_basis;resolve_vendor_price_integrity_flags,unverified
0021E0,KR70021E0003,ACE TDF2050액티브 적격,2025-03-11,2026-07-09,historical_classification_and_eligibility;corporate_actions_and_adjusted_price_reconciliation;last_trading_date;actual_redemption_amount_and_payment_confirmation;redemption_unit_basis;resolve_vendor_price_integrity_flags,unverified
0021C0,KR70021C0005,ACE TDF장기자산배분액티브,2025-03-11,2026-07-09,historical_classification_and_eligibility;corporate_actions_and_adjusted_price_reconciliation;last_trading_date;actual_redemption_amount_and_payment_confirmation;redemption_unit_basis;resolve_vendor_price_integrity_flags,unverified
0139P0,KR70139P0009,ACE 고배당주,2025-12-16,,historical_classification_and_eligibility;corporate_actions_and_adjusted_price_reconciliation,unverified
0199C0,KR70199C0001,ACE 고배당주Plus커버드콜액티브,2026-06-02,,historical_classification_and_eligibility;corporate_actions_and_adjusted_price_reconciliation,unverified
225130,KR7225130004,ACE 골드선물 레버리지(합성 H),2015-07-28,,historical_classification_and_eligibility;corporate_actions_and_adjusted_price_reconciliation,unverified
483340,KR7483340006,ACE 구글밸류체인액티브,2024-06-11,,historical_classification_and_eligibility;corporate_actions_and_adjusted_price_reconciliation,unverified
365780,KR7365780006,ACE 국고채10년,2020-10-15,,historical_classification_and_eligibility;corporate_actions_and_adjusted_price_reconciliation,unverified
114460,KR7114460009,ACE 국고채3년,2009-07-31,,historical_classification_and_eligibility;corporate_actions_and_adjusted_price_reconciliation,unverified
299070,KR7299070003,ACE 국채선물10년인버스,2018-06-08,2024-05-27,historical_classification_and_eligibility;corporate_actions_and_adjusted_price_reconciliation;last_trading_date;actual_redemption_amount_and_payment_confirmation;redemption_unit_basis;resolve_vendor_price_integrity_flags,unverified
299080,KR7299080002,ACE 국채선물3년인버스,2018-06-08,2024-05-27,historical_classification_and_eligibility;corporate_actions_and_adjusted_price_reconciliation;last_trading_date;actual_redemption_amount_and_payment_confirmation;redemption_unit_basis;resolve_vendor_price_integrity_flags,unverified
494340,KR7494340003,ACE 글로벌AI맞춤형반도체,2024-10-22,,historical_classification_and_eligibility;corporate_actions_and_adjusted_price_reconciliation,unverified
411050,KR7411050008,ACE 글로벌메타버스테크액티브,2021-12-22,2025-08-18,historical_classification_and_eligibility;corporate_actions_and_adjusted_price_reconciliation;last_trading_date;actual_redemption_amount_and_payment_confirmation;redemption_unit_basis;resolve_vendor_price_integrity_flags,unverified
446770,KR7446770000,ACE 글로벌반도체TOP4 Plus,2022-11-15,,historical_classification_and_eligibility;corporate_actions_and_adjusted_price_reconciliation,unverified
435040,KR7435040001,ACE 글로벌브랜드TOP10,2022-06-28,,historical_classification_and_eligibility;corporate_actions_and_adjusted_price_reconciliation,unverified
497510,KR7497510008,ACE 글로벌빅파마,2024-11-19,,historical_classification_and_eligibility;corporate_actions_and_adjusted_price_reconciliation,unverified
460960,KR7460960008,ACE 글로벌인컴TOP10,2023-07-11,,historical_classification_and_eligibility;corporate_actions_and_adjusted_price_reconciliation,unverified
414270,KR7414270009,ACE 글로벌자율주행액티브,2022-02-15,,historical_classification_and_eligibility;corporate_actions_and_adjusted_price_reconciliation,unverified
440640,KR7440640001,ACE 단기채권알파액티브,2022-08-23,,historical_classification_and_eligibility;corporate_actions_and_adjusted_price_reconciliation,unverified
190620,KR7190620005,ACE 단기통안채,2013-12-23,,historical_classification_and_eligibility;corporate_actions_and_adjusted_price_reconciliation,unverified
494330,KR7494330004,ACE 라이프자산주주가치액티브,2024-10-15,,historical_classification_and_eligibility;corporate_actions_and_adjusted_price_reconciliation,unverified
265690,KR7265690008,ACE 러시아MSCI(합성),2017-03-21,,historical_classification_and_eligibility;corporate_actions_and_adjusted_price_reconciliation,unverified
152500,KR7152500005,ACE 레버리지,2012-01-27,,historical_classification_and_eligibility;corporate_actions_and_adjusted_price_reconciliation,unverified
0153P0,KR70153P0000,ACE 리츠부동산인프라액티브,2026-01-20,,historical_classification_and_eligibility;corporate_actions_and_adjusted_price_reconciliation,unverified
483330,KR7483330007,ACE 마이크로소프트밸류체인액티브,2024-06-11,,historical_classification_and_eligibility;corporate_actions_and_adjusted_price_reconciliation,unverified
487340,KR7487340002,ACE 머니마켓액티브,2024-07-09,,historical_classification_and_eligibility;corporate_actions_and_adjusted_price_reconciliation,unverified
0085P0,KR70085P0003,ACE 미국10년국채액티브,2025-07-22,,historical_classification_and_eligibility;corporate_actions_and_adjusted_price_reconciliation,unverified
0085N0,KR70085N0005,ACE 미국10년국채액티브(H),2025-07-22,,historical_classification_and_eligibility;corporate_actions_and_adjusted_price_reconciliation,unverified
452250,KR7452250004,ACE 미국30년국채선물레버리지(합성 H),2023-02-07,,historical_classification_and_eligibility;corporate_actions_and_adjusted_price_reconciliation,unverified
476760,KR7476760004,ACE 미국30년국채액티브,2024-03-12,,historical_classification_and_eligibility;corporate_actions_and_adjusted_price_reconciliation,unverified
453850,KR7453850000,ACE 미국30년국채액티브(H),2023-03-14,,historical_classification_and_eligibility;corporate_actions_and_adjusted_price_reconciliation,unverified
476750,KR7476750005,ACE 미국30년국채엔화노출액티브(H),2024-03-12,,historical_classification_and_eligibility;corporate_actions_and_adjusted_price_reconciliation,unverified
480030,KR7480030006,ACE 미국500데일리타겟커버드콜(합성),2024-04-23,,historical_classification_and_eligibility;corporate_actions_and_adjusted_price_reconciliation,unverified
0118Z0,KR70118Z0002,ACE 미국AI테크핵심산업액티브,2025-10-28,,historical_classification_and_eligibility;corporate_actions_and_adjusted_price_reconciliation,unverified
280320,KR7280320003,ACE 미국IT인터넷(합성 H),2017-10-17,,historical_classification_and_eligibility;corporate_actions_and_adjusted_price_reconciliation,unverified
360200,KR7360200000,ACE 미국S&P500,2020-08-07,,historical_classification_and_eligibility;corporate_actions_and_adjusted_price_reconciliation,unverified
438080,KR7438080004,ACE 미국S&P500미국채혼합50액티브,2022-08-26,,historical_classification_and_eligibility;corporate_actions_and_adjusted_price_reconciliation,unverified
0155M0,KR70155M0001,ACE 미국SMR원자력TOP10,2026-02-03,,historical_classification_and_eligibility;corporate_actions_and_adjusted_price_reconciliation,unverified
309230,KR7309230001,ACE 미국WideMoat동일가중,2018-10-25,,historical_classification_and_eligibility;corporate_actions_and_adjusted_price_reconciliation,unverified
367380,KR7367380003,ACE 미국나스닥100,2020-10-29,,historical_classification_and_eligibility;corporate_actions_and_adjusted_price_reconciliation,unverified
438100,KR7438100000,ACE 미국나스닥100미국채혼합50액티브,2022-08-26,,historical_classification_and_eligibility;corporate_actions_and_adjusted_price_reconciliation,unverified
456880,KR7456880004,ACE 미국달러SOFR금리(합성),2023-04-25,,historical_classification_and_eligibility;corporate_actions_and_adjusted_price_reconciliation,unverified
440650,KR7440650000,ACE 미국달러단기채권액티브,2022-08-23,,historical_classification_and_eligibility;corporate_actions_and_adjusted_price_reconciliation,unverified
0127M0,KR70127M0006,ACE 미국대형가치주액티브,2025-11-11,,historical_classification_and_eligibility;corporate_actions_and_adjusted_price_reconciliation,unverified
0127P0,KR70127P0003,ACE 미국대형성장주액티브,2025-11-11,,historical_classification_and_eligibility;corporate_actions_and_adjusted_price_reconciliation,unverified
480040,KR7480040005,ACE 미국반도체데일리타겟커버드콜(합성),2024-04-23,,historical_classification_and_eligibility;corporate_actions_and_adjusted_price_reconciliation,unverified
402970,KR7402970008,ACE 미국배당다우존스,2021-10-21,,historical_classification_and_eligibility;corporate_actions_and_adjusted_price_reconciliation,unverified
0046Y0,KR70046Y0000,ACE 미국배당퀄리티,2025-05-13,,historical_classification_and_eligibility;corporate_actions_and_adjusted_price_reconciliation,unverified
0049M0,KR70049M0001,ACE 미국배당퀄리티+커버드콜액티브,2025-05-13,,historical_classification_and_eligibility;corporate_actions_and_adjusted_price_reconciliation,unverified
0049K0,KR70049K0003,ACE 미국배당퀄리티채권혼합50,2025-05-13,,historical_classification_and_eligibility;corporate_actions_and_adjusted_price_reconciliation,unverified
181480,KR7181480005,ACE 미국부동산리츠(합성 H),2013-08-01,,historical_classification_and_eligibility;corporate_actions_and_adjusted_price_reconciliation,unverified
480020,KR7480020007,ACE 미국빅테크7+데일리타겟커버드콜(합성),2024-04-23,,historical_classification_and_eligibility;corporate_actions_and_adjusted_price_reconciliation,unverified
465580,KR7465580009,ACE 미국빅테크TOP7 Plus,2023-09-12,,historical_classification_and_eligibility;corporate_actions_and_adjusted_price_reconciliation,unverified
465610,KR7465610004,ACE 미국빅테크TOP7 Plus레버리지(합성),2023-09-12,,historical_classification_and_eligibility;corporate_actions_and_adjusted_price_reconciliation,unverified
465620,KR7465620003,ACE 미국빅테크TOP7 Plus인버스(합성),2023-09-12,,historical_classification_and_eligibility;corporate_actions_and_adjusted_price_reconciliation,unverified
391590,KR7391590007,ACE 미국스팩&IPO INDXX,2021-08-05,2024-07-24,historical_classification_and_eligibility;corporate_actions_and_adjusted_price_reconciliation;last_trading_date;actual_redemption_amount_and_payment_confirmation;redemption_unit_basis;resolve_vendor_price_integrity_flags,unverified
0180V0,KR70180V0009,ACE 미국우주테크액티브,2026-04-14,,historical_classification_and_eligibility;corporate_actions_and_adjusted_price_reconciliation,unverified
473590,KR7473590008,ACE 미국주식베스트셀러,2023-12-27,,historical_classification_and_eligibility;corporate_actions_and_adjusted_price_reconciliation,unverified
0008E0,KR70008E0000,ACE 미국중심중소형제조업,2025-01-21,,historical_classification_and_eligibility;corporate_actions_and_adjusted_price_reconciliation,unverified
391600,KR7391600004,ACE 미국친환경그린테마,2021-08-05,,historical_classification_and_eligibility;corporate_actions_and_adjusted_price_reconciliation,unverified
455660,KR7455660001,ACE 미국하이일드액티브(H),2023-04-18,,historical_classification_and_eligibility;corporate_actions_and_adjusted_price_reconciliation,unverified
0228G0,KR70228G0002,ACE 반도체Plus전략산업,2026-08-11,,historical_classification_and_eligibility;corporate_actions_and_adjusted_price_reconciliation,unverified
143460,KR7143460004,ACE 밸류대형,2011-06-21,2024-12-18,historical_classification_and_eligibility;corporate_actions_and_adjusted_price_reconciliation;last_trading_date;actual_redemption_amount_and_payment_confirmation;redemption_unit_basis;resolve_vendor_price_integrity_flags,unverified
245710,KR7245710009,ACE 베트남VN30(합성),2016-07-01,,historical_classification_and_eligibility;corporate_actions_and_adjusted_price_reconciliation,unverified
371130,KR7371130006,ACE 베트남VN30선물블룸버그레버리지(H),2020-11-25,2024-12-18,historical_classification_and_eligibility;corporate_actions_and_adjusted_price_reconciliation;last_trading_date;actual_redemption_amount_and_payment_confirmation;redemption_unit_basis;resolve_vendor_price_integrity_flags,unverified
131890,KR7131890006,ACE 삼성그룹동일가중,2010-09-17,,historical_classification_and_eligibility;corporate_actions_and_adjusted_price_reconciliation,unverified
108450,KR7108450008,ACE 삼성그룹섹터가중,2009-02-03,,historical_classification_and_eligibility;corporate_actions_and_adjusted_price_reconciliation,unverified
0233A0,KR70233A0001,ACE 삼성전자SK하이닉스플러스채권혼합50,2026-08-25,,historical_classification_and_eligibility;corporate_actions_and_adjusted_price_reconciliation,unverified
0194M0,KR70194M0004,ACE 삼성전자단일종목레버리지,2026-05-27,,historical_classification_and_eligibility;corporate_actions_and_adjusted_price_reconciliation,unverified
322130,KR7322130006,ACE 스마트로우볼,2019-04-16,2024-07-24,historical_classification_and_eligibility;corporate_actions_and_adjusted_price_reconciliation;last_trading_date;actual_redemption_amount_and_payment_confirmation;redemption_unit_basis;resolve_vendor_price_integrity_flags,unverified
272220,KR7272220005,ACE 스마트모멘텀,2017-07-11,2024-07-24,historical_classification_and_eligibility;corporate_actions_and_adjusted_price_reconciliation;last_trading_date;actual_redemption_amount_and_payment_confirmation;redemption_unit_basis;resolve_vendor_price_integrity_flags,unverified
272230,KR7272230004,ACE 스마트밸류,2017-07-11,2024-07-24,historical_classification_and_eligibility;corporate_actions_and_adjusted_price_reconciliation;last_trading_date;actual_redemption_amount_and_payment_confirmation;redemption_unit_basis;resolve_vendor_price_integrity_flags,unverified
322120,KR7322120007,ACE 스마트퀄리티,2019-04-16,2024-07-24,historical_classification_and_eligibility;corporate_actions_and_adjusted_price_reconciliation;last_trading_date;actual_redemption_amount_and_payment_confirmation;redemption_unit_basis;resolve_vendor_price_integrity_flags,unverified
322150,KR7322150004,ACE 스마트하이베타,2019-04-16,2024-07-24,historical_classification_and_eligibility;corporate_actions_and_adjusted_price_reconciliation;last_trading_date;actual_redemption_amount_and_payment_confirmation;redemption_unit_basis;resolve_vendor_price_integrity_flags,unverified
316300,KR7316300003,ACE 싱가포르리츠,2019-01-29,,historical_classification_and_eligibility;corporate_actions_and_adjusted_price_reconciliation,unverified
342140,KR7342140001,ACE 싱가포르리츠채권혼합모닝스타,2019-12-27,2023-06-26,historical_classification_and_eligibility;corporate_actions_and_adjusted_price_reconciliation;last_trading_date;actual_redemption_amount_and_payment_confirmation;redemption_unit_basis;resolve_vendor_price_integrity_flags,unverified
277540,KR7277540001,ACE 아시아TOP50,2017-08-23,,historical_classification_and_eligibility;corporate_actions_and_adjusted_price_reconciliation,unverified
483420,KR7483420006,ACE 애플밸류체인액티브,2024-06-11,2026-07-09,historical_classification_and_eligibility;corporate_actions_and_adjusted_price_reconciliation;last_trading_date;actual_redemption_amount_and_payment_confirmation;redemption_unit_basis;resolve_vendor_price_integrity_flags,unverified
483320,KR7483320008,ACE 엔비디아밸류체인액티브,2024-06-11,,historical_classification_and_eligibility;corporate_actions_and_adjusted_price_reconciliation,unverified
448540,KR7448540005,ACE 엔비디아채권혼합,2022-11-29,,historical_classification_and_eligibility;corporate_actions_and_adjusted_price_reconciliation,unverified
0099L0,KR70099L0001,ACE 우량회사채(AA-이상)액티브,2025-09-09,,historical_classification_and_eligibility;corporate_actions_and_adjusted_price_reconciliation,unverified
433500,KR7433500006,ACE 원자력TOP10,2022-06-28,,historical_classification_and_eligibility;corporate_actions_and_adjusted_price_reconciliation,unverified
0102X0,KR70102X0002,ACE 유럽방산TOP10,2025-09-23,,historical_classification_and_eligibility;corporate_actions_and_adjusted_price_reconciliation,unverified
487920,KR7487920001,ACE 인도시장대표BIG5그룹액티브,2024-09-10,,historical_classification_and_eligibility;corporate_actions_and_adjusted_price_reconciliation,unverified
487910,KR7487910002,ACE 인도컨슈머파워액티브,2024-09-10,,historical_classification_and_eligibility;corporate_actions_and_adjusted_price_reconciliation,unverified
145670,KR7145670006,ACE 인버스,2011-09-08,,historical_classification_and_eligibility;corporate_actions_and_adjusted_price_reconciliation,unverified
497520,KR7497520007,ACE 일라이릴리밸류체인,2024-11-19,,historical_classification_and_eligibility;corporate_actions_and_adjusted_price_reconciliation,unverified
238720,KR7238720007,ACE 일본Nikkei225(H),2016-03-03,,historical_classification_and_eligibility;corporate_actions_and_adjusted_price_reconciliation,unverified
196030,KR7196030001,ACE 일본TOPIX레버리지(H),2014-06-16,,historical_classification_and_eligibility;corporate_actions_and_adjusted_price_reconciliation,unverified
205720,KR7205720006,ACE 일본TOPIX인버스(합성 H),2014-09-29,,historical_classification_and_eligibility;corporate_actions_and_adjusted_price_reconciliation,unverified
469160,KR7469160006,ACE 일본반도체,2023-10-17,,historical_classification_and_eligibility;corporate_actions_and_adjusted_price_reconciliation,unverified
356540,KR7356540005,ACE 종합채권(AA-이상)액티브,2020-07-21,,historical_classification_and_eligibility;corporate_actions_and_adjusted_price_reconciliation,unverified
447430,KR7447430000,ACE 주주환원가치주액티브,2022-11-15,,historical_classification_and_eligibility;corporate_actions_and_adjusted_price_reconciliation,unverified
416090,KR7416090009,ACE 중국과창판STAR50,2022-01-13,,historical_classification_and_eligibility;corporate_actions_and_adjusted_price_reconciliation,unverified
168580,KR7168580009,ACE 중국본토CSI300,2012-11-29,,historical_classification_and_eligibility;corporate_actions_and_adjusted_price_reconciliation,unverified
219900,KR7219900008,ACE 중국본토CSI300레버리지(합성),2015-05-28,,historical_classification_and_eligibility;corporate_actions_and_adjusted_price_reconciliation,unverified
272910,KR7272910001,ACE 중장기국공채액티브,2017-06-29,,historical_classification_and_eligibility;corporate_actions_and_adjusted_price_reconciliation,unverified
0087F0,KR70087F0003,ACE 차이나AI빅테크TOP2+액티브,2025-07-29,,historical_classification_and_eligibility;corporate_actions_and_adjusted_price_reconciliation,unverified
371870,KR7371870007,ACE 차이나항셍테크,2020-12-16,,historical_classification_and_eligibility;corporate_actions_and_adjusted_price_reconciliation,unverified
0209Z0,KR70209Z0002,ACE 코리아AI전력TOP10,2026-06-23,,historical_classification_and_eligibility;corporate_actions_and_adjusted_price_reconciliation,unverified
380340,KR7380340000,ACE 코리아AI테크핵심산업,2021-04-02,,historical_classification_and_eligibility;corporate_actions_and_adjusted_price_reconciliation,unverified
496120,KR7496120007,ACE 코리아밸류업,2024-11-04,,historical_classification_and_eligibility;corporate_actions_and_adjusted_price_reconciliation,unverified
251890,KR7251890000,ACE 코스닥(합성),2016-09-06,2023-08-25,historical_classification_and_eligibility;corporate_actions_and_adjusted_price_reconciliation;last_trading_date;actual_redemption_amount_and_payment_confirmation;redemption_unit_basis;resolve_vendor_price_integrity_flags,unverified
354500,KR7354500001,ACE 코스닥150,2020-05-07,,historical_classification_and_eligibility;corporate_actions_and_adjusted_price_reconciliation,unverified
305050,KR7305050007,ACE 코스피,2018-10-05,,historical_classification_and_eligibility;corporate_actions_and_adjusted_price_reconciliation,unverified
457480,KR7457480002,ACE 테슬라밸류체인액티브,2023-05-16,,historical_classification_and_eligibility;corporate_actions_and_adjusted_price_reconciliation,unverified
469170,KR7469170005,ACE 포스코그룹포커스,2023-10-17,,historical_classification_and_eligibility;corporate_actions_and_adjusted_price_reconciliation,unverified
295820,KR7295820005,ARIRANG 200동일가중,2018-05-11,2024-06-26,historical_classification_and_eligibility;corporate_actions_and_adjusted_price_reconciliation;last_trading_date;actual_redemption_amount_and_payment_confirmation;redemption_unit_basis;resolve_vendor_price_integrity_flags,unverified
295890,KR7295890008,ARIRANG 200로우볼,2018-05-11,2019-12-11,historical_classification_and_eligibility;corporate_actions_and_adjusted_price_reconciliation;last_trading_date;actual_redemption_amount_and_payment_confirmation;redemption_unit_basis;resolve_vendor_price_integrity_flags,unverified
295860,KR7295860001,ARIRANG 200모멘텀,2018-05-11,2019-12-11,historical_classification_and_eligibility;corporate_actions_and_adjusted_price_reconciliation;last_trading_date;actual_redemption_amount_and_payment_confirmation;redemption_unit_basis;resolve_vendor_price_integrity_flags,unverified
295840,KR7295840003,ARIRANG 200밸류,2018-05-11,2019-12-11,historical_classification_and_eligibility;corporate_actions_and_adjusted_price_reconciliation;last_trading_date;actual_redemption_amount_and_payment_confirmation;redemption_unit_basis;resolve_vendor_price_integrity_flags,unverified
295880,KR7295880009,ARIRANG 200퀄리티,2018-05-11,2019-12-11,historical_classification_and_eligibility;corporate_actions_and_adjusted_price_reconciliation;last_trading_date;actual_redemption_amount_and_payment_confirmation;redemption_unit_basis;resolve_vendor_price_integrity_flags,unverified
278420,KR7278420005,ARIRANG ESG우수기업,2017-08-31,2023-12-15,historical_classification_and_eligibility;corporate_actions_and_adjusted_price_reconciliation;last_trading_date;actual_redemption_amount_and_payment_confirmation;redemption_unit_basis;resolve_vendor_price_integrity_flags,unverified
141250,KR7141250001,ARIRANG KRX100EW,2011-05-18,2015-05-07,historical_classification_and_eligibility;corporate_actions_and_adjusted_price_reconciliation;last_trading_date;actual_redemption_amount_and_payment_confirmation;redemption_unit_basis;resolve_vendor_price_integrity_flags,unverified
292750,KR7292750007,ARIRANG KRX300,2018-03-26,2024-06-26,historical_classification_and_eligibility;corporate_actions_and_adjusted_price_reconciliation;last_trading_date;actual_redemption_amount_and_payment_confirmation;redemption_unit_basis;resolve_vendor_price_integrity_flags,unverified
309170,KR7309170009,ARIRANG KRX300IT,2018-11-08,2021-07-02,historical_classification_and_eligibility;corporate_actions_and_adjusted_price_reconciliation;last_trading_date;actual_redemption_amount_and_payment_confirmation;redemption_unit_basis;resolve_vendor_price_integrity_flags,unverified
309180,KR7309180008,ARIRANG KRX300금융,2018-11-08,2020-05-22,historical_classification_and_eligibility;corporate_actions_and_adjusted_price_reconciliation;last_trading_date;actual_redemption_amount_and_payment_confirmation;redemption_unit_basis;resolve_vendor_price_integrity_flags,unverified
309190,KR7309190007,ARIRANG KRX300산업재,2018-11-08,2020-05-22,historical_classification_and_eligibility;corporate_actions_and_adjusted_price_reconciliation;last_trading_date;actual_redemption_amount_and_payment_confirmation;redemption_unit_basis;resolve_vendor_price_integrity_flags,unverified
309200,KR7309200004,ARIRANG KRX300자유소비재,2018-11-08,2020-05-22,historical_classification_and_eligibility;corporate_actions_and_adjusted_price_reconciliation;last_trading_date;actual_redemption_amount_and_payment_confirmation;redemption_unit_basis;resolve_vendor_price_integrity_flags,unverified
309210,KR7309210003,ARIRANG KRX300헬스케어,2018-11-08,2023-10-27,historical_classification_and_eligibility;corporate_actions_and_adjusted_price_reconciliation;last_trading_date;actual_redemption_amount_and_payment_confirmation;redemption_unit_basis;resolve_vendor_price_integrity_flags,unverified
117740,KR7117740001,ARIRANG LG그룹&,2009-10-27,2015-05-07,historical_classification_and_eligibility;corporate_actions_and_adjusted_price_reconciliation;last_trading_date;actual_redemption_amount_and_payment_confirmation;redemption_unit_basis;resolve_vendor_price_integrity_flags,unverified
222170,KR7222170003,ARIRANG S&P한국배당성장,2015-06-29,2018-11-12,historical_classification_and_eligibility;corporate_actions_and_adjusted_price_reconciliation;last_trading_date;actual_redemption_amount_and_payment_confirmation;redemption_unit_basis;resolve_vendor_price_integrity_flags,unverified
161490,KR7161490008,ARIRANG 경기방어주,2012-08-29,2017-12-04,historical_classification_and_eligibility;corporate_actions_and_adjusted_price_reconciliation;last_trading_date;actual_redemption_amount_and_payment_confirmation;redemption_unit_basis;resolve_vendor_price_integrity_flags,unverified
161500,KR7161500004,ARIRANG 경기주도주,2012-08-29,2017-12-04,historical_classification_and_eligibility;corporate_actions_and_adjusted_price_reconciliation;last_trading_date;actual_redemption_amount_and_payment_confirmation;redemption_unit_basis;resolve_vendor_price_integrity_flags,unverified
129270,KR7129270005,ARIRANG 네오밸류,2010-06-17,2015-05-07,historical_classification_and_eligibility;corporate_actions_and_adjusted_price_reconciliation;last_trading_date;actual_redemption_amount_and_payment_confirmation;redemption_unit_basis;resolve_vendor_price_integrity_flags,unverified
263190,KR7263190001,ARIRANG 단기우량채권,2017-01-25,2020-09-28,historical_classification_and_eligibility;corporate_actions_and_adjusted_price_reconciliation;last_trading_date;actual_redemption_amount_and_payment_confirmation;redemption_unit_basis;resolve_vendor_price_integrity_flags,unverified
190160,KR7190160002,ARIRANG 단기유동성,2013-12-19,2020-08-31,historical_classification_and_eligibility;corporate_actions_and_adjusted_price_reconciliation;last_trading_date;actual_redemption_amount_and_payment_confirmation;redemption_unit_basis;resolve_vendor_price_integrity_flags,unverified
190150,KR7190150003,ARIRANG 바벨 채권,2013-12-19,2019-06-24,historical_classification_and_eligibility;corporate_actions_and_adjusted_price_reconciliation;last_trading_date;actual_redemption_amount_and_payment_confirmation;redemption_unit_basis;resolve_vendor_price_integrity_flags,unverified
236460,KR7236460002,ARIRANG 스마트베타 LowVOL,2016-01-12,2020-05-22,historical_classification_and_eligibility;corporate_actions_and_adjusted_price_reconciliation;last_trading_date;actual_redemption_amount_and_payment_confirmation;redemption_unit_basis;resolve_vendor_price_integrity_flags,unverified
222190,KR7222190001,ARIRANG 스마트베타 Momentum,2015-06-29,2020-05-22,historical_classification_and_eligibility;corporate_actions_and_adjusted_price_reconciliation;last_trading_date;actual_redemption_amount_and_payment_confirmation;redemption_unit_basis;resolve_vendor_price_integrity_flags,unverified
222200,KR7222200008,ARIRANG 스마트베타 Quality,2015-06-29,2020-05-22,historical_classification_and_eligibility;corporate_actions_and_adjusted_price_reconciliation;last_trading_date;actual_redemption_amount_and_payment_confirmation;redemption_unit_basis;resolve_vendor_price_integrity_flags,unverified
222180,KR7222180002,ARIRANG 스마트베타 Value,2015-06-29,2020-05-22,historical_classification_and_eligibility;corporate_actions_and_adjusted_price_reconciliation;last_trading_date;actual_redemption_amount_and_payment_confirmation;redemption_unit_basis;resolve_vendor_price_integrity_flags,unverified
244820,KR7244820007,ARIRANG 스마트베타4종결합,2016-05-19,2018-11-12,historical_classification_and_eligibility;corporate_actions_and_adjusted_price_reconciliation;last_trading_date;actual_redemption_amount_and_payment_confirmation;redemption_unit_basis;resolve_vendor_price_integrity_flags,unverified
161520,KR7161520002,ARIRANG 자동차,2012-08-29,2015-02-23,historical_classification_and_eligibility;corporate_actions_and_adjusted_price_reconciliation;last_trading_date;actual_redemption_amount_and_payment_confirmation;redemption_unit_basis;resolve_vendor_price_integrity_flags,unverified
161530,KR7161530001,ARIRANG 조선운송,2012-08-29,2015-02-23,historical_classification_and_eligibility;corporate_actions_and_adjusted_price_reconciliation;last_trading_date;actual_redemption_amount_and_payment_confirmation;redemption_unit_basis;resolve_vendor_price_integrity_flags,unverified
204420,KR7204420004,ARIRANG 차이나H 레버리지(합성 H),2014-08-25,2019-06-24,historical_classification_and_eligibility;corporate_actions_and_adjusted_price_reconciliation;last_trading_date;actual_redemption_amount_and_payment_confirmation;redemption_unit_basis;resolve_vendor_price_integrity_flags,unverified
161540,KR7161540000,ARIRANG 철강금속,2012-08-29,2015-02-23,historical_classification_and_eligibility;corporate_actions_and_adjusted_price_reconciliation;last_trading_date;actual_redemption_amount_and_payment_confirmation;redemption_unit_basis;resolve_vendor_price_integrity_flags,unverified
141240,KR7141240002,ARIRANG 코스피100동일가중,2011-05-18,2018-11-12,historical_classification_and_eligibility;corporate_actions_and_adjusted_price_reconciliation;last_trading_date;actual_redemption_amount_and_payment_confirmation;redemption_unit_basis;resolve_vendor_price_integrity_flags,unverified
301440,KR7301440004,ARIRANG 코스피중형주,2018-07-05,2023-08-25,historical_classification_and_eligibility;corporate_actions_and_adjusted_price_reconciliation;last_trading_date;actual_redemption_amount_and_payment_confirmation;redemption_unit_basis;resolve_vendor_price_integrity_flags,unverified
376250,KR7376250007,ARIRANG 탄소효율그린뉴딜,2021-02-05,2023-06-26,historical_classification_and_eligibility;corporate_actions_and_adjusted_price_reconciliation;last_trading_date;actual_redemption_amount_and_payment_confirmation;redemption_unit_basis;resolve_vendor_price_integrity_flags,unverified
161550,KR7161550009,ARIRANG 화학,2012-08-29,2015-02-23,historical_classification_and_eligibility;corporate_actions_and_adjusted_price_reconciliation;last_trading_date;actual_redemption_amount_and_payment_confirmation;redemption_unit_basis;resolve_vendor_price_integrity_flags,unverified
470320,KR7470320003,BNK 24-11 회사채(AA-이상)액티브,2023-11-14,2024-11-27,historical_classification_and_eligibility;corporate_actions_and_adjusted_price_reconciliation;last_trading_date;actual_redemption_amount_and_payment_confirmation;redemption_unit_basis;resolve_vendor_price_integrity_flags,unverified
495710,KR7495710006,BNK 26-06 특수채(AAA이상)액티브,2024-12-03,2026-06-09,historical_classification_and_eligibility;corporate_actions_and_adjusted_price_reconciliation;last_trading_date;actual_redemption_amount_and_payment_confirmation;redemption_unit_basis;resolve_vendor_price_integrity_flags,unverified
0193M0,KR70193M0005,BNK 27-12 특수채(AAA이상)액티브,2026-06-16,,historical_classification_and_eligibility;corporate_actions_and_adjusted_price_reconciliation,unverified
466810,KR7466810009,BNK 2차전지양극재,2023-10-19,,historical_classification_and_eligibility;corporate_actions_and_adjusted_price_reconciliation,unverified
457930,KR7457930006,BNK 미래전략기술액티브,2023-06-20,,historical_classification_and_eligibility;corporate_actions_and_adjusted_price_reconciliation,unverified
0218K0,KR70218K0008,BNK 스마트카,2026-07-21,,historical_classification_and_eligibility;corporate_actions_and_adjusted_price_reconciliation,unverified
487750,KR7487750002,BNK 온디바이스AI,2024-07-23,,historical_classification_and_eligibility;corporate_actions_and_adjusted_price_reconciliation,unverified
445690,KR7445690001,BNK 주주가치액티브,2022-10-27,,historical_classification_and_eligibility;corporate_actions_and_adjusted_price_reconciliation,unverified
0120J0,KR70120J0008,BNK 카카오그룹포커스,2025-12-02,,historical_classification_and_eligibility;corporate_actions_and_adjusted_price_reconciliation,unverified
486240,KR7486240005,DAISHIN AI반도체&인프라액티브,2024-06-18,,historical_classification_and_eligibility;corporate_actions_and_adjusted_price_reconciliation,unverified
434960,KR7434960001,DAISHIN K200,2022-06-28,,historical_classification_and_eligibility;corporate_actions_and_adjusted_price_reconciliation,unverified
0189Z0,KR70189Z0006,DAISHIN 금융&지주고배당,2026-06-09,,historical_classification_and_eligibility;corporate_actions_and_adjusted_price_reconciliation,unverified
0174J0,KR70174J0003,DAISHIN 오피스리츠플러스,2026-03-31,,historical_classification_and_eligibility;corporate_actions_and_adjusted_price_reconciliation,unverified
0220B0,KR70220B0005,DS 코스닥액티브,2026-07-14,,historical_classification_and_eligibility;corporate_actions_and_adjusted_price_reconciliation,unverified
108630,KR7108630005,FIRST 스타우량,2009-02-03,2016-03-14,historical_classification_and_eligibility;corporate_actions_and_adjusted_price_reconciliation;last_trading_date;actual_redemption_amount_and_payment_confirmation;redemption_unit_basis;resolve_vendor_price_integrity_flags,unverified
0098Z0,KR70098Z0006,FOCUS 200,2025-09-23,,historical_classification_and_eligibility;corporate_actions_and_adjusted_price_reconciliation,unverified
0176P0,KR70176P0003,FOCUS AI반도체위클리고정커버드콜,2026-04-07,,historical_classification_and_eligibility;corporate_actions_and_adjusted_price_reconciliation,unverified
448570,KR7448570002,FOCUS AI코리아액티브,2022-11-15,,historical_classification_and_eligibility;corporate_actions_and_adjusted_price_reconciliation,unverified
285690,KR7285690004,FOCUS ESG리더스,2017-12-13,,historical_classification_and_eligibility;corporate_actions_and_adjusted_price_reconciliation,unverified
292730,KR7292730009,FOCUS KRX300,2018-03-26,2025-10-29,historical_classification_and_eligibility;corporate_actions_and_adjusted_price_reconciliation;last_trading_date;actual_redemption_amount_and_payment_confirmation;redemption_unit_basis;resolve_vendor_price_integrity_flags,unverified
0226D0,KR70226D0007,FOCUS 금융반도체지주채권혼합50액티브,2026-08-11,,historical_classification_and_eligibility;corporate_actions_and_adjusted_price_reconciliation,unverified
0073X0,KR70073X0007,FOCUS 알리바바미국채커버드콜혼합,2025-07-01,,historical_classification_and_eligibility;corporate_actions_and_adjusted_price_reconciliation,unverified
402520,KR7402520001,FOCUS 혁신기업액티브,2021-09-30,2024-09-04,historical_classification_and_eligibility;corporate_actions_and_adjusted_price_reconciliation;last_trading_date;actual_redemption_amount_and_payment_confirmation;redemption_unit_basis;resolve_vendor_price_integrity_flags,unverified
107560,KR7107560005,GIANT 현대차그룹,2008-12-24,2016-09-29,historical_classification_and_eligibility;corporate_actions_and_adjusted_price_reconciliation;last_trading_date;actual_redemption_amount_and_payment_confirmation;redemption_unit_basis;resolve_vendor_price_integrity_flags,unverified
138210,KR7138210000,GREAT GREEN,2011-01-27,2015-07-02,historical_classification_and_eligibility;corporate_actions_and_adjusted_price_reconciliation;last_trading_date;actual_redemption_amount_and_payment_confirmation;redemption_unit_basis;resolve_vendor_price_integrity_flags,unverified
120210,KR7120210000,GREAT SRI,2009-12-15,2015-12-15,historical_classification_and_eligibility;corporate_actions_and_adjusted_price_reconciliation;last_trading_date;actual_redemption_amount_and_payment_confirmation;redemption_unit_basis;resolve_vendor_price_integrity_flags,unverified
293180,KR7293180006,HANARO 200,2018-03-30,,historical_classification_and_eligibility;corporate_actions_and_adjusted_price_reconciliation,unverified
407310,KR7407310002,HANARO 200 TOP10,2021-11-24,,historical_classification_and_eligibility;corporate_actions_and_adjusted_price_reconciliation,unverified
332930,KR7332930007,HANARO 200TR,2019-08-28,,historical_classification_and_eligibility;corporate_actions_and_adjusted_price_reconciliation,unverified
304780,KR7304780000,HANARO 200선물레버리지,2018-08-14,,historical_classification_and_eligibility;corporate_actions_and_adjusted_price_reconciliation,unverified
486780,KR7486780000,HANARO 200선물레버리지1.5X,2024-07-09,2025-09-16,historical_classification_and_eligibility;corporate_actions_and_adjusted_price_reconciliation;last_trading_date;actual_redemption_amount_and_payment_confirmation;redemption_unit_basis;resolve_vendor_price_integrity_flags,unverified
306520,KR7306520008,HANARO 200선물인버스,2018-09-18,,historical_classification_and_eligibility;corporate_actions_and_adjusted_price_reconciliation,unverified
489570,KR7489570002,HANARO 25-12 은행채(AA+이상)액티브,2024-10-15,2025-12-08,historical_classification_and_eligibility;corporate_actions_and_adjusted_price_reconciliation;last_trading_date;actual_redemption_amount_and_payment_confirmation;redemption_unit_basis;resolve_vendor_price_integrity_flags,unverified
0123S0,KR70123S0004,HANARO 26-12 은행채(AA+이상)액티브,2025-12-16,,historical_classification_and_eligibility;corporate_actions_and_adjusted_price_reconciliation,unverified
0091M0,KR70091M0008,HANARO 27-06 회사채(AA-이상)액티브,2025-08-26,,historical_classification_and_eligibility;corporate_actions_and_adjusted_price_reconciliation,unverified
448490,KR7448490003,HANARO 32-10 국고채액티브,2022-11-22,,historical_classification_and_eligibility;corporate_actions_and_adjusted_price_reconciliation,unverified
454320,KR7454320003,HANARO CAPEX설비투자iSelect,2023-04-18,,historical_classification_and_eligibility;corporate_actions_and_adjusted_price_reconciliation,unverified
471290,KR7471290007,HANARO CD금리액티브(합성),2023-11-14,2025-06-24,historical_classification_and_eligibility;corporate_actions_and_adjusted_price_reconciliation;last_trading_date;actual_redemption_amount_and_payment_confirmation;redemption_unit_basis;resolve_vendor_price_integrity_flags,unverified
395290,KR7395290000,HANARO Fn K-POP&미디어,2021-07-30,,historical_classification_and_eligibility;corporate_actions_and_adjusted_price_reconciliation,unverified
395280,KR7395280001,HANARO Fn K-게임,2021-07-30,,historical_classification_and_eligibility;corporate_actions_and_adjusted_price_reconciliation,unverified
368190,KR7368190005,HANARO Fn K-뉴딜디지털플러스,2020-11-10,,historical_classification_and_eligibility;corporate_actions_and_adjusted_price_reconciliation,unverified
402460,KR7402460000,HANARO Fn K-메타버스MZ,2021-10-13,,historical_classification_and_eligibility;corporate_actions_and_adjusted_price_reconciliation,unverified
395270,KR7395270002,HANARO Fn K-반도체,2021-07-30,,historical_classification_and_eligibility;corporate_actions_and_adjusted_price_reconciliation,unverified
438900,KR7438900003,HANARO Fn K-푸드,2022-08-17,,historical_classification_and_eligibility;corporate_actions_and_adjusted_price_reconciliation,unverified
367740,KR7367740008,HANARO Fn5G산업,2020-10-29,,historical_classification_and_eligibility;corporate_actions_and_adjusted_price_reconciliation,unverified
407300,KR7407300003,HANARO Fn골프테마,2021-11-24,,historical_classification_and_eligibility;corporate_actions_and_adjusted_price_reconciliation,unverified
381560,KR7381560002,HANARO Fn전기&수소차,2021-04-02,,historical_classification_and_eligibility;corporate_actions_and_adjusted_price_reconciliation,unverified
441540,KR7441540002,HANARO Fn조선해운,2022-09-15,,historical_classification_and_eligibility;corporate_actions_and_adjusted_price_reconciliation,unverified
381570,KR7381570001,HANARO Fn친환경에너지,2021-04-02,,historical_classification_and_eligibility;corporate_actions_and_adjusted_price_reconciliation,unverified
473380,KR7473380004,HANARO K-메디테크,2023-12-21,2025-03-26,historical_classification_and_eligibility;corporate_actions_and_adjusted_price_reconciliation;last_trading_date;actual_redemption_amount_and_payment_confirmation;redemption_unit_basis;resolve_vendor_price_integrity_flags,unverified
479850,KR7479850000,HANARO K-뷰티,2024-04-16,,historical_classification_and_eligibility;corporate_actions_and_adjusted_price_reconciliation,unverified
346000,KR7346000003,HANARO KAP초장기국고채,2020-01-16,2025-11-05,historical_classification_and_eligibility;corporate_actions_and_adjusted_price_reconciliation;last_trading_date;actual_redemption_amount_and_payment_confirmation;redemption_unit_basis;resolve_vendor_price_integrity_flags,unverified
453060,KR7453060006,HANARO KOFR금리액티브(합성),2023-03-14,,historical_classification_and_eligibility;corporate_actions_and_adjusted_price_reconciliation,unverified
304760,KR7304760002,HANARO KRX300,2018-08-14,,historical_classification_and_eligibility;corporate_actions_and_adjusted_price_reconciliation,unverified
404470,KR7404470007,HANARO KRX기후변화솔루션,2021-10-29,2024-09-11,historical_classification_and_eligibility;corporate_actions_and_adjusted_price_reconciliation;last_trading_date;actual_redemption_amount_and_payment_confirmation;redemption_unit_basis;resolve_vendor_price_integrity_flags,unverified
322410,KR7322410002,HANARO K고배당,2019-04-23,,historical_classification_and_eligibility;corporate_actions_and_adjusted_price_reconciliation,unverified
0155N0,KR70155N0000,HANARO K휴머노이드테마TOP10,2026-02-26,,historical_classification_and_eligibility;corporate_actions_and_adjusted_price_reconciliation,unverified
332940,KR7332940006,HANARO MSCI Korea TR,2019-08-28,,historical_classification_and_eligibility;corporate_actions_and_adjusted_price_reconciliation,unverified
322400,KR7322400003,HANARO e커머스,2019-04-23,,historical_classification_and_eligibility;corporate_actions_and_adjusted_price_reconciliation,unverified
473640,KR7473640001,HANARO 글로벌금채굴기업,2024-01-18,,historical_classification_and_eligibility;corporate_actions_and_adjusted_price_reconciliation,unverified
354350,KR7354350001,HANARO 글로벌럭셔리S&P(합성),2020-05-12,,historical_classification_and_eligibility;corporate_actions_and_adjusted_price_reconciliation,unverified
464060,KR7464060003,HANARO 글로벌반도체TOP10 SOLACTIVE,2023-08-01,2025-11-05,historical_classification_and_eligibility;corporate_actions_and_adjusted_price_reconciliation;last_trading_date;actual_redemption_amount_and_payment_confirmation;redemption_unit_basis;resolve_vendor_price_integrity_flags,unverified
432850,KR7432850006,HANARO 글로벌백신치료제MSCI,2022-06-08,2025-06-24,historical_classification_and_eligibility;corporate_actions_and_adjusted_price_reconciliation;last_trading_date;actual_redemption_amount_and_payment_confirmation;redemption_unit_basis;resolve_vendor_price_integrity_flags,unverified
461340,KR7461340002,HANARO 글로벌생성형AI액티브,2023-07-11,,historical_classification_and_eligibility;corporate_actions_and_adjusted_price_reconciliation,unverified
448510,KR7448510008,HANARO 글로벌신재생에너지MSCI(합성),2022-11-30,2025-03-26,historical_classification_and_eligibility;corporate_actions_and_adjusted_price_reconciliation;last_trading_date;actual_redemption_amount_and_payment_confirmation;redemption_unit_basis;resolve_vendor_price_integrity_flags,unverified
424460,KR7424460004,HANARO 글로벌워터MSCI(합성),2022-04-19,2026-07-16,historical_classification_and_eligibility;corporate_actions_and_adjusted_price_reconciliation;last_trading_date;actual_redemption_amount_and_payment_confirmation;redemption_unit_basis;resolve_vendor_price_integrity_flags,unverified
401590,KR7401590005,HANARO 글로벌탄소배출권선물ICE(합성),2021-09-30,,historical_classification_and_eligibility;corporate_actions_and_adjusted_price_reconciliation,unverified
0040S0,KR70040S0004,HANARO 글로벌피지컬AI액티브,2025-04-22,,historical_classification_and_eligibility;corporate_actions_and_adjusted_price_reconciliation,unverified
314700,KR7314700006,HANARO 농업융복합산업,2018-12-21,,historical_classification_and_eligibility;corporate_actions_and_adjusted_price_reconciliation,unverified
390950,KR7390950004,HANARO 단기채권액티브,2021-06-25,2025-03-26,historical_classification_and_eligibility;corporate_actions_and_adjusted_price_reconciliation;last_trading_date;actual_redemption_amount_and_payment_confirmation;redemption_unit_basis;resolve_vendor_price_integrity_flags,unverified
306540,KR7306540006,HANARO 단기통안채,2018-09-18,2021-07-02,historical_classification_and_eligibility;corporate_actions_and_adjusted_price_reconciliation;last_trading_date;actual_redemption_amount_and_payment_confirmation;redemption_unit_basis;resolve_vendor_price_integrity_flags,unverified
486830,KR7486830003,HANARO 머니마켓액티브,2024-07-16,,historical_classification_and_eligibility;corporate_actions_and_adjusted_price_reconciliation,unverified
0215T0,KR70215T0002,HANARO 미국AI광통신TOP10,2026-07-14,,historical_classification_and_eligibility;corporate_actions_and_adjusted_price_reconciliation,unverified
0181B0,KR70181B0002,HANARO 미국AI메모리반도체TOP4+,2026-05-12,,historical_classification_and_eligibility;corporate_actions_and_adjusted_price_reconciliation,unverified
432840,KR7432840007,HANARO 미국S&P500,2022-06-08,,historical_classification_and_eligibility;corporate_actions_and_adjusted_price_reconciliation,unverified
0219Z0,KR70219Z0000,HANARO 미국S&P500액티브,2026-08-04,,historical_classification_and_eligibility;corporate_actions_and_adjusted_price_reconciliation,unverified
419170,KR7419170006,HANARO 미국메타버스iSelect,2022-02-22,2025-06-24,historical_classification_and_eligibility;corporate_actions_and_adjusted_price_reconciliation;last_trading_date;actual_redemption_amount_and_payment_confirmation;redemption_unit_basis;resolve_vendor_price_integrity_flags,unverified
472490,KR7472490002,HANARO 미국애그테크,2023-11-28,2025-06-24,historical_classification_and_eligibility;corporate_actions_and_adjusted_price_reconciliation;last_trading_date;actual_redemption_amount_and_payment_confirmation;redemption_unit_basis;resolve_vendor_price_integrity_flags,unverified
498050,KR7498050004,HANARO 바이오코리아액티브,2024-11-26,,historical_classification_and_eligibility;corporate_actions_and_adjusted_price_reconciliation,unverified
476260,KR7476260005,HANARO 반도체핵심공정주도주,2024-02-27,,historical_classification_and_eligibility;corporate_actions_and_adjusted_price_reconciliation,unverified
434730,KR7434730008,HANARO 원자력iSelect,2022-06-28,,historical_classification_and_eligibility;corporate_actions_and_adjusted_price_reconciliation,unverified
0082F0,KR70082F0008,HANARO 유럽방산,2025-07-29,,historical_classification_and_eligibility;corporate_actions_and_adjusted_price_reconciliation,unverified
456100,KR7456100007,HANARO 유로존국채25년플러스(합성 H),2023-05-16,2024-12-13,historical_classification_and_eligibility;corporate_actions_and_adjusted_price_reconciliation;last_trading_date;actual_redemption_amount_and_payment_confirmation;redemption_unit_basis;resolve_vendor_price_integrity_flags,unverified
491820,KR7491820007,HANARO 전력설비투자,2024-09-24,,historical_classification_and_eligibility;corporate_actions_and_adjusted_price_reconciliation,unverified
461500,KR7461500001,HANARO 종합채권(AA-이상)액티브,2023-10-26,,historical_classification_and_eligibility;corporate_actions_and_adjusted_price_reconciliation,unverified
482870,KR7482870003,HANARO 주주가치성장코리아액티브,2024-06-11,2025-11-26,historical_classification_and_eligibility;corporate_actions_and_adjusted_price_reconciliation;last_trading_date;actual_redemption_amount_and_payment_confirmation;redemption_unit_basis;resolve_vendor_price_integrity_flags,unverified
0191W0,KR70191W0005,HANARO 중기종합채권(A-이상)액티브,2026-05-19,,historical_classification_and_eligibility;corporate_actions_and_adjusted_price_reconciliation,unverified
0111J0,KR70111J0009,HANARO 증권고배당TOP3플러스,2025-10-28,,historical_classification_and_eligibility;corporate_actions_and_adjusted_price_reconciliation,unverified
495750,KR7495750002,HANARO 코리아밸류업,2024-11-04,,historical_classification_and_eligibility;corporate_actions_and_adjusted_price_reconciliation,unverified
304770,KR7304770001,HANARO 코스닥150,2018-08-14,,historical_classification_and_eligibility;corporate_actions_and_adjusted_price_reconciliation,unverified
306530,KR7306530007,HANARO 코스닥150선물레버리지,2018-09-18,,historical_classification_and_eligibility;corporate_actions_and_adjusted_price_reconciliation,unverified
486790,KR7486790009,HANARO 코스닥150선물레버리지1.5X,2024-07-09,2025-09-16,historical_classification_and_eligibility;corporate_actions_and_adjusted_price_reconciliation;last_trading_date;actual_redemption_amount_and_payment_confirmation;redemption_unit_basis;resolve_vendor_price_integrity_flags,unverified
375760,KR7375760006,HANARO 탄소효율그린뉴딜,2021-02-05,,historical_classification_and_eligibility;corporate_actions_and_adjusted_price_reconciliation,unverified
110550,KR7110550001,HIT 골드,2009-11-05,2011-12-19,historical_classification_and_eligibility;corporate_actions_and_adjusted_price_reconciliation;last_trading_date;actual_redemption_amount_and_payment_confirmation;redemption_unit_basis;resolve_vendor_price_integrity_flags,unverified
124090,KR7124090002,HIT 보험,2010-05-07,2011-12-19,historical_classification_and_eligibility;corporate_actions_and_adjusted_price_reconciliation;last_trading_date;actual_redemption_amount_and_payment_confirmation;redemption_unit_basis;resolve_vendor_price_integrity_flags,unverified
491700,KR7491700001,HK 200,2024-09-10,,historical_classification_and_eligibility;corporate_actions_and_adjusted_price_reconciliation,unverified
0000Y0,KR70000Y0004,HK 26-12 회사채(AA-이상)액티브,2024-12-24,,historical_classification_and_eligibility;corporate_actions_and_adjusted_price_reconciliation,unverified
215620,KR7215620006,HK S&P코리아로우볼,2015-03-25,,historical_classification_and_eligibility;corporate_actions_and_adjusted_price_reconciliation,unverified
0113P0,KR70113P0009,HK 머니마켓액티브,2025-09-30,,historical_classification_and_eligibility;corporate_actions_and_adjusted_price_reconciliation,unverified
391670,KR7391670007,HK 베스트일레븐액티브,2021-07-06,,historical_classification_and_eligibility;corporate_actions_and_adjusted_price_reconciliation,unverified
472920,KR7472920008,HK 종합채권(AA-이상)액티브,2023-11-28,,historical_classification_and_eligibility;corporate_actions_and_adjusted_price_reconciliation,unverified
391680,KR7391680006,HK 하이볼액티브,2021-07-06,2024-12-10,historical_classification_and_eligibility;corporate_actions_and_adjusted_price_reconciliation;last_trading_date;actual_redemption_amount_and_payment_confirmation;redemption_unit_basis;resolve_vendor_price_integrity_flags,unverified
472840,KR7472840008,IBK 200,2023-12-21,,historical_classification_and_eligibility;corporate_actions_and_adjusted_price_reconciliation,unverified
0005G0,KR70005G0001,IBK K-AI반도체코어테크,2025-01-21,,historical_classification_and_eligibility;corporate_actions_and_adjusted_price_reconciliation,unverified
0178H0,KR70178H0001,IBK 미국AI TOP10국채혼합50,2026-04-28,,historical_classification_and_eligibility;corporate_actions_and_adjusted_price_reconciliation,unverified
0135Y0,KR70135Y0002,IBK 중기종합채권(AA-이상)액티브,2025-12-16,,historical_classification_and_eligibility;corporate_actions_and_adjusted_price_reconciliation,unverified
0221V0,KR70221V0000,IBK 초단기채권액티브,2026-07-21,,historical_classification_and_eligibility;corporate_actions_and_adjusted_price_reconciliation,unverified
0191S0,KR70191S0001,IBK 코스닥150,2026-05-19,,historical_classification_and_eligibility;corporate_actions_and_adjusted_price_reconciliation,unverified
0208N0,KR70208N0007,IBK 코스피액티브,2026-06-23,,historical_classification_and_eligibility;corporate_actions_and_adjusted_price_reconciliation,unverified
285000,KR7285000006,KBSTAR 200IT,2017-12-08,2024-06-26,historical_classification_and_eligibility;corporate_actions_and_adjusted_price_reconciliation;last_trading_date;actual_redemption_amount_and_payment_confirmation;redemption_unit_basis;resolve_vendor_price_integrity_flags,unverified
287300,KR7287300008,KBSTAR 200건설,2017-12-22,2024-06-26,historical_classification_and_eligibility;corporate_actions_and_adjusted_price_reconciliation;last_trading_date;actual_redemption_amount_and_payment_confirmation;redemption_unit_basis;resolve_vendor_price_integrity_flags,unverified
287310,KR7287310007,KBSTAR 200경기소비재,2017-12-22,2024-06-26,historical_classification_and_eligibility;corporate_actions_and_adjusted_price_reconciliation;last_trading_date;actual_redemption_amount_and_payment_confirmation;redemption_unit_basis;resolve_vendor_price_integrity_flags,unverified
287320,KR7287320006,KBSTAR 200산업재,2017-12-22,2024-06-26,historical_classification_and_eligibility;corporate_actions_and_adjusted_price_reconciliation;last_trading_date;actual_redemption_amount_and_payment_confirmation;redemption_unit_basis;resolve_vendor_price_integrity_flags,unverified
287330,KR7287330005,KBSTAR 200생활소비재,2017-12-22,2024-06-26,historical_classification_and_eligibility;corporate_actions_and_adjusted_price_reconciliation;last_trading_date;actual_redemption_amount_and_payment_confirmation;redemption_unit_basis;resolve_vendor_price_integrity_flags,unverified
284990,KR7284990009,KBSTAR 200에너지화학,2017-12-08,2024-06-26,historical_classification_and_eligibility;corporate_actions_and_adjusted_price_reconciliation;last_trading_date;actual_redemption_amount_and_payment_confirmation;redemption_unit_basis;resolve_vendor_price_integrity_flags,unverified
285010,KR7285010005,KBSTAR 200중공업,2017-12-08,2024-06-26,historical_classification_and_eligibility;corporate_actions_and_adjusted_price_reconciliation;last_trading_date;actual_redemption_amount_and_payment_confirmation;redemption_unit_basis;resolve_vendor_price_integrity_flags,unverified
285020,KR7285020004,KBSTAR 200철강소재,2017-12-08,2024-06-26,historical_classification_and_eligibility;corporate_actions_and_adjusted_price_reconciliation;last_trading_date;actual_redemption_amount_and_payment_confirmation;redemption_unit_basis;resolve_vendor_price_integrity_flags,unverified
315480,KR7315480004,KBSTAR 200커뮤니케이션서비스,2019-01-15,2024-06-26,historical_classification_and_eligibility;corporate_actions_and_adjusted_price_reconciliation;last_trading_date;actual_redemption_amount_and_payment_confirmation;redemption_unit_basis;resolve_vendor_price_integrity_flags,unverified
448590,KR7448590000,KBSTAR 23-11 회사채(AA-이상)액티브,2022-11-22,2023-11-21,historical_classification_and_eligibility;corporate_actions_and_adjusted_price_reconciliation;last_trading_date;actual_redemption_amount_and_payment_confirmation;redemption_unit_basis;resolve_vendor_price_integrity_flags,unverified
368200,KR7368200002,KBSTAR Fn K-뉴딜디지털플러스,2020-11-10,2024-04-26,historical_classification_and_eligibility;corporate_actions_and_adjusted_price_reconciliation;last_trading_date;actual_redemption_amount_and_payment_confirmation;redemption_unit_basis;resolve_vendor_price_integrity_flags,unverified
300300,KR7300300001,KBSTAR KQ모멘텀로우볼,2018-07-18,2020-08-04,historical_classification_and_eligibility;corporate_actions_and_adjusted_price_reconciliation;last_trading_date;actual_redemption_amount_and_payment_confirmation;redemption_unit_basis;resolve_vendor_price_integrity_flags,unverified
300310,KR7300310000,KBSTAR KQ모멘텀밸류,2018-07-18,2020-08-04,historical_classification_and_eligibility;corporate_actions_and_adjusted_price_reconciliation;last_trading_date;actual_redemption_amount_and_payment_confirmation;redemption_unit_basis;resolve_vendor_price_integrity_flags,unverified
307010,KR7307010009,KBSTAR KRX300레버리지,2018-10-16,2024-04-26,historical_classification_and_eligibility;corporate_actions_and_adjusted_price_reconciliation;last_trading_date;actual_redemption_amount_and_payment_confirmation;redemption_unit_basis;resolve_vendor_price_integrity_flags,unverified
319870,KR7319870002,KBSTAR KRX300미국달러선물혼합,2019-03-19,2024-06-26,historical_classification_and_eligibility;corporate_actions_and_adjusted_price_reconciliation;last_trading_date;actual_redemption_amount_and_payment_confirmation;redemption_unit_basis;resolve_vendor_price_integrity_flags,unverified
307020,KR7307020008,KBSTAR KRX300선물인버스,2018-10-16,2020-12-24,historical_classification_and_eligibility;corporate_actions_and_adjusted_price_reconciliation;last_trading_date;actual_redemption_amount_and_payment_confirmation;redemption_unit_basis;resolve_vendor_price_integrity_flags,unverified
342500,KR7342500006,KBSTAR KRX국채선물3년10년스티프너,2019-12-19,2021-12-20,historical_classification_and_eligibility;corporate_actions_and_adjusted_price_reconciliation;last_trading_date;actual_redemption_amount_and_payment_confirmation;redemption_unit_basis;resolve_vendor_price_integrity_flags,unverified
342600,KR7342600004,KBSTAR KRX국채선물3년10년스티프너2X,2019-12-19,2021-12-20,historical_classification_and_eligibility;corporate_actions_and_adjusted_price_reconciliation;last_trading_date;actual_redemption_amount_and_payment_confirmation;redemption_unit_basis;resolve_vendor_price_integrity_flags,unverified
342610,KR7342610003,KBSTAR KRX국채선물3년10년플래트너,2019-12-19,2021-12-20,historical_classification_and_eligibility;corporate_actions_and_adjusted_price_reconciliation;last_trading_date;actual_redemption_amount_and_payment_confirmation;redemption_unit_basis;resolve_vendor_price_integrity_flags,unverified
342620,KR7342620002,KBSTAR KRX국채선물3년10년플래트너2X,2019-12-19,2021-12-20,historical_classification_and_eligibility;corporate_actions_and_adjusted_price_reconciliation;last_trading_date;actual_redemption_amount_and_payment_confirmation;redemption_unit_basis;resolve_vendor_price_integrity_flags,unverified
403990,KR7403990005,KBSTAR KRX기후변화솔루션,2021-10-29,2024-06-26,historical_classification_and_eligibility;corporate_actions_and_adjusted_price_reconciliation;last_trading_date;actual_redemption_amount_and_payment_confirmation;redemption_unit_basis;resolve_vendor_price_integrity_flags,unverified
123760,KR7123760001,KBSTAR 레버리지,2010-04-09,2016-10-25,historical_classification_and_eligibility;corporate_actions_and_adjusted_price_reconciliation;last_trading_date;actual_redemption_amount_and_payment_confirmation;redemption_unit_basis;resolve_vendor_price_integrity_flags,unverified
252730,KR7252730007,KBSTAR 모멘텀로우볼,2016-10-14,2024-06-26,historical_classification_and_eligibility;corporate_actions_and_adjusted_price_reconciliation;last_trading_date;actual_redemption_amount_and_payment_confirmation;redemption_unit_basis;resolve_vendor_price_integrity_flags,unverified
252720,KR7252720008,KBSTAR 모멘텀밸류,2016-10-14,2024-06-26,historical_classification_and_eligibility;corporate_actions_and_adjusted_price_reconciliation;last_trading_date;actual_redemption_amount_and_payment_confirmation;redemption_unit_basis;resolve_vendor_price_integrity_flags,unverified
267500,KR7267500007,KBSTAR 미국장기국채선물인버스2X(합성 H),2017-04-20,2024-06-26,historical_classification_and_eligibility;corporate_actions_and_adjusted_price_reconciliation;last_trading_date;actual_redemption_amount_and_payment_confirmation;redemption_unit_basis;resolve_vendor_price_integrity_flags,unverified
196220,KR7196220008,KBSTAR 일본TOPIX레버리지(H),2014-06-16,2020-04-27,historical_classification_and_eligibility;corporate_actions_and_adjusted_price_reconciliation;last_trading_date;actual_redemption_amount_and_payment_confirmation;redemption_unit_basis;resolve_vendor_price_integrity_flags,unverified
300280,KR7300280005,KBSTAR 중소형모멘텀로우볼,2018-07-18,2021-05-07,historical_classification_and_eligibility;corporate_actions_and_adjusted_price_reconciliation;last_trading_date;actual_redemption_amount_and_payment_confirmation;redemption_unit_basis;resolve_vendor_price_integrity_flags,unverified
300290,KR7300290004,KBSTAR 중소형모멘텀밸류,2018-07-18,2021-05-07,historical_classification_and_eligibility;corporate_actions_and_adjusted_price_reconciliation;last_trading_date;actual_redemption_amount_and_payment_confirmation;redemption_unit_basis;resolve_vendor_price_integrity_flags,unverified
283930,KR7283930006,KBSTAR 지주회사,2017-11-30,2020-04-27,historical_classification_and_eligibility;corporate_actions_and_adjusted_price_reconciliation;last_trading_date;actual_redemption_amount_and_payment_confirmation;redemption_unit_basis;resolve_vendor_price_integrity_flags,unverified
361590,KR7361590003,KBSTAR 코스피ex200,2020-08-21,2022-04-20,historical_classification_and_eligibility;corporate_actions_and_adjusted_price_reconciliation;last_trading_date;actual_redemption_amount_and_payment_confirmation;redemption_unit_basis;resolve_vendor_price_integrity_flags,unverified
483570,KR7483570008,KCGI 미국S&P500 TOP10,2024-05-28,,historical_classification_and_eligibility;corporate_actions_and_adjusted_price_reconciliation,unverified
407170,KR7407170000,KCGI 스마트커머스액티브,2021-11-16,2025-09-18,historical_classification_and_eligibility;corporate_actions_and_adjusted_price_reconciliation;last_trading_date;actual_redemption_amount_and_payment_confirmation;redemption_unit_basis;resolve_vendor_price_integrity_flags,unverified
407160,KR7407160001,KCGI 테크미디어텔레콤액티브,2021-11-16,2025-09-18,historical_classification_and_eligibility;corporate_actions_and_adjusted_price_reconciliation;last_trading_date;actual_redemption_amount_and_payment_confirmation;redemption_unit_basis;resolve_vendor_price_integrity_flags,unverified
368470,KR7368470001,KINDEX Fn K-뉴딜디지털플러스,2020-11-10,2022-09-16,historical_classification_and_eligibility;corporate_actions_and_adjusted_price_reconciliation;last_trading_date;actual_redemption_amount_and_payment_confirmation;redemption_unit_basis;resolve_vendor_price_integrity_flags,unverified
232590,KR7232590000,KINDEX 골드선물 인버스2X(합성 H),2015-12-03,2019-09-20,historical_classification_and_eligibility;corporate_actions_and_adjusted_price_reconciliation;last_trading_date;actual_redemption_amount_and_payment_confirmation;redemption_unit_basis;resolve_vendor_price_integrity_flags,unverified
211260,KR7211260005,KINDEX 배당성장,2014-12-17,2021-09-27,historical_classification_and_eligibility;corporate_actions_and_adjusted_price_reconciliation;last_trading_date;actual_redemption_amount_and_payment_confirmation;redemption_unit_basis;resolve_vendor_price_integrity_flags,unverified
181450,KR7181450008,KINDEX 선진국하이일드(합성 H),2013-08-01,2016-04-29,historical_classification_and_eligibility;corporate_actions_and_adjusted_price_reconciliation;last_trading_date;actual_redemption_amount_and_payment_confirmation;redemption_unit_basis;resolve_vendor_price_integrity_flags,unverified
105270,KR7105270003,KINDEX 성장대형F15,2008-09-25,2016-04-29,historical_classification_and_eligibility;corporate_actions_and_adjusted_price_reconciliation;last_trading_date;actual_redemption_amount_and_payment_confirmation;redemption_unit_basis;resolve_vendor_price_integrity_flags,unverified
227930,KR7227930005,KINDEX 코스닥 150,2015-10-01,2017-04-26,historical_classification_and_eligibility;corporate_actions_and_adjusted_price_reconciliation;last_trading_date;actual_redemption_amount_and_payment_confirmation;redemption_unit_basis;resolve_vendor_price_integrity_flags,unverified
234790,KR7234790004,KINDEX 코스닥150 레버리지,2015-12-17,2017-04-26,historical_classification_and_eligibility;corporate_actions_and_adjusted_price_reconciliation;last_trading_date;actual_redemption_amount_and_payment_confirmation;redemption_unit_basis;resolve_vendor_price_integrity_flags,unverified
108440,KR7108440009,KINDEX 코스닥스타,2009-01-22,2016-04-29,historical_classification_and_eligibility;corporate_actions_and_adjusted_price_reconciliation;last_trading_date;actual_redemption_amount_and_payment_confirmation;redemption_unit_basis;resolve_vendor_price_integrity_flags,unverified
069660,KR7069660009,KIWOOM 200,2002-10-14,,historical_classification_and_eligibility;corporate_actions_and_adjusted_price_reconciliation,unverified
294400,KR7294400007,KIWOOM 200TR,2018-04-23,,historical_classification_and_eligibility;corporate_actions_and_adjusted_price_reconciliation,unverified
253250,KR7253250005,KIWOOM 200선물레버리지,2016-09-12,,historical_classification_and_eligibility;corporate_actions_and_adjusted_price_reconciliation,unverified
253240,KR7253240006,KIWOOM 200선물인버스,2016-09-12,,historical_classification_and_eligibility;corporate_actions_and_adjusted_price_reconciliation,unverified
253230,KR7253230007,KIWOOM 200선물인버스2X,2016-09-22,,historical_classification_and_eligibility;corporate_actions_and_adjusted_price_reconciliation,unverified
467620,KR7467620001,KIWOOM 25-09 미국채권(AA-이상)액티브,2023-10-17,2025-09-26,historical_classification_and_eligibility;corporate_actions_and_adjusted_price_reconciliation;last_trading_date;actual_redemption_amount_and_payment_confirmation;redemption_unit_basis;resolve_vendor_price_integrity_flags,unverified
489870,KR7489870006,KIWOOM 25-09 회사채(AA-이상)액티브,2024-09-24,2025-09-26,historical_classification_and_eligibility;corporate_actions_and_adjusted_price_reconciliation;last_trading_date;actual_redemption_amount_and_payment_confirmation;redemption_unit_basis;resolve_vendor_price_integrity_flags,unverified
464240,KR7464240001,KIWOOM 26-09회사채(AA-이상)액티브,2023-08-17,,historical_classification_and_eligibility;corporate_actions_and_adjusted_price_reconciliation,unverified
458210,KR7458210002,KIWOOM CD금리액티브(합성),2023-05-23,,historical_classification_and_eligibility;corporate_actions_and_adjusted_price_reconciliation,unverified
460280,KR7460280001,KIWOOM Fn유전자혁신기술,2023-06-27,2026-03-26,historical_classification_and_eligibility;corporate_actions_and_adjusted_price_reconciliation;last_trading_date;actual_redemption_amount_and_payment_confirmation;redemption_unit_basis;resolve_vendor_price_integrity_flags,unverified
488200,KR7488200007,KIWOOM K-2차전지북미공급망,2024-07-23,,historical_classification_and_eligibility;corporate_actions_and_adjusted_price_reconciliation,unverified
488210,KR7488210006,KIWOOM K-반도체북미공급망,2024-07-23,,historical_classification_and_eligibility;corporate_actions_and_adjusted_price_reconciliation,unverified
100910,KR7100910009,KIWOOM KRX100,2008-01-23,,historical_classification_and_eligibility;corporate_actions_and_adjusted_price_reconciliation,unverified
450120,KR7450120001,KIWOOM SK그룹대표주,2022-12-23,2025-06-04,historical_classification_and_eligibility;corporate_actions_and_adjusted_price_reconciliation;last_trading_date;actual_redemption_amount_and_payment_confirmation;redemption_unit_basis;resolve_vendor_price_integrity_flags,unverified
0194R0,KR70194R0009,KIWOOM SK하이닉스선물단일종목레버리지,2026-05-27,,historical_classification_and_eligibility;corporate_actions_and_adjusted_price_reconciliation,unverified
435530,KR7435530001,KIWOOM TDF2030액티브 적격,2022-06-30,,historical_classification_and_eligibility;corporate_actions_and_adjusted_price_reconciliation,unverified
435540,KR7435540000,KIWOOM TDF2040액티브 적격,2022-06-30,,historical_classification_and_eligibility;corporate_actions_and_adjusted_price_reconciliation,unverified
435550,KR7435550009,KIWOOM TDF2050액티브 적격,2022-06-30,,historical_classification_and_eligibility;corporate_actions_and_adjusted_price_reconciliation,unverified
148070,KR7148070006,KIWOOM 국고채10년,2011-10-20,,historical_classification_and_eligibility;corporate_actions_and_adjusted_price_reconciliation,unverified
167860,KR7167860006,KIWOOM 국고채10년레버리지,2012-10-30,,historical_classification_and_eligibility;corporate_actions_and_adjusted_price_reconciliation,unverified
471460,KR7471460006,KIWOOM 국고채30년액티브,2023-11-07,,historical_classification_and_eligibility;corporate_actions_and_adjusted_price_reconciliation,unverified
114470,KR7114470008,KIWOOM 국고채3년,2009-07-31,,historical_classification_and_eligibility;corporate_actions_and_adjusted_price_reconciliation,unverified
473490,KR7473490001,KIWOOM 글로벌AI반도체,2023-12-21,,historical_classification_and_eligibility;corporate_actions_and_adjusted_price_reconciliation,unverified
437550,KR7437550007,KIWOOM 글로벌리츠이지스액티브,2022-07-29,2025-06-04,historical_classification_and_eligibility;corporate_actions_and_adjusted_price_reconciliation;last_trading_date;actual_redemption_amount_and_payment_confirmation;redemption_unit_basis;resolve_vendor_price_integrity_flags,unverified
489860,KR7489860007,KIWOOM 글로벌전력GRID인프라,2024-08-27,,historical_classification_and_eligibility;corporate_actions_and_adjusted_price_reconciliation,unverified
473500,KR7473500007,KIWOOM 글로벌전력반도체,2023-12-21,2025-06-04,historical_classification_and_eligibility;corporate_actions_and_adjusted_price_reconciliation;last_trading_date;actual_redemption_amount_and_payment_confirmation;redemption_unit_basis;resolve_vendor_price_integrity_flags,unverified
394350,KR7394350003,KIWOOM 글로벌퓨처모빌리티,2021-07-20,2026-03-26,historical_classification_and_eligibility;corporate_actions_and_adjusted_price_reconciliation;last_trading_date;actual_redemption_amount_and_payment_confirmation;redemption_unit_basis;resolve_vendor_price_integrity_flags,unverified
130730,KR7130730005,KIWOOM 단기자금,2010-07-29,,historical_classification_and_eligibility;corporate_actions_and_adjusted_price_reconciliation,unverified
419890,KR7419890009,KIWOOM 단기채권ESG액티브,2022-03-03,,historical_classification_and_eligibility;corporate_actions_and_adjusted_price_reconciliation,unverified
411860,KR7411860000,KIWOOM 독일DAX,2021-12-22,,historical_classification_and_eligibility;corporate_actions_and_adjusted_price_reconciliation,unverified
429870,KR7429870009,KIWOOM 리츠이지스액티브,2022-05-24,2025-06-04,historical_classification_and_eligibility;corporate_actions_and_adjusted_price_reconciliation;last_trading_date;actual_redemption_amount_and_payment_confirmation;redemption_unit_basis;resolve_vendor_price_integrity_flags,unverified
476450,KR7476450002,KIWOOM 머니마켓액티브,2024-02-29,,historical_classification_and_eligibility;corporate_actions_and_adjusted_price_reconciliation,unverified
430500,KR7430500009,KIWOOM 물가채KIS,2022-05-31,,historical_classification_and_eligibility;corporate_actions_and_adjusted_price_reconciliation,unverified
0190M0,KR70190M0008,KIWOOM 미국AI테크하이베타,2026-05-12,,historical_classification_and_eligibility;corporate_actions_and_adjusted_price_reconciliation,unverified
0224D0,KR70224D0009,KIWOOM 미국CPU반도체TOP4+,2026-07-28,,historical_classification_and_eligibility;corporate_actions_and_adjusted_price_reconciliation,unverified
426330,KR7426330007,KIWOOM 미국ETF산업STOXX,2022-04-26,2026-03-26,historical_classification_and_eligibility;corporate_actions_and_adjusted_price_reconciliation;last_trading_date;actual_redemption_amount_and_payment_confirmation;redemption_unit_basis;resolve_vendor_price_integrity_flags,unverified
449770,KR7449770007,KIWOOM 미국S&P500,2022-12-20,,historical_classification_and_eligibility;corporate_actions_and_adjusted_price_reconciliation,unverified
0127V0,KR70127V0005,KIWOOM 미국S&P500 TOP10&배당다우비중전환,2025-11-11,,historical_classification_and_eligibility;corporate_actions_and_adjusted_price_reconciliation,unverified
0137W0,KR70137W0002,KIWOOM 미국S&P500&GOLD,2025-12-09,,historical_classification_and_eligibility;corporate_actions_and_adjusted_price_reconciliation,unverified
0127T0,KR70127T0009,KIWOOM 미국S&P500&배당다우존스비중전환,2025-11-11,,historical_classification_and_eligibility;corporate_actions_and_adjusted_price_reconciliation,unverified
449780,KR7449780006,KIWOOM 미국S&P500(H),2022-12-20,,historical_classification_and_eligibility;corporate_actions_and_adjusted_price_reconciliation,unverified
0137V0,KR70137V0003,KIWOOM 미국S&P500모멘텀,2025-12-09,,historical_classification_and_eligibility;corporate_actions_and_adjusted_price_reconciliation,unverified
0107F0,KR70107F0009,KIWOOM 미국고배당&AI테크,2025-09-23,,historical_classification_and_eligibility;corporate_actions_and_adjusted_price_reconciliation,unverified
453080,KR7453080004,KIWOOM 미국나스닥100(H),2023-03-14,,historical_classification_and_eligibility;corporate_actions_and_adjusted_price_reconciliation,unverified
460270,KR7460270002,KIWOOM 미국달러SOFR금리액티브(합성),2023-06-20,,historical_classification_and_eligibility;corporate_actions_and_adjusted_price_reconciliation,unverified
138230,KR7138230008,KIWOOM 미국달러선물,2011-02-24,,historical_classification_and_eligibility;corporate_actions_and_adjusted_price_reconciliation,unverified
225800,KR7225800002,KIWOOM 미국달러선물레버리지,2015-08-10,,historical_classification_and_eligibility;corporate_actions_and_adjusted_price_reconciliation,unverified
139660,KR7139660005,KIWOOM 미국달러선물인버스,2011-04-01,,historical_classification_and_eligibility;corporate_actions_and_adjusted_price_reconciliation,unverified
230480,KR7230480006,KIWOOM 미국달러선물인버스2X,2015-11-16,,historical_classification_and_eligibility;corporate_actions_and_adjusted_price_reconciliation,unverified
0084E0,KR70084E0007,KIWOOM 미국대형주500월간목표헤지액티브,2025-10-21,,historical_classification_and_eligibility;corporate_actions_and_adjusted_price_reconciliation,unverified
373790,KR7373790005,KIWOOM 미국방어배당성장나스닥,2020-12-24,,historical_classification_and_eligibility;corporate_actions_and_adjusted_price_reconciliation,unverified
483030,KR7483030003,KIWOOM 미국블록버스터바이오테크의약품+,2024-05-28,,historical_classification_and_eligibility;corporate_actions_and_adjusted_price_reconciliation,unverified
459790,KR7459790002,KIWOOM 미국성장기업30액티브,2023-06-27,,historical_classification_and_eligibility;corporate_actions_and_adjusted_price_reconciliation,unverified
0174R0,KR70174R0003,KIWOOM 미국성장다우존스,2026-03-31,,historical_classification_and_eligibility;corporate_actions_and_adjusted_price_reconciliation,unverified
498270,KR7498270008,KIWOOM 미국양자컴퓨팅,2024-12-17,,historical_classification_and_eligibility;corporate_actions_and_adjusted_price_reconciliation,unverified
0207Z0,KR70207Z0004,KIWOOM 미국우주데이터센터인프라,2026-06-16,,historical_classification_and_eligibility;corporate_actions_and_adjusted_price_reconciliation,unverified
0216K0,KR70216K0000,KIWOOM 미국우주테크TOP2채권혼합50,2026-07-07,,historical_classification_and_eligibility;corporate_actions_and_adjusted_price_reconciliation,unverified
474800,KR7474800000,KIWOOM 미국원유에너지기업,2024-01-16,,historical_classification_and_eligibility;corporate_actions_and_adjusted_price_reconciliation,unverified
0084D0,KR70084D0008,KIWOOM 미국테크100월간목표헤지액티브,2025-07-22,,historical_classification_and_eligibility;corporate_actions_and_adjusted_price_reconciliation,unverified
104520,KR7104520002,KIWOOM 블루칩,2008-07-29,,historical_classification_and_eligibility;corporate_actions_and_adjusted_price_reconciliation,unverified
0234N0,KR70234N0005,KIWOOM 삼성SK그룹TOP4+,2026-09-01,,historical_classification_and_eligibility;corporate_actions_and_adjusted_price_reconciliation,unverified
0183V0,KR70183V0006,KIWOOM 삼성전자&SK하이닉스채권혼합50,2026-04-21,,historical_classification_and_eligibility;corporate_actions_and_adjusted_price_reconciliation,unverified
0194N0,KR70194N0003,KIWOOM 삼성전자선물단일종목레버리지,2026-05-27,,historical_classification_and_eligibility;corporate_actions_and_adjusted_price_reconciliation,unverified
0015E0,KR70015E0001,KIWOOM 엔비디아미국30년국채혼합액티브(H),2025-02-11,,historical_classification_and_eligibility;corporate_actions_and_adjusted_price_reconciliation,unverified
483020,KR7483020004,KIWOOM 의료AI,2024-05-28,,historical_classification_and_eligibility;corporate_actions_and_adjusted_price_reconciliation,unverified
200250,KR7200250009,KIWOOM 인도Nifty50(합성),2014-06-26,,historical_classification_and_eligibility;corporate_actions_and_adjusted_price_reconciliation,unverified
454780,KR7454780008,KIWOOM 종합채권(AA-이상)액티브,2023-04-11,,historical_classification_and_eligibility;corporate_actions_and_adjusted_price_reconciliation,unverified
441330,KR7441330008,KIWOOM 차이나A50커넥트MSCI,2022-09-20,2026-03-26,historical_classification_and_eligibility;corporate_actions_and_adjusted_price_reconciliation;last_trading_date;actual_redemption_amount_and_payment_confirmation;redemption_unit_basis;resolve_vendor_price_integrity_flags,unverified
454180,KR7454180001,KIWOOM 차이나내수소비TOP CSI,2023-04-04,,historical_classification_and_eligibility;corporate_actions_and_adjusted_price_reconciliation,unverified
104530,KR7104530001,KIWOOM 코리아고배당,2008-07-29,,historical_classification_and_eligibility;corporate_actions_and_adjusted_price_reconciliation,unverified
496090,KR7496090002,KIWOOM 코리아밸류업,2024-11-04,,historical_classification_and_eligibility;corporate_actions_and_adjusted_price_reconciliation,unverified
469790,KR7469790000,KIWOOM 코리아테크TOP10,2023-10-31,,historical_classification_and_eligibility;corporate_actions_and_adjusted_price_reconciliation,unverified
316670,KR7316670009,KIWOOM 코스닥150,2019-01-22,,historical_classification_and_eligibility;corporate_actions_and_adjusted_price_reconciliation,unverified
291630,KR7291630002,KIWOOM 코스닥150선물레버리지,2018-03-16,,historical_classification_and_eligibility;corporate_actions_and_adjusted_price_reconciliation,unverified
291620,KR7291620003,KIWOOM 코스닥150선물인버스,2018-03-16,,historical_classification_and_eligibility;corporate_actions_and_adjusted_price_reconciliation,unverified
0198A0,KR70198A0004,KIWOOM 코스닥150커버드콜액티브,2026-06-30,,historical_classification_and_eligibility;corporate_actions_and_adjusted_price_reconciliation,unverified
467540,KR7467540001,KIWOOM 코스닥글로벌,2023-10-24,2025-06-04,historical_classification_and_eligibility;corporate_actions_and_adjusted_price_reconciliation;last_trading_date;actual_redemption_amount_and_payment_confirmation;redemption_unit_basis;resolve_vendor_price_integrity_flags,unverified
153270,KR7153270004,KIWOOM 코스피100,2012-02-28,,historical_classification_and_eligibility;corporate_actions_and_adjusted_price_reconciliation,unverified
122260,KR7122260003,KIWOOM 통안채1년,2010-01-14,,historical_classification_and_eligibility;corporate_actions_and_adjusted_price_reconciliation,unverified
0015F0,KR70015F0000,KIWOOM 팔란티어미국30년국채혼합액티브(H),2025-02-11,,historical_classification_and_eligibility;corporate_actions_and_adjusted_price_reconciliation,unverified
0097L0,KR70097L0003,KIWOOM 한국고배당&미국AI테크,2025-09-02,,historical_classification_and_eligibility;corporate_actions_and_adjusted_price_reconciliation,unverified
0220A0,KR70220A0006,KIWOOM 현대차그룹TOP3채권혼합50,2026-07-14,,historical_classification_and_eligibility;corporate_actions_and_adjusted_price_reconciliation,unverified
105450,KR7105450001,KODEX 15,2008-09-25,2010-04-14,historical_classification_and_eligibility;corporate_actions_and_adjusted_price_reconciliation;last_trading_date;actual_redemption_amount_and_payment_confirmation;redemption_unit_basis;resolve_vendor_price_integrity_flags,unverified
069500,KR7069500007,KODEX 200,2002-10-14,,historical_classification_and_eligibility;corporate_actions_and_adjusted_price_reconciliation,unverified
226980,KR7226980001,KODEX 200 중소형,2015-09-01,,historical_classification_and_eligibility;corporate_actions_and_adjusted_price_reconciliation,unverified
337160,KR7337160006,KODEX 200ESG,2019-11-14,,historical_classification_and_eligibility;corporate_actions_and_adjusted_price_reconciliation,unverified
363580,KR7363580002,KODEX 200IT TR,2020-09-25,,historical_classification_and_eligibility;corporate_actions_and_adjusted_price_reconciliation,unverified
278530,KR7278530001,KODEX 200TR,2017-11-21,,historical_classification_and_eligibility;corporate_actions_and_adjusted_price_reconciliation,unverified
337150,KR7337150007,KODEX 200exTOP,2019-11-14,,historical_classification_and_eligibility;corporate_actions_and_adjusted_price_reconciliation,unverified
223190,KR7223190000,KODEX 200가치저변동,2015-06-26,,historical_classification_and_eligibility;corporate_actions_and_adjusted_price_reconciliation,unverified
252650,KR7252650007,KODEX 200동일가중,2016-09-20,,historical_classification_and_eligibility;corporate_actions_and_adjusted_price_reconciliation,unverified
360140,KR7360140008,KODEX 200롱코스닥150숏선물,2020-08-21,,historical_classification_and_eligibility;corporate_actions_and_adjusted_price_reconciliation,unverified
284430,KR7284430006,KODEX 200미국채혼합50,2017-11-30,,historical_classification_and_eligibility;corporate_actions_and_adjusted_price_reconciliation,unverified
252670,KR7252670005,KODEX 200선물인버스2X,2016-09-22,,historical_classification_and_eligibility;corporate_actions_and_adjusted_price_reconciliation,unverified
494890,KR7494890007,KODEX 200액티브,2024-10-29,,historical_classification_and_eligibility;corporate_actions_and_adjusted_price_reconciliation,unverified
0219E0,KR70219E0005,KODEX 200커버드콜액티브,2026-07-14,,historical_classification_and_eligibility;corporate_actions_and_adjusted_price_reconciliation,unverified
498400,KR7498400001,KODEX 200타겟위클리커버드콜,2024-12-03,,historical_classification_and_eligibility;corporate_actions_and_adjusted_price_reconciliation,unverified
448310,KR7448310003,KODEX 23-12 국고채액티브,2022-11-22,2023-12-07,historical_classification_and_eligibility;corporate_actions_and_adjusted_price_reconciliation;last_trading_date;actual_redemption_amount_and_payment_confirmation;redemption_unit_basis;resolve_vendor_price_integrity_flags,unverified
448320,KR7448320002,KODEX 23-12 은행채(AA+이상)액티브,2022-11-22,2023-12-07,historical_classification_and_eligibility;corporate_actions_and_adjusted_price_reconciliation;last_trading_date;actual_redemption_amount_and_payment_confirmation;redemption_unit_basis;resolve_vendor_price_integrity_flags,unverified
465680,KR7465680007,KODEX 24-12 은행채(AA+이상)액티브,2023-09-12,2024-12-06,historical_classification_and_eligibility;corporate_actions_and_adjusted_price_reconciliation;last_trading_date;actual_redemption_amount_and_payment_confirmation;redemption_unit_basis;resolve_vendor_price_integrity_flags,unverified
476810,KR7476810007,KODEX 25-11 은행채(AA-이상)PLUS액티브,2024-03-05,2025-11-19,historical_classification_and_eligibility;corporate_actions_and_adjusted_price_reconciliation;last_trading_date;actual_redemption_amount_and_payment_confirmation;redemption_unit_basis;resolve_vendor_price_integrity_flags,unverified
467940,KR7467940003,KODEX 25-11 회사채(A+이상)액티브,2023-10-11,2025-11-14,historical_classification_and_eligibility;corporate_actions_and_adjusted_price_reconciliation;last_trading_date;actual_redemption_amount_and_payment_confirmation;redemption_unit_basis;resolve_vendor_price_integrity_flags,unverified
491080,KR7491080008,KODEX 25-12 은행채(AAA)액티브,2024-09-10,2025-12-08,historical_classification_and_eligibility;corporate_actions_and_adjusted_price_reconciliation;last_trading_date;actual_redemption_amount_and_payment_confirmation;redemption_unit_basis;resolve_vendor_price_integrity_flags,unverified
0117L0,KR70117L0009,KODEX 26-12 금융채(AA-이상)액티브,2025-10-28,,historical_classification_and_eligibility;corporate_actions_and_adjusted_price_reconciliation,unverified
473290,KR7473290005,KODEX 26-12 회사채(AA-이상)액티브,2023-12-12,,historical_classification_and_eligibility;corporate_actions_and_adjusted_price_reconciliation,unverified
0007F0,KR70007F0000,KODEX 27-12 회사채(AA-이상)액티브,2025-01-14,,historical_classification_and_eligibility;corporate_actions_and_adjusted_price_reconciliation,unverified
0119H0,KR70119H0003,KODEX 28-12 회사채(AA-이상)액티브,2025-11-04,,historical_classification_and_eligibility;corporate_actions_and_adjusted_price_reconciliation,unverified
305720,KR7305720005,KODEX 2차전지산업,2018-09-12,,historical_classification_and_eligibility;corporate_actions_and_adjusted_price_reconciliation,unverified
462330,KR7462330002,KODEX 2차전지산업레버리지,2023-07-04,,historical_classification_and_eligibility;corporate_actions_and_adjusted_price_reconciliation,unverified
461950,KR7461950008,KODEX 2차전지핵심소재10,2023-07-04,,historical_classification_and_eligibility;corporate_actions_and_adjusted_price_reconciliation,unverified
457690,KR7457690006,KODEX 33-06 국고채액티브,2023-05-31,,historical_classification_and_eligibility;corporate_actions_and_adjusted_price_reconciliation,unverified
271060,KR7271060006,KODEX 3대농산물선물(H),2017-06-13,,historical_classification_and_eligibility;corporate_actions_and_adjusted_price_reconciliation,unverified
457700,KR7457700003,KODEX 53-09 국고채액티브,2023-05-31,,historical_classification_and_eligibility;corporate_actions_and_adjusted_price_reconciliation,unverified
395160,KR7395160005,KODEX AI반도체TOP2플러스,2021-07-30,,historical_classification_and_eligibility;corporate_actions_and_adjusted_price_reconciliation,unverified
471990,KR7471990002,KODEX AI반도체핵심장비,2023-11-21,,historical_classification_and_eligibility;corporate_actions_and_adjusted_price_reconciliation,unverified
487240,KR7487240004,KODEX AI전력핵심설비,2024-07-09,,historical_classification_and_eligibility;corporate_actions_and_adjusted_price_reconciliation,unverified
104580,KR7104580006,KODEX Brazil,2008-07-28,2015-02-23,historical_classification_and_eligibility;corporate_actions_and_adjusted_price_reconciliation;last_trading_date;actual_redemption_amount_and_payment_confirmation;redemption_unit_basis;resolve_vendor_price_integrity_flags,unverified
481050,KR7481050003,KODEX CD1년금리플러스액티브(합성),2024-04-23,,historical_classification_and_eligibility;corporate_actions_and_adjusted_price_reconciliation,unverified
459580,KR7459580007,KODEX CD금리액티브(합성),2023-06-08,,historical_classification_and_eligibility;corporate_actions_and_adjusted_price_reconciliation,unverified
291660,KR7291660009,KODEX China H선물인버스(H),2018-03-16,2021-08-13,historical_classification_and_eligibility;corporate_actions_and_adjusted_price_reconciliation;last_trading_date;actual_redemption_amount_and_payment_confirmation;redemption_unit_basis;resolve_vendor_price_integrity_flags,unverified
439860,KR7439860008,KODEX ESG종합채권(A-이상)액티브,2022-08-23,,historical_classification_and_eligibility;corporate_actions_and_adjusted_price_reconciliation,unverified
296710,KR7296710007,KODEX FnKorea50,2018-06-08,2021-08-13,historical_classification_and_eligibility;corporate_actions_and_adjusted_price_reconciliation;last_trading_date;actual_redemption_amount_and_payment_confirmation;redemption_unit_basis;resolve_vendor_price_integrity_flags,unverified
266370,KR7266370006,KODEX IT,2017-03-28,,historical_classification_and_eligibility;corporate_actions_and_adjusted_price_reconciliation,unverified
368680,KR7368680005,KODEX K-뉴딜디지털플러스,2020-11-10,,historical_classification_and_eligibility;corporate_actions_and_adjusted_price_reconciliation,unverified
423160,KR7423160001,KODEX KOFR금리액티브(합성),2022-04-26,,historical_classification_and_eligibility;corporate_actions_and_adjusted_price_reconciliation,unverified
292190,KR7292190006,KODEX KRX300,2018-03-26,,historical_classification_and_eligibility;corporate_actions_and_adjusted_price_reconciliation,unverified
306950,KR7306950007,KODEX KRX300레버리지,2018-10-16,,historical_classification_and_eligibility;corporate_actions_and_adjusted_price_reconciliation,unverified
306960,KR7306960006,KODEX KRX300선물인버스,2018-10-16,2020-09-28,historical_classification_and_eligibility;corporate_actions_and_adjusted_price_reconciliation;last_trading_date;actual_redemption_amount_and_payment_confirmation;redemption_unit_basis;resolve_vendor_price_integrity_flags,unverified
229720,KR7229720008,KODEX KTOP30,2015-10-14,,historical_classification_and_eligibility;corporate_actions_and_adjusted_price_reconciliation,unverified
266360,KR7266360007,KODEX K콘텐츠,2017-03-28,,historical_classification_and_eligibility;corporate_actions_and_adjusted_price_reconciliation,unverified
291890,KR7291890002,KODEX MSCI EM선물(H),2018-03-23,,historical_classification_and_eligibility;corporate_actions_and_adjusted_price_reconciliation,unverified
289040,KR7289040008,KODEX MSCI KOREA ESG유니버설,2018-02-07,,historical_classification_and_eligibility;corporate_actions_and_adjusted_price_reconciliation,unverified
156080,KR7156080004,KODEX MSCI Korea,2012-04-30,,historical_classification_and_eligibility;corporate_actions_and_adjusted_price_reconciliation,unverified
278540,KR7278540000,KODEX MSCI Korea TR,2017-11-09,,historical_classification_and_eligibility;corporate_actions_and_adjusted_price_reconciliation,unverified
251350,KR7251350005,KODEX MSCI선진국,2016-08-17,,historical_classification_and_eligibility;corporate_actions_and_adjusted_price_reconciliation,unverified
269420,KR7269420006,KODEX S&P글로벌인프라(합성),2017-05-16,,historical_classification_and_eligibility;corporate_actions_and_adjusted_price_reconciliation,unverified
0193T0,KR70193T0008,KODEX SK하이닉스단일종목레버리지,2026-05-27,,historical_classification_and_eligibility;corporate_actions_and_adjusted_price_reconciliation,unverified
433970,KR7433970001,KODEX TDF2030액티브 적격,2022-06-30,,historical_classification_and_eligibility;corporate_actions_and_adjusted_price_reconciliation,unverified
433980,KR7433980000,KODEX TDF2040액티브 적격,2022-06-30,,historical_classification_and_eligibility;corporate_actions_and_adjusted_price_reconciliation,unverified
434060,KR7434060000,KODEX TDF2050액티브 적격,2022-06-30,,historical_classification_and_eligibility;corporate_actions_and_adjusted_price_reconciliation,unverified
0082V0,KR70082V0008,KODEX TDF2060액티브 적격,2025-07-22,,historical_classification_and_eligibility;corporate_actions_and_adjusted_price_reconciliation,unverified
329650,KR7329650006,KODEX TRF3070,2019-07-04,,historical_classification_and_eligibility;corporate_actions_and_adjusted_price_reconciliation,unverified
329660,KR7329660005,KODEX TRF5050,2019-07-04,,historical_classification_and_eligibility;corporate_actions_and_adjusted_price_reconciliation,unverified
329670,KR7329670004,KODEX TRF7030,2019-07-04,,historical_classification_and_eligibility;corporate_actions_and_adjusted_price_reconciliation,unverified
395170,KR7395170004,KODEX Top10동일가중,2021-07-30,,historical_classification_and_eligibility;corporate_actions_and_adjusted_price_reconciliation,unverified
315930,KR7315930008,KODEX Top5PlusTR,2019-01-22,,historical_classification_and_eligibility;corporate_actions_and_adjusted_price_reconciliation,unverified
261220,KR7261220008,KODEX WTI원유선물(H),2016-12-27,,historical_classification_and_eligibility;corporate_actions_and_adjusted_price_reconciliation,unverified
271050,KR7271050007,KODEX WTI원유선물인버스(H),2017-06-13,,historical_classification_and_eligibility;corporate_actions_and_adjusted_price_reconciliation,unverified
468370,KR7468370002,KODEX iShares미국인플레이션국채액티브,2023-10-19,,historical_classification_and_eligibility;corporate_actions_and_adjusted_price_reconciliation,unverified
468630,KR7468630009,KODEX iShares미국투자등급회사채액티브,2023-10-19,,historical_classification_and_eligibility;corporate_actions_and_adjusted_price_reconciliation,unverified
468380,KR7468380001,KODEX iShares미국하이일드액티브,2023-10-19,,historical_classification_and_eligibility;corporate_actions_and_adjusted_price_reconciliation,unverified
275290,KR7275290005,KODEX 가치주,2017-07-11,,historical_classification_and_eligibility;corporate_actions_and_adjusted_price_reconciliation,unverified
247780,KR7247780000,KODEX 가치투자,2016-06-24,2020-09-28,historical_classification_and_eligibility;corporate_actions_and_adjusted_price_reconciliation;last_trading_date;actual_redemption_amount_and_payment_confirmation;redemption_unit_basis;resolve_vendor_price_integrity_flags,unverified
117700,KR7117700005,KODEX 건설,2009-10-30,,historical_classification_and_eligibility;corporate_actions_and_adjusted_price_reconciliation,unverified
300950,KR7300950003,KODEX 게임산업,2018-07-24,,historical_classification_and_eligibility;corporate_actions_and_adjusted_price_reconciliation,unverified
266390,KR7266390004,KODEX 경기소비재,2017-03-28,,historical_classification_and_eligibility;corporate_actions_and_adjusted_price_reconciliation,unverified
279530,KR7279530000,KODEX 고배당주,2017-10-17,,historical_classification_and_eligibility;corporate_actions_and_adjusted_price_reconciliation,unverified
132030,KR7132030008,KODEX 골드선물(H),2010-10-01,,historical_classification_and_eligibility;corporate_actions_and_adjusted_price_reconciliation,unverified
280940,KR7280940008,KODEX 골드선물인버스(H),2017-11-09,,historical_classification_and_eligibility;corporate_actions_and_adjusted_price_reconciliation,unverified
138910,KR7138910005,KODEX 구리선물(H),2011-03-15,,historical_classification_and_eligibility;corporate_actions_and_adjusted_price_reconciliation,unverified
471230,KR7471230003,KODEX 국고채10년액티브,2023-11-14,,historical_classification_and_eligibility;corporate_actions_and_adjusted_price_reconciliation,unverified
439870,KR7439870007,KODEX 국고채30년액티브,2022-08-23,,historical_classification_and_eligibility;corporate_actions_and_adjusted_price_reconciliation,unverified
114260,KR7114260003,KODEX 국고채3년,2009-07-29,,historical_classification_and_eligibility;corporate_actions_and_adjusted_price_reconciliation,unverified
152380,KR7152380002,KODEX 국채선물10년,2012-01-20,,historical_classification_and_eligibility;corporate_actions_and_adjusted_price_reconciliation,unverified
176950,KR7176950004,KODEX 국채선물10년인버스,2013-05-31,,historical_classification_and_eligibility;corporate_actions_and_adjusted_price_reconciliation,unverified
292770,KR7292770005,KODEX 국채선물3년인버스,2018-04-13,,historical_classification_and_eligibility;corporate_actions_and_adjusted_price_reconciliation,unverified
276990,KR7276990009,KODEX 글로벌로봇(합성),2017-08-17,,historical_classification_and_eligibility;corporate_actions_and_adjusted_price_reconciliation,unverified
476070,KR7476070008,KODEX 글로벌비만치료제TOP2 Plus,2024-02-14,,historical_classification_and_eligibility;corporate_actions_and_adjusted_price_reconciliation,unverified
0064K0,KR70064K0003,KODEX 금액티브,2025-06-17,,historical_classification_and_eligibility;corporate_actions_and_adjusted_price_reconciliation,unverified
0089D0,KR70089D0003,KODEX 금융고배당TOP10,2025-08-12,,historical_classification_and_eligibility;corporate_actions_and_adjusted_price_reconciliation,unverified
498410,KR7498410000,KODEX 금융고배당TOP10타겟위클리커버드콜,2024-12-17,,historical_classification_and_eligibility;corporate_actions_and_adjusted_price_reconciliation,unverified
0162M0,KR70162M0002,KODEX 금융채1~2년(AA-이상)PLUS액티브,2026-02-26,,historical_classification_and_eligibility;corporate_actions_and_adjusted_price_reconciliation,unverified
102960,KR7102960002,KODEX 기계장비,2008-05-29,,historical_classification_and_eligibility;corporate_actions_and_adjusted_price_reconciliation,unverified
404260,KR7404260002,KODEX 기후변화솔루션,2021-10-29,,historical_classification_and_eligibility;corporate_actions_and_adjusted_price_reconciliation,unverified
273140,KR7273140004,KODEX 단기변동금리부채권액티브,2017-06-29,,historical_classification_and_eligibility;corporate_actions_and_adjusted_price_reconciliation,unverified
153130,KR7153130000,KODEX 단기채권,2012-02-22,,historical_classification_and_eligibility;corporate_actions_and_adjusted_price_reconciliation,unverified
214980,KR7214980005,KODEX 단기채권PLUS,2015-03-03,,historical_classification_and_eligibility;corporate_actions_and_adjusted_price_reconciliation,unverified
487950,KR7487950008,KODEX 대만테크고배당다우존스,2024-07-23,,historical_classification_and_eligibility;corporate_actions_and_adjusted_price_reconciliation,unverified
200050,KR7200050003,KODEX 독일MSCI(합성),2014-06-12,2018-09-27,historical_classification_and_eligibility;corporate_actions_and_adjusted_price_reconciliation;last_trading_date;actual_redemption_amount_and_payment_confirmation;redemption_unit_basis;resolve_vendor_price_integrity_flags,unverified
122630,KR7122630007,KODEX 레버리지,2010-02-22,,historical_classification_and_eligibility;corporate_actions_and_adjusted_price_reconciliation,unverified
445290,KR7445290000,KODEX 로봇액티브,2022-11-15,,historical_classification_and_eligibility;corporate_actions_and_adjusted_price_reconciliation,unverified
488770,KR7488770009,KODEX 머니마켓액티브,2024-08-06,,historical_classification_and_eligibility;corporate_actions_and_adjusted_price_reconciliation,unverified
321410,KR7321410003,KODEX 멀티에셋하이인컴(H),2019-06-05,,historical_classification_and_eligibility;corporate_actions_and_adjusted_price_reconciliation,unverified
337120,KR7337120000,KODEX 멀티팩터,2019-11-14,,historical_classification_and_eligibility;corporate_actions_and_adjusted_price_reconciliation,unverified
401470,KR7401470000,KODEX 메타버스액티브,2021-10-13,,historical_classification_and_eligibility;corporate_actions_and_adjusted_price_reconciliation,unverified
244620,KR7244620001,KODEX 모멘텀Plus,2016-05-13,,historical_classification_and_eligibility;corporate_actions_and_adjusted_price_reconciliation,unverified
275280,KR7275280006,KODEX 모멘텀주,2017-07-11,,historical_classification_and_eligibility;corporate_actions_and_adjusted_price_reconciliation,unverified
308620,KR7308620004,KODEX 미국10년국채선물,2018-10-19,,historical_classification_and_eligibility;corporate_actions_and_adjusted_price_reconciliation,unverified
0091C0,KR70091C0000,KODEX 미국10년국채액티브(H),2025-08-19,,historical_classification_and_eligibility;corporate_actions_and_adjusted_price_reconciliation,unverified
484790,KR7484790001,KODEX 미국30년국채액티브(H),2024-06-18,,historical_classification_and_eligibility;corporate_actions_and_adjusted_price_reconciliation,unverified
304660,KR7304660004,KODEX 미국30년국채울트라선물(H),2018-09-12,,historical_classification_and_eligibility;corporate_actions_and_adjusted_price_reconciliation,unverified
304670,KR7304670003,KODEX 미국30년국채울트라선물인버스(H),2018-09-12,,historical_classification_and_eligibility;corporate_actions_and_adjusted_price_reconciliation,unverified
481060,KR7481060002,KODEX 미국30년국채타겟커버드콜(합성 H),2024-04-30,,historical_classification_and_eligibility;corporate_actions_and_adjusted_price_reconciliation,unverified
0173Y0,KR70173Y0005,KODEX 미국AI광통신네트워크,2026-03-31,,historical_classification_and_eligibility;corporate_actions_and_adjusted_price_reconciliation,unverified
0151S0,KR70151S0009,KODEX 미국AI반도체TOP3플러스,2026-01-13,,historical_classification_and_eligibility;corporate_actions_and_adjusted_price_reconciliation,unverified
0041D0,KR70041D0000,KODEX 미국AI소프트웨어TOP10,2025-04-22,,historical_classification_and_eligibility;corporate_actions_and_adjusted_price_reconciliation,unverified
487230,KR7487230005,KODEX 미국AI전력핵심인프라,2024-07-09,,historical_classification_and_eligibility;corporate_actions_and_adjusted_price_reconciliation,unverified
485540,KR7485540009,KODEX 미국AI테크TOP10,2024-06-25,,historical_classification_and_eligibility;corporate_actions_and_adjusted_price_reconciliation,unverified
483280,KR7483280004,KODEX 미국AI테크TOP10타겟커버드콜,2024-05-28,,historical_classification_and_eligibility;corporate_actions_and_adjusted_price_reconciliation,unverified
0225V0,KR70225V0006,KODEX 미국CPU반도체TOP10,2026-08-04,,historical_classification_and_eligibility;corporate_actions_and_adjusted_price_reconciliation,unverified
428560,KR7428560007,KODEX 미국ETF산업Top10 Indxx,2022-05-17,,historical_classification_and_eligibility;corporate_actions_and_adjusted_price_reconciliation,unverified
200020,KR7200020006,KODEX 미국S&P IT(합성),2014-06-12,2019-09-20,historical_classification_and_eligibility;corporate_actions_and_adjusted_price_reconciliation;last_trading_date;actual_redemption_amount_and_payment_confirmation;redemption_unit_basis;resolve_vendor_price_integrity_flags,unverified
379800,KR7379800006,KODEX 미국S&P500,2021-04-09,,historical_classification_and_eligibility;corporate_actions_and_adjusted_price_reconciliation,unverified
449180,KR7449180009,KODEX 미국S&P500(H),2022-12-02,,historical_classification_and_eligibility;corporate_actions_and_adjusted_price_reconciliation,unverified
453660,KR7453660003,KODEX 미국S&P500경기소비재,2023-03-21,,historical_classification_and_eligibility;corporate_actions_and_adjusted_price_reconciliation,unverified
453650,KR7453650004,KODEX 미국S&P500금융,2023-03-21,,historical_classification_and_eligibility;corporate_actions_and_adjusted_price_reconciliation,unverified
0005A0,KR70005A0007,KODEX 미국S&P500데일리커버드콜OTM,2025-01-07,,historical_classification_and_eligibility;corporate_actions_and_adjusted_price_reconciliation,unverified
276970,KR7276970001,KODEX 미국S&P500배당귀족커버드콜(합성 H),2017-08-10,,historical_classification_and_eligibility;corporate_actions_and_adjusted_price_reconciliation,unverified
0026E0,KR70026E0008,KODEX 미국S&P500버퍼3월액티브,2025-03-25,,historical_classification_and_eligibility;corporate_actions_and_adjusted_price_reconciliation,unverified
0068M0,KR70068M0007,KODEX 미국S&P500버퍼6월액티브,2025-06-24,,historical_classification_and_eligibility;corporate_actions_and_adjusted_price_reconciliation,unverified
0089C0,KR70089C0004,KODEX 미국S&P500변동성확대시커버드콜,2025-08-12,,historical_classification_and_eligibility;corporate_actions_and_adjusted_price_reconciliation,unverified
200030,KR7200030005,KODEX 미국S&P500산업재(합성),2014-06-12,,historical_classification_and_eligibility;corporate_actions_and_adjusted_price_reconciliation,unverified
219480,KR7219480001,KODEX 미국S&P500선물(H),2015-05-29,,historical_classification_and_eligibility;corporate_actions_and_adjusted_price_reconciliation,unverified
0041E0,KR70041E0009,KODEX 미국S&P500액티브,2025-04-22,,historical_classification_and_eligibility;corporate_actions_and_adjusted_price_reconciliation,unverified
218420,KR7218420008,KODEX 미국S&P500에너지(합성),2015-04-28,,historical_classification_and_eligibility;corporate_actions_and_adjusted_price_reconciliation,unverified
463640,KR7463640003,KODEX 미국S&P500유틸리티,2023-08-01,,historical_classification_and_eligibility;corporate_actions_and_adjusted_price_reconciliation,unverified
463690,KR7463690008,KODEX 미국S&P500커뮤니케이션,2023-08-01,,historical_classification_and_eligibility;corporate_actions_and_adjusted_price_reconciliation,unverified
463680,KR7463680009,KODEX 미국S&P500테크놀로지,2023-08-01,,historical_classification_and_eligibility;corporate_actions_and_adjusted_price_reconciliation,unverified
453630,KR7453630006,KODEX 미국S&P500필수소비재,2023-03-21,,historical_classification_and_eligibility;corporate_actions_and_adjusted_price_reconciliation,unverified
453640,KR7453640005,KODEX 미국S&P500헬스케어,2023-03-21,,historical_classification_and_eligibility;corporate_actions_and_adjusted_price_reconciliation,unverified
200040,KR7200040004,KODEX 미국S&P금융(합성),2014-06-12,2019-09-20,historical_classification_and_eligibility;corporate_actions_and_adjusted_price_reconciliation;last_trading_date;actual_redemption_amount_and_payment_confirmation;redemption_unit_basis;resolve_vendor_price_integrity_flags,unverified
185680,KR7185680006,KODEX 미국S&P바이오(합성),2013-10-31,,historical_classification_and_eligibility;corporate_actions_and_adjusted_price_reconciliation,unverified
0028X0,KR70028X0003,KODEX 미국금융테크액티브,2025-05-27,,historical_classification_and_eligibility;corporate_actions_and_adjusted_price_reconciliation,unverified
379810,KR7379810005,KODEX 미국나스닥100,2021-04-09,,historical_classification_and_eligibility;corporate_actions_and_adjusted_price_reconciliation,unverified
449190,KR7449190008,KODEX 미국나스닥100(H),2022-12-02,,historical_classification_and_eligibility;corporate_actions_and_adjusted_price_reconciliation,unverified
494300,KR7494300007,KODEX 미국나스닥100데일리커버드콜OTM,2024-10-22,,historical_classification_and_eligibility;corporate_actions_and_adjusted_price_reconciliation,unverified
409820,KR7409820008,KODEX 미국나스닥100레버리지(합성 H),2021-12-09,,historical_classification_and_eligibility;corporate_actions_and_adjusted_price_reconciliation,unverified
304940,KR7304940000,KODEX 미국나스닥100선물(H),2018-08-30,,historical_classification_and_eligibility;corporate_actions_and_adjusted_price_reconciliation,unverified
409810,KR7409810009,KODEX 미국나스닥100선물인버스(H),2021-12-09,,historical_classification_and_eligibility;corporate_actions_and_adjusted_price_reconciliation,unverified
411420,KR7411420003,KODEX 미국나스닥AI테크액티브,2021-12-22,,historical_classification_and_eligibility;corporate_actions_and_adjusted_price_reconciliation,unverified
455030,KR7455030007,KODEX 미국달러SOFR금리액티브(합성),2023-04-04,,historical_classification_and_eligibility;corporate_actions_and_adjusted_price_reconciliation,unverified
261240,KR7261240006,KODEX 미국달러선물,2016-12-27,,historical_classification_and_eligibility;corporate_actions_and_adjusted_price_reconciliation,unverified
261250,KR7261250005,KODEX 미국달러선물레버리지,2016-12-27,,historical_classification_and_eligibility;corporate_actions_and_adjusted_price_reconciliation,unverified
261270,KR7261270003,KODEX 미국달러선물인버스,2016-12-27,,historical_classification_and_eligibility;corporate_actions_and_adjusted_price_reconciliation,unverified
261260,KR7261260004,KODEX 미국달러선물인버스2X,2016-12-27,,historical_classification_and_eligibility;corporate_actions_and_adjusted_price_reconciliation,unverified
0144M0,KR70144M0005,KODEX 미국드론UAM TOP10,2025-12-23,,historical_classification_and_eligibility;corporate_actions_and_adjusted_price_reconciliation,unverified
280930,KR7280930009,KODEX 미국러셀2000(H),2017-11-09,,historical_classification_and_eligibility;corporate_actions_and_adjusted_price_reconciliation,unverified
0048J0,KR70048J0007,KODEX 미국머니마켓액티브,2025-05-13,,historical_classification_and_eligibility;corporate_actions_and_adjusted_price_reconciliation,unverified
390390,KR7390390003,KODEX 미국반도체,2021-06-30,,historical_classification_and_eligibility;corporate_actions_and_adjusted_price_reconciliation,unverified
489250,KR7489250001,KODEX 미국배당다우존스,2024-08-13,,historical_classification_and_eligibility;corporate_actions_and_adjusted_price_reconciliation,unverified
483290,KR7483290003,KODEX 미국배당다우존스타겟커버드콜,2024-05-28,,historical_classification_and_eligibility;corporate_actions_and_adjusted_price_reconciliation,unverified
441640,KR7441640000,KODEX 미국배당커버드콜액티브,2022-09-27,,historical_classification_and_eligibility;corporate_actions_and_adjusted_price_reconciliation,unverified
352560,KR7352560007,KODEX 미국부동산리츠(H),2020-05-13,,historical_classification_and_eligibility;corporate_actions_and_adjusted_price_reconciliation,unverified
314250,KR7314250002,KODEX 미국빅테크10(H),2019-01-10,,historical_classification_and_eligibility;corporate_actions_and_adjusted_price_reconciliation,unverified
473460,KR7473460004,KODEX 미국서학개미,2023-12-27,,historical_classification_and_eligibility;corporate_actions_and_adjusted_price_reconciliation,unverified
0144L0,KR70144L0006,KODEX 미국성장커버드콜액티브,2025-12-23,,historical_classification_and_eligibility;corporate_actions_and_adjusted_price_reconciliation,unverified
390400,KR7390400000,KODEX 미국스마트모빌리티S&P,2021-06-30,,historical_classification_and_eligibility;corporate_actions_and_adjusted_price_reconciliation,unverified
0167Z0,KR70167Z0002,KODEX 미국우주항공,2026-03-17,,historical_classification_and_eligibility;corporate_actions_and_adjusted_price_reconciliation,unverified
0132H0,KR70132H0006,KODEX 미국원자력SMR,2025-11-25,,historical_classification_and_eligibility;corporate_actions_and_adjusted_price_reconciliation,unverified
437080,KR7437080005,KODEX 미국종합채권ESG액티브(H),2022-08-09,,historical_classification_and_eligibility;corporate_actions_and_adjusted_price_reconciliation,unverified
419420,KR7419420005,KODEX 미국클린에너지나스닥,2022-03-22,,historical_classification_and_eligibility;corporate_actions_and_adjusted_price_reconciliation,unverified
491090,KR7491090007,KODEX 미국테크TOP3플러스,2024-09-10,,historical_classification_and_eligibility;corporate_actions_and_adjusted_price_reconciliation,unverified
0038A0,KR70038A0008,KODEX 미국휴머노이드로봇,2025-04-15,,historical_classification_and_eligibility;corporate_actions_and_adjusted_price_reconciliation,unverified
244580,KR7244580007,KODEX 바이오,2016-05-13,,historical_classification_and_eligibility;corporate_actions_and_adjusted_price_reconciliation,unverified
091160,KR7091160002,KODEX 반도체,2006-06-27,,historical_classification_and_eligibility;corporate_actions_and_adjusted_price_reconciliation,unverified
494310,KR7494310006,KODEX 반도체레버리지,2024-10-22,,historical_classification_and_eligibility;corporate_actions_and_adjusted_price_reconciliation,unverified
0190G0,KR70190G0006,KODEX 반도체타겟위클리커버드콜,2026-05-12,,historical_classification_and_eligibility;corporate_actions_and_adjusted_price_reconciliation,unverified
0080G0,KR70080G0009,KODEX 방산TOP10,2025-07-15,,historical_classification_and_eligibility;corporate_actions_and_adjusted_price_reconciliation,unverified
0100K0,KR70100K0009,KODEX 방산TOP10레버리지,2025-09-16,,historical_classification_and_eligibility;corporate_actions_and_adjusted_price_reconciliation,unverified
325020,KR7325020006,KODEX 배당가치,2019-05-31,,historical_classification_and_eligibility;corporate_actions_and_adjusted_price_reconciliation,unverified
244670,KR7244670006,KODEX 밸류Plus,2016-05-13,,historical_classification_and_eligibility;corporate_actions_and_adjusted_price_reconciliation,unverified
140700,KR7140700006,KODEX 보험,2011-04-26,,historical_classification_and_eligibility;corporate_actions_and_adjusted_price_reconciliation,unverified
102780,KR7102780004,KODEX 삼성그룹,2008-05-21,,historical_classification_and_eligibility;corporate_actions_and_adjusted_price_reconciliation,unverified
213610,KR7213610009,KODEX 삼성그룹밸류,2015-01-08,,historical_classification_and_eligibility;corporate_actions_and_adjusted_price_reconciliation,unverified
0177N0,KR70177N0004,KODEX 삼성전자SK하이닉스채권혼합50,2026-04-07,,historical_classification_and_eligibility;corporate_actions_and_adjusted_price_reconciliation,unverified
0193W0,KR70193W0003,KODEX 삼성전자단일종목레버리지,2026-05-27,,historical_classification_and_eligibility;corporate_actions_and_adjusted_price_reconciliation,unverified
448330,KR7448330001,KODEX 삼성전자채권혼합,2022-11-29,,historical_classification_and_eligibility;corporate_actions_and_adjusted_price_reconciliation,unverified
325010,KR7325010007,KODEX 성장주,2019-05-31,,historical_classification_and_eligibility;corporate_actions_and_adjusted_price_reconciliation,unverified
247790,KR7247790009,KODEX 성장투자,2016-06-24,2020-09-28,historical_classification_and_eligibility;corporate_actions_and_adjusted_price_reconciliation;last_trading_date;actual_redemption_amount_and_payment_confirmation;redemption_unit_basis;resolve_vendor_price_integrity_flags,unverified
136280,KR7136280005,KODEX 소비재,2010-12-07,2017-05-25,historical_classification_and_eligibility;corporate_actions_and_adjusted_price_reconciliation;last_trading_date;actual_redemption_amount_and_payment_confirmation;redemption_unit_basis;resolve_vendor_price_integrity_flags,unverified
385510,KR7385510003,KODEX 신재생에너지액티브,2021-05-25,,historical_classification_and_eligibility;corporate_actions_and_adjusted_price_reconciliation,unverified
446690,KR7446690000,KODEX 아시아AI반도체exChina액티브,2023-02-01,,historical_classification_and_eligibility;corporate_actions_and_adjusted_price_reconciliation,unverified
437070,KR7437070006,KODEX 아시아달러채권ESG플러스액티브,2022-08-09,,historical_classification_and_eligibility;corporate_actions_and_adjusted_price_reconciliation,unverified
117460,KR7117460006,KODEX 에너지화학,2009-10-12,,historical_classification_and_eligibility;corporate_actions_and_adjusted_price_reconciliation,unverified
275300,KR7275300002,KODEX 우량주,2017-07-11,,historical_classification_and_eligibility;corporate_actions_and_adjusted_price_reconciliation,unverified
140710,KR7140710005,KODEX 운송,2011-04-26,,historical_classification_and_eligibility;corporate_actions_and_adjusted_price_reconciliation,unverified
0098F0,KR70098F0000,KODEX 원자력SMR,2025-09-16,,historical_classification_and_eligibility;corporate_actions_and_adjusted_price_reconciliation,unverified
395150,KR7395150006,KODEX 웹툰&드라마,2021-07-30,,historical_classification_and_eligibility;corporate_actions_and_adjusted_price_reconciliation,unverified
456250,KR7456250000,KODEX 유럽명품TOP10 STOXX,2023-04-25,,historical_classification_and_eligibility;corporate_actions_and_adjusted_price_reconciliation,unverified
400570,KR7400570008,KODEX 유럽탄소배출권선물ICE(H),2021-09-30,,historical_classification_and_eligibility;corporate_actions_and_adjusted_price_reconciliation,unverified
144600,KR7144600004,KODEX 은선물(H),2011-07-18,,historical_classification_and_eligibility;corporate_actions_and_adjusted_price_reconciliation,unverified
091170,KR7091170001,KODEX 은행,2006-06-27,,historical_classification_and_eligibility;corporate_actions_and_adjusted_price_reconciliation,unverified
453810,KR7453810004,KODEX 인도Nifty50,2023-04-21,,historical_classification_and_eligibility;corporate_actions_and_adjusted_price_reconciliation,unverified
453820,KR7453820003,KODEX 인도Nifty50레버리지(합성),2023-04-21,,historical_classification_and_eligibility;corporate_actions_and_adjusted_price_reconciliation,unverified
0000H0,KR70000H0005,KODEX 인도Nifty미드캡100,2025-04-08,,historical_classification_and_eligibility;corporate_actions_and_adjusted_price_reconciliation,unverified
477730,KR7477730006,KODEX 인도타타그룹,2024-05-08,,historical_classification_and_eligibility;corporate_actions_and_adjusted_price_reconciliation,unverified
114800,KR7114800006,KODEX 인버스,2009-09-16,,historical_classification_and_eligibility;corporate_actions_and_adjusted_price_reconciliation,unverified
101280,KR7101280006,KODEX 일본TOPIX100,2008-02-20,,historical_classification_and_eligibility;corporate_actions_and_adjusted_price_reconciliation,unverified
352540,KR7352540009,KODEX 일본부동산리츠(H),2020-05-13,,historical_classification_and_eligibility;corporate_actions_and_adjusted_price_reconciliation,unverified
091180,KR7091180000,KODEX 자동차,2006-06-27,,historical_classification_and_eligibility;corporate_actions_and_adjusted_price_reconciliation,unverified
385520,KR7385520002,KODEX 자율주행액티브,2021-05-25,,historical_classification_and_eligibility;corporate_actions_and_adjusted_price_reconciliation,unverified
363570,KR7363570003,KODEX 장기종합채권(AA-이상)액티브,2020-09-25,,historical_classification_and_eligibility;corporate_actions_and_adjusted_price_reconciliation,unverified
0209D0,KR70209D0008,KODEX 전고체배터리ESS TOP2플러스,2026-06-23,,historical_classification_and_eligibility;corporate_actions_and_adjusted_price_reconciliation,unverified
0115D0,KR70115D0001,KODEX 조선TOP10,2025-10-28,,historical_classification_and_eligibility;corporate_actions_and_adjusted_price_reconciliation,unverified
273130,KR7273130005,KODEX 종합채권(AA-이상)액티브,2017-06-29,,historical_classification_and_eligibility;corporate_actions_and_adjusted_price_reconciliation,unverified
166060,KR7166060004,KODEX 주식&골드(H),2012-10-10,2015-02-23,historical_classification_and_eligibility;corporate_actions_and_adjusted_price_reconciliation;last_trading_date;actual_redemption_amount_and_payment_confirmation;redemption_unit_basis;resolve_vendor_price_integrity_flags,unverified
0153K0,KR70153K0005,KODEX 주주환원고배당주,2026-01-20,,historical_classification_and_eligibility;corporate_actions_and_adjusted_price_reconciliation,unverified
102970,KR7102970001,KODEX 증권,2008-05-29,,historical_classification_and_eligibility;corporate_actions_and_adjusted_price_reconciliation,unverified
419430,KR7419430004,KODEX 차이나2차전지MSCI(합성),2022-03-22,,historical_classification_and_eligibility;corporate_actions_and_adjusted_price_reconciliation,unverified
169950,KR7169950003,KODEX 차이나A50,2013-01-21,,historical_classification_and_eligibility;corporate_actions_and_adjusted_price_reconciliation,unverified
0162L0,KR70162L0003,KODEX 차이나AI반도체TOP10,2026-02-26,,historical_classification_and_eligibility;corporate_actions_and_adjusted_price_reconciliation,unverified
428510,KR7428510002,KODEX 차이나AI테크액티브,2022-05-17,,historical_classification_and_eligibility;corporate_actions_and_adjusted_price_reconciliation,unverified
283580,KR7283580009,KODEX 차이나CSI300,2017-12-13,,historical_classification_and_eligibility;corporate_actions_and_adjusted_price_reconciliation,unverified
099140,KR7099140006,KODEX 차이나H,2007-10-10,,historical_classification_and_eligibility;corporate_actions_and_adjusted_price_reconciliation,unverified
204450,KR7204450001,KODEX 차이나H레버리지(H),2014-09-12,,historical_classification_and_eligibility;corporate_actions_and_adjusted_price_reconciliation,unverified
415340,KR7415340009,KODEX 차이나과창판STAR50(합성),2022-01-13,,historical_classification_and_eligibility;corporate_actions_and_adjusted_price_reconciliation,unverified
256750,KR7256750001,KODEX 차이나심천ChiNext(합성),2016-11-08,,historical_classification_and_eligibility;corporate_actions_and_adjusted_price_reconciliation,unverified
0065G0,KR70065G0008,KODEX 차이나테크TOP10,2025-06-17,,historical_classification_and_eligibility;corporate_actions_and_adjusted_price_reconciliation,unverified
372330,KR7372330001,KODEX 차이나항셍테크,2020-12-16,,historical_classification_and_eligibility;corporate_actions_and_adjusted_price_reconciliation,unverified
0048K0,KR70048K0004,KODEX 차이나휴머노이드로봇,2025-05-13,,historical_classification_and_eligibility;corporate_actions_and_adjusted_price_reconciliation,unverified
117680,KR7117680009,KODEX 철강,2009-10-30,,historical_classification_and_eligibility;corporate_actions_and_adjusted_price_reconciliation,unverified
279540,KR7279540009,KODEX 최소변동성,2017-10-17,,historical_classification_and_eligibility;corporate_actions_and_adjusted_price_reconciliation,unverified
445150,KR7445150006,KODEX 친환경조선해운액티브,2022-11-15,,historical_classification_and_eligibility;corporate_actions_and_adjusted_price_reconciliation,unverified
0231Z0,KR70231Z0004,KODEX 코리아TDF2065액티브 적격,2026-08-25,,historical_classification_and_eligibility;corporate_actions_and_adjusted_price_reconciliation,unverified
211900,KR7211900006,KODEX 코리아배당성장,2014-12-17,,historical_classification_and_eligibility;corporate_actions_and_adjusted_price_reconciliation,unverified
237370,KR7237370002,KODEX 코리아배당성장채권혼합,2016-01-27,,historical_classification_and_eligibility;corporate_actions_and_adjusted_price_reconciliation,unverified
495850,KR7495850000,KODEX 코리아밸류업,2024-11-04,,historical_classification_and_eligibility;corporate_actions_and_adjusted_price_reconciliation,unverified
0115E0,KR70115E0000,KODEX 코리아소버린AI,2025-10-21,,historical_classification_and_eligibility;corporate_actions_and_adjusted_price_reconciliation,unverified
373490,KR7373490002,KODEX 코리아혁신성장액티브,2020-12-24,,historical_classification_and_eligibility;corporate_actions_and_adjusted_price_reconciliation,unverified
229200,KR7229200001,KODEX 코스닥150,2015-10-01,,historical_classification_and_eligibility;corporate_actions_and_adjusted_price_reconciliation,unverified
233740,KR7233740000,KODEX 코스닥150레버리지,2015-12-17,,historical_classification_and_eligibility;corporate_actions_and_adjusted_price_reconciliation,unverified
360150,KR7360150007,KODEX 코스닥150롱코스피200숏선물,2020-08-21,,historical_classification_and_eligibility;corporate_actions_and_adjusted_price_reconciliation,unverified
251340,KR7251340006,KODEX 코스닥150선물인버스,2016-08-10,,historical_classification_and_eligibility;corporate_actions_and_adjusted_price_reconciliation,unverified
461450,KR7461450009,KODEX 코스닥글로벌,2023-06-29,,historical_classification_and_eligibility;corporate_actions_and_adjusted_price_reconciliation,unverified
226490,KR7226490001,KODEX 코스피,2015-08-24,,historical_classification_and_eligibility;corporate_actions_and_adjusted_price_reconciliation,unverified
237350,KR7237350004,KODEX 코스피100,2016-01-27,,historical_classification_and_eligibility;corporate_actions_and_adjusted_price_reconciliation,unverified
359210,KR7359210002,KODEX 코스피TR,2020-07-21,,historical_classification_and_eligibility;corporate_actions_and_adjusted_price_reconciliation,unverified
337140,KR7337140008,KODEX 코스피대형주,2019-11-14,,historical_classification_and_eligibility;corporate_actions_and_adjusted_price_reconciliation,unverified
138920,KR7138920004,KODEX 콩선물(H),2011-03-15,,historical_classification_and_eligibility;corporate_actions_and_adjusted_price_reconciliation,unverified
244660,KR7244660007,KODEX 퀄리티Plus,2016-05-13,,historical_classification_and_eligibility;corporate_actions_and_adjusted_price_reconciliation,unverified
375770,KR7375770005,KODEX 탄소효율그린뉴딜,2021-02-05,,historical_classification_and_eligibility;corporate_actions_and_adjusted_price_reconciliation,unverified
144750,KR7144750007,KODEX 태양광,2011-07-27,2013-06-26,historical_classification_and_eligibility;corporate_actions_and_adjusted_price_reconciliation;last_trading_date;actual_redemption_amount_and_payment_confirmation;redemption_unit_basis;resolve_vendor_price_integrity_flags,unverified
247800,KR7247800006,KODEX 턴어라운드투자,2016-06-24,2020-09-28,historical_classification_and_eligibility;corporate_actions_and_adjusted_price_reconciliation;last_trading_date;actual_redemption_amount_and_payment_confirmation;redemption_unit_basis;resolve_vendor_price_integrity_flags,unverified
459560,KR7459560009,KODEX 테슬라밸류체인FactSet,2023-06-08,,historical_classification_and_eligibility;corporate_actions_and_adjusted_price_reconciliation,unverified
475080,KR7475080008,KODEX 테슬라커버드콜채권혼합액티브,2024-01-23,,historical_classification_and_eligibility;corporate_actions_and_adjusted_price_reconciliation,unverified
266410,KR7266410000,KODEX 필수소비재,2017-03-28,,historical_classification_and_eligibility;corporate_actions_and_adjusted_price_reconciliation,unverified
298770,KR7298770009,KODEX 한국대만IT프리미어,2018-06-11,,historical_classification_and_eligibility;corporate_actions_and_adjusted_price_reconciliation,unverified
476800,KR7476800008,KODEX 한국부동산리츠인프라,2024-03-05,,historical_classification_and_eligibility;corporate_actions_and_adjusted_price_reconciliation,unverified
450190,KR7450190004,KODEX 한중반도체(합성),2022-12-22,,historical_classification_and_eligibility;corporate_actions_and_adjusted_price_reconciliation,unverified
450180,KR7450180005,KODEX 한중전기차(합성),2022-12-22,,historical_classification_and_eligibility;corporate_actions_and_adjusted_price_reconciliation,unverified
266420,KR7266420009,KODEX 헬스케어,2017-03-28,,historical_classification_and_eligibility;corporate_actions_and_adjusted_price_reconciliation,unverified
364690,KR7364690008,KODEX 혁신기술테마액티브,2020-09-29,,historical_classification_and_eligibility;corporate_actions_and_adjusted_price_reconciliation,unverified
0204D0,KR70204D0003,KODEX 현대차로보틱스밸류체인TOP3플러스,2026-06-09,,historical_classification_and_eligibility;corporate_actions_and_adjusted_price_reconciliation,unverified
152280,KR7152280004,KOSEF 200 선물,2012-01-13,2021-03-23,historical_classification_and_eligibility;corporate_actions_and_adjusted_price_reconciliation;last_trading_date;actual_redemption_amount_and_payment_confirmation;redemption_unit_basis;resolve_vendor_price_integrity_flags,unverified
091190,KR7091190009,KOSEF Banks,2006-06-27,2013-06-26,historical_classification_and_eligibility;corporate_actions_and_adjusted_price_reconciliation;last_trading_date;actual_redemption_amount_and_payment_confirmation;redemption_unit_basis;resolve_vendor_price_integrity_flags,unverified
331910,KR7331910000,KOSEF Fn중소형,2019-08-13,2024-11-06,historical_classification_and_eligibility;corporate_actions_and_adjusted_price_reconciliation;last_trading_date;actual_redemption_amount_and_payment_confirmation;redemption_unit_basis;resolve_vendor_price_integrity_flags,unverified
091200,KR7091200006,KOSEF IT,2006-06-27,2015-02-23,historical_classification_and_eligibility;corporate_actions_and_adjusted_price_reconciliation;last_trading_date;actual_redemption_amount_and_payment_confirmation;redemption_unit_basis;resolve_vendor_price_integrity_flags,unverified
394340,KR7394340004,KOSEF 글로벌디지털경제,2021-07-20,2024-11-06,historical_classification_and_eligibility;corporate_actions_and_adjusted_price_reconciliation;last_trading_date;actual_redemption_amount_and_payment_confirmation;redemption_unit_basis;resolve_vendor_price_integrity_flags,unverified
260200,KR7260200001,KOSEF 배당바이백Plus,2016-12-16,2021-03-23,historical_classification_and_eligibility;corporate_actions_and_adjusted_price_reconciliation;last_trading_date;actual_redemption_amount_and_payment_confirmation;redemption_unit_basis;resolve_vendor_price_integrity_flags,unverified
123930,KR7123930000,KOSEF 인버스,2010-04-15,2013-06-26,historical_classification_and_eligibility;corporate_actions_and_adjusted_price_reconciliation;last_trading_date;actual_redemption_amount_and_payment_confirmation;redemption_unit_basis;resolve_vendor_price_integrity_flags,unverified
260270,KR7260270004,KOSEF 저PBR가중,2016-12-16,2021-03-23,historical_classification_and_eligibility;corporate_actions_and_adjusted_price_reconciliation;last_trading_date;actual_redemption_amount_and_payment_confirmation;redemption_unit_basis;resolve_vendor_price_integrity_flags,unverified
097740,KR7097740005,KOSEF 중형순수가치,2007-07-31,2010-05-18,historical_classification_and_eligibility;corporate_actions_and_adjusted_price_reconciliation;last_trading_date;actual_redemption_amount_and_payment_confirmation;redemption_unit_basis;resolve_vendor_price_integrity_flags,unverified
445930,KR7445930001,KOSEF 차이나A50커넥트레버리지MSCI(합성H),2022-10-25,2024-11-06,historical_classification_and_eligibility;corporate_actions_and_adjusted_price_reconciliation;last_trading_date;actual_redemption_amount_and_payment_confirmation;redemption_unit_basis;resolve_vendor_price_integrity_flags,unverified
445950,KR7445950009,KOSEF 차이나A50커넥트인버스MSCI(합성 H),2022-10-25,2024-11-06,historical_classification_and_eligibility;corporate_actions_and_adjusted_price_reconciliation;last_trading_date;actual_redemption_amount_and_payment_confirmation;redemption_unit_basis;resolve_vendor_price_integrity_flags,unverified
291610,KR7291610004,KOSEF 코스닥150선물,2018-03-16,2021-03-23,historical_classification_and_eligibility;corporate_actions_and_adjusted_price_reconciliation;last_trading_date;actual_redemption_amount_and_payment_confirmation;redemption_unit_basis;resolve_vendor_price_integrity_flags,unverified
144670,KR7144670007,KOSEF 펀더멘탈대형주,2011-07-18,2015-05-07,historical_classification_and_eligibility;corporate_actions_and_adjusted_price_reconciliation;last_trading_date;actual_redemption_amount_and_payment_confirmation;redemption_unit_basis;resolve_vendor_price_integrity_flags,unverified
157650,KR7157650003,KStar 5대그룹주장기채+,2012-05-23,2015-12-15,historical_classification_and_eligibility;corporate_actions_and_adjusted_price_reconciliation;last_trading_date;actual_redemption_amount_and_payment_confirmation;redemption_unit_basis;resolve_vendor_price_integrity_flags,unverified
108480,KR7108480005,KStar 코스닥엘리트30,2009-01-22,2015-12-15,historical_classification_and_eligibility;corporate_actions_and_adjusted_price_reconciliation;last_trading_date;actual_redemption_amount_and_payment_confirmation;redemption_unit_basis;resolve_vendor_price_integrity_flags,unverified
168300,KR7168300002,KTOP 코스피50,2012-11-12,2023-12-15,historical_classification_and_eligibility;corporate_actions_and_adjusted_price_reconciliation;last_trading_date;actual_redemption_amount_and_payment_confirmation;redemption_unit_basis;resolve_vendor_price_integrity_flags,unverified
487130,KR7487130007,KoAct AI인프라액티브,2024-07-09,,historical_classification_and_eligibility;corporate_actions_and_adjusted_price_reconciliation,unverified
0074K0,KR70074K0001,KoAct K수출핵심기업TOP30액티브,2025-07-08,,historical_classification_and_eligibility;corporate_actions_and_adjusted_price_reconciliation,unverified
0222D0,KR70222D0001,KoAct 고배당액티브,2026-07-28,,historical_classification_and_eligibility;corporate_actions_and_adjusted_price_reconciliation,unverified
0219B0,KR70219B0008,KoAct 광통신&위성네트워크액티브,2026-07-14,,historical_classification_and_eligibility;corporate_actions_and_adjusted_price_reconciliation,unverified
471040,KR7471040006,KoAct 글로벌AI&로봇액티브,2023-11-21,,historical_classification_and_eligibility;corporate_actions_and_adjusted_price_reconciliation,unverified
0174B0,KR70174B0001,KoAct 글로벌AI메모리반도체액티브,2026-04-14,,historical_classification_and_eligibility;corporate_actions_and_adjusted_price_reconciliation,unverified
0132D0,KR70132D0000,KoAct 글로벌K컬처밸류체인액티브,2025-11-25,,historical_classification_and_eligibility;corporate_actions_and_adjusted_price_reconciliation,unverified
0020H0,KR70020H0001,KoAct 글로벌양자컴퓨팅액티브,2025-03-11,,historical_classification_and_eligibility;corporate_actions_and_adjusted_price_reconciliation,unverified
475070,KR7475070009,KoAct 글로벌친환경전력인프라액티브,2024-01-18,,historical_classification_and_eligibility;corporate_actions_and_adjusted_price_reconciliation,unverified
0015B0,KR70015B0004,KoAct 미국나스닥성장기업액티브,2025-02-25,,historical_classification_and_eligibility;corporate_actions_and_adjusted_price_reconciliation,unverified
0104H0,KR70104H0000,KoAct 미국나스닥채권혼합50액티브,2025-09-30,,historical_classification_and_eligibility;corporate_actions_and_adjusted_price_reconciliation,unverified
0186L0,KR70186L0005,KoAct 미국로봇피지컬AI액티브,2026-04-28,,historical_classification_and_eligibility;corporate_actions_and_adjusted_price_reconciliation,unverified
0113G0,KR70113G0000,KoAct 미국바이오헬스케어액티브,2025-11-11,,historical_classification_and_eligibility;corporate_actions_and_adjusted_price_reconciliation,unverified
497780,KR7497780007,KoAct 미국천연가스인프라액티브,2024-12-10,,historical_classification_and_eligibility;corporate_actions_and_adjusted_price_reconciliation,unverified
490330,KR7490330008,KoAct 미국치매&뇌질환치료제액티브,2024-09-03,,historical_classification_and_eligibility;corporate_actions_and_adjusted_price_reconciliation,unverified
462900,KR7462900002,KoAct 바이오헬스케어액티브,2023-08-03,,historical_classification_and_eligibility;corporate_actions_and_adjusted_price_reconciliation,unverified
482030,KR7482030004,KoAct 반도체&2차전지핵심소재액티브,2024-05-14,,historical_classification_and_eligibility;corporate_actions_and_adjusted_price_reconciliation,unverified
476850,KR7476850003,KoAct 배당성장액티브,2024-02-27,,historical_classification_and_eligibility;corporate_actions_and_adjusted_price_reconciliation,unverified
0051A0,KR70051A0000,KoAct 브로드컴밸류체인액티브,2025-05-20,,historical_classification_and_eligibility;corporate_actions_and_adjusted_price_reconciliation,unverified
0150K0,KR70150K0008,KoAct 수소전력ESS인프라액티브,2026-01-13,,historical_classification_and_eligibility;corporate_actions_and_adjusted_price_reconciliation,unverified
0154H0,KR70154H0009,KoAct 차이나바이오헬스케어액티브,2026-01-27,,historical_classification_and_eligibility;corporate_actions_and_adjusted_price_reconciliation,unverified
495230,KR7495230005,KoAct 코리아밸류업액티브,2024-11-04,,historical_classification_and_eligibility;corporate_actions_and_adjusted_price_reconciliation,unverified
0163Y0,KR70163Y0007,KoAct 코스닥액티브,2026-03-10,,historical_classification_and_eligibility;corporate_actions_and_adjusted_price_reconciliation,unverified
0193G0,KR70193G0003,KoAct 코스피액티브,2026-05-19,,historical_classification_and_eligibility;corporate_actions_and_adjusted_price_reconciliation,unverified
0093D0,KR70093D0007,KoAct 팔란티어밸류체인액티브,2025-08-26,,historical_classification_and_eligibility;corporate_actions_and_adjusted_price_reconciliation,unverified
0232A0,KR70232A0002,MIDAS 머니마켓액티브,2026-09-01,,historical_classification_and_eligibility;corporate_actions_and_adjusted_price_reconciliation,unverified
0214M0,KR70214M0000,MIDAS 바이오헬스케어액티브,2026-07-28,,historical_classification_and_eligibility;corporate_actions_and_adjusted_price_reconciliation,unverified
488290,KR7488290008,MIDAS 일본테크액티브,2024-08-06,,historical_classification_and_eligibility;corporate_actions_and_adjusted_price_reconciliation,unverified
438740,KR7438740003,MIDAS 중소형액티브,2022-08-17,,historical_classification_and_eligibility;corporate_actions_and_adjusted_price_reconciliation,unverified
0191B0,KR70191B0000,MIDAS 코스닥액티브,2026-05-19,,historical_classification_and_eligibility;corporate_actions_and_adjusted_price_reconciliation,unverified
403790,KR7403790009,MIDAS 코스피액티브,2021-10-13,,historical_classification_and_eligibility;corporate_actions_and_adjusted_price_reconciliation,unverified
148040,KR7148040009,PIONEER SRI,2011-10-20,2016-09-08,historical_classification_and_eligibility;corporate_actions_and_adjusted_price_reconciliation;last_trading_date;actual_redemption_amount_and_payment_confirmation;redemption_unit_basis;resolve_vendor_price_integrity_flags,unverified
152100,KR7152100004,PLUS 200,2012-01-10,,historical_classification_and_eligibility;corporate_actions_and_adjusted_price_reconciliation,unverified
491220,KR7491220000,PLUS 200TR,2024-09-10,,historical_classification_and_eligibility;corporate_actions_and_adjusted_price_reconciliation,unverified
253150,KR7253150007,PLUS 200선물레버리지,2016-09-29,,historical_classification_and_eligibility;corporate_actions_and_adjusted_price_reconciliation,unverified
253160,KR7253160006,PLUS 200선물인버스2X,2016-09-22,,historical_classification_and_eligibility;corporate_actions_and_adjusted_price_reconciliation,unverified
0203D0,KR70203D0004,PLUS 200위클리커버드콜채권혼합,2026-06-02,,historical_classification_and_eligibility;corporate_actions_and_adjusted_price_reconciliation,unverified
0210E0,KR70210E0004,PLUS 200커버드콜액티브,2026-06-23,,historical_classification_and_eligibility;corporate_actions_and_adjusted_price_reconciliation,unverified
395750,KR7395750003,PLUS ESG가치주액티브,2021-07-30,,historical_classification_and_eligibility;corporate_actions_and_adjusted_price_reconciliation,unverified
395760,KR7395760002,PLUS ESG성장주액티브,2021-07-30,,historical_classification_and_eligibility;corporate_actions_and_adjusted_price_reconciliation,unverified
436180,KR7436180004,PLUS K-유니콘투자기업액티브,2022-07-13,2024-08-27,historical_classification_and_eligibility;corporate_actions_and_adjusted_price_reconciliation;last_trading_date;actual_redemption_amount_and_payment_confirmation;redemption_unit_basis;resolve_vendor_price_integrity_flags,unverified
453010,KR7453010001,PLUS KOFR금리,2023-03-14,,historical_classification_and_eligibility;corporate_actions_and_adjusted_price_reconciliation,unverified
333940,KR7333940005,PLUS KS로우볼가중TR,2019-09-05,2024-09-27,historical_classification_and_eligibility;corporate_actions_and_adjusted_price_reconciliation;last_trading_date;actual_redemption_amount_and_payment_confirmation;redemption_unit_basis;resolve_vendor_price_integrity_flags,unverified
333950,KR7333950004,PLUS KS로우사이즈가중TR,2019-09-05,2024-10-24,historical_classification_and_eligibility;corporate_actions_and_adjusted_price_reconciliation;last_trading_date;actual_redemption_amount_and_payment_confirmation;redemption_unit_basis;resolve_vendor_price_integrity_flags,unverified
333960,KR7333960003,PLUS KS모멘텀가중TR,2019-09-05,2024-09-27,historical_classification_and_eligibility;corporate_actions_and_adjusted_price_reconciliation;last_trading_date;actual_redemption_amount_and_payment_confirmation;redemption_unit_basis;resolve_vendor_price_integrity_flags,unverified
333970,KR7333970002,PLUS KS밸류가중TR,2019-09-05,2024-10-24,historical_classification_and_eligibility;corporate_actions_and_adjusted_price_reconciliation;last_trading_date;actual_redemption_amount_and_payment_confirmation;redemption_unit_basis;resolve_vendor_price_integrity_flags,unverified
333980,KR7333980001,PLUS KS퀄리티가중TR,2019-09-05,2024-08-27,historical_classification_and_eligibility;corporate_actions_and_adjusted_price_reconciliation;last_trading_date;actual_redemption_amount_and_payment_confirmation;redemption_unit_basis;resolve_vendor_price_integrity_flags,unverified
429740,KR7429740004,PLUS K리츠,2022-05-24,,historical_classification_and_eligibility;corporate_actions_and_adjusted_price_reconciliation,unverified
449450,KR7449450006,PLUS K방산,2023-01-05,,historical_classification_and_eligibility;corporate_actions_and_adjusted_price_reconciliation,unverified
0104G0,KR70104G0001,PLUS K방산레버리지,2025-09-30,,historical_classification_and_eligibility;corporate_actions_and_adjusted_price_reconciliation,unverified
0090B0,KR70090B0002,PLUS K방산소부장,2025-08-26,,historical_classification_and_eligibility;corporate_actions_and_adjusted_price_reconciliation,unverified
0166S0,KR70166S0002,PLUS K제조업핵심기업액티브,2026-03-24,,historical_classification_and_eligibility;corporate_actions_and_adjusted_price_reconciliation,unverified
269530,KR7269530002,PLUS S&P글로벌인프라,2017-05-16,,historical_classification_and_eligibility;corporate_actions_and_adjusted_price_reconciliation,unverified
0226A0,KR70226A0000,PLUS SK하이닉스샌디스크채권혼합50,2026-08-04,,historical_classification_and_eligibility;corporate_actions_and_adjusted_price_reconciliation,unverified
433850,KR7433850005,PLUS TDF2030액티브,2022-06-30,2025-07-16,historical_classification_and_eligibility;corporate_actions_and_adjusted_price_reconciliation;last_trading_date;actual_redemption_amount_and_payment_confirmation;redemption_unit_basis;resolve_vendor_price_integrity_flags,unverified
433860,KR7433860004,PLUS TDF2040액티브,2022-06-30,2025-08-21,historical_classification_and_eligibility;corporate_actions_and_adjusted_price_reconciliation;last_trading_date;actual_redemption_amount_and_payment_confirmation;redemption_unit_basis;resolve_vendor_price_integrity_flags,unverified
433870,KR7433870003,PLUS TDF2050액티브,2022-06-30,2025-09-18,historical_classification_and_eligibility;corporate_actions_and_adjusted_price_reconciliation;last_trading_date;actual_redemption_amount_and_payment_confirmation;redemption_unit_basis;resolve_vendor_price_integrity_flags,unverified
433880,KR7433880002,PLUS TDF2060액티브 적격,2022-06-30,,historical_classification_and_eligibility;corporate_actions_and_adjusted_price_reconciliation,unverified
251590,KR7251590006,PLUS 고배당저변동50,2016-08-11,,historical_classification_and_eligibility;corporate_actions_and_adjusted_price_reconciliation,unverified
161510,KR7161510003,PLUS 고배당주,2012-08-29,,historical_classification_and_eligibility;corporate_actions_and_adjusted_price_reconciliation,unverified
0018C0,KR70018C0000,PLUS 고배당주위클리고정커버드콜,2025-03-05,,historical_classification_and_eligibility;corporate_actions_and_adjusted_price_reconciliation,unverified
489030,KR7489030007,PLUS 고배당주위클리커버드콜,2024-08-13,,historical_classification_and_eligibility;corporate_actions_and_adjusted_price_reconciliation,unverified
251600,KR7251600003,PLUS 고배당주채권혼합,2016-08-11,,historical_classification_and_eligibility;corporate_actions_and_adjusted_price_reconciliation,unverified
461460,KR7461460008,PLUS 국고채10년액티브,2023-07-18,,historical_classification_and_eligibility;corporate_actions_and_adjusted_price_reconciliation,unverified
451600,KR7451600001,PLUS 국고채30년액티브,2023-02-07,,historical_classification_and_eligibility;corporate_actions_and_adjusted_price_reconciliation,unverified
491230,KR7491230009,PLUS 국공채머니마켓액티브,2024-09-10,,historical_classification_and_eligibility;corporate_actions_and_adjusted_price_reconciliation,unverified
289670,KR7289670002,PLUS 국채선물10년,2018-02-07,,historical_classification_and_eligibility;corporate_actions_and_adjusted_price_reconciliation,unverified
298340,KR7298340001,PLUS 국채선물3년,2018-06-08,,historical_classification_and_eligibility;corporate_actions_and_adjusted_price_reconciliation,unverified
438210,KR7438210007,PLUS 글로벌AI,2022-08-17,2025-04-24,historical_classification_and_eligibility;corporate_actions_and_adjusted_price_reconciliation;last_trading_date;actual_redemption_amount_and_payment_confirmation;redemption_unit_basis;resolve_vendor_price_integrity_flags,unverified
489010,KR7489010009,PLUS 글로벌AI인프라,2024-08-13,2026-08-27,historical_classification_and_eligibility;corporate_actions_and_adjusted_price_reconciliation;last_trading_date;actual_redemption_amount_and_payment_confirmation;redemption_unit_basis;resolve_vendor_price_integrity_flags,unverified
442580,KR7442580007,PLUS 글로벌HBM반도체,2022-09-22,,historical_classification_and_eligibility;corporate_actions_and_adjusted_price_reconciliation,unverified
189400,KR7189400005,PLUS 글로벌MSCI(합성 H),2013-12-10,,historical_classification_and_eligibility;corporate_actions_and_adjusted_price_reconciliation,unverified
496770,KR7496770009,PLUS 글로벌방산,2024-11-12,,historical_classification_and_eligibility;corporate_actions_and_adjusted_price_reconciliation,unverified
419650,KR7419650007,PLUS 글로벌수소&차세대연료전지,2022-02-15,,historical_classification_and_eligibility;corporate_actions_and_adjusted_price_reconciliation,unverified
0007G0,KR70007G0009,PLUS 글로벌원자력밸류체인,2025-01-14,,historical_classification_and_eligibility;corporate_actions_and_adjusted_price_reconciliation,unverified
0166T0,KR70166T0001,PLUS 글로벌저작권핵심기업액티브,2026-03-31,,historical_classification_and_eligibility;corporate_actions_and_adjusted_price_reconciliation,unverified
0035T0,KR70035T0000,PLUS 글로벌휴머노이드로봇액티브,2025-04-15,,historical_classification_and_eligibility;corporate_actions_and_adjusted_price_reconciliation,unverified
415920,KR7415920008,PLUS 글로벌희토류&전략자원생산기업,2022-01-18,,historical_classification_and_eligibility;corporate_actions_and_adjusted_price_reconciliation,unverified
0138Y0,KR70138Y0009,PLUS 금채권혼합,2025-12-16,,historical_classification_and_eligibility;corporate_actions_and_adjusted_price_reconciliation,unverified
278620,KR7278620000,PLUS 단기채권액티브,2017-09-26,,historical_classification_and_eligibility;corporate_actions_and_adjusted_price_reconciliation,unverified
477050,KR7477050009,PLUS 머니마켓액티브,2024-03-26,,historical_classification_and_eligibility;corporate_actions_and_adjusted_price_reconciliation,unverified
0050E0,KR70050E0007,PLUS 미국AI에이전트,2025-05-20,,historical_classification_and_eligibility;corporate_actions_and_adjusted_price_reconciliation,unverified
429760,KR7429760002,PLUS 미국S&P500,2022-05-31,,historical_classification_and_eligibility;corporate_actions_and_adjusted_price_reconciliation,unverified
269540,KR7269540001,PLUS 미국S&P500(H),2017-05-16,,historical_classification_and_eligibility;corporate_actions_and_adjusted_price_reconciliation,unverified
0057H0,KR70057H0007,PLUS 미국S&P500미국채혼합50액티브,2025-06-10,,historical_classification_and_eligibility;corporate_actions_and_adjusted_price_reconciliation,unverified
494410,KR7494410004,PLUS 미국S&P500성장주,2024-10-22,,historical_classification_and_eligibility;corporate_actions_and_adjusted_price_reconciliation,unverified
0153X0,KR70153X0000,PLUS 미국고배당주액티브,2026-01-27,,historical_classification_and_eligibility;corporate_actions_and_adjusted_price_reconciliation,unverified
0089B0,KR70089B0005,PLUS 미국나스닥100미국채혼합50,2025-08-19,,historical_classification_and_eligibility;corporate_actions_and_adjusted_price_reconciliation,unverified
287180,KR7287180004,PLUS 미국나스닥테크,2017-12-13,,historical_classification_and_eligibility;corporate_actions_and_adjusted_price_reconciliation,unverified
213630,KR7213630007,PLUS 미국다우존스고배당주(합성 H),2015-01-26,,historical_classification_and_eligibility;corporate_actions_and_adjusted_price_reconciliation,unverified
332610,KR7332610005,PLUS 미국단기회사채(AAA~A),2019-08-20,,historical_classification_and_eligibility;corporate_actions_and_adjusted_price_reconciliation,unverified
456200,KR7456200005,PLUS 미국달러SOFR금리액티브(합성),2023-05-09,,historical_classification_and_eligibility;corporate_actions_and_adjusted_price_reconciliation,unverified
426410,KR7426410007,PLUS 미국대체투자Top10,2022-05-11,2025-02-20,historical_classification_and_eligibility;corporate_actions_and_adjusted_price_reconciliation;last_trading_date;actual_redemption_amount_and_payment_confirmation;redemption_unit_basis;resolve_vendor_price_integrity_flags,unverified
0078V0,KR70078V0004,PLUS 미국로보택시,2025-07-22,,historical_classification_and_eligibility;corporate_actions_and_adjusted_price_reconciliation,unverified
494420,KR7494420003,PLUS 미국배당증가성장주데일리커버드콜,2024-10-22,,historical_classification_and_eligibility;corporate_actions_and_adjusted_price_reconciliation,unverified
0023B0,KR70023B0004,PLUS 미국양자컴퓨팅TOP10,2025-03-11,,historical_classification_and_eligibility;corporate_actions_and_adjusted_price_reconciliation,unverified
332620,KR7332620004,PLUS 미국장기우량회사채,2019-08-20,,historical_classification_and_eligibility;corporate_actions_and_adjusted_price_reconciliation,unverified
464470,KR7464470004,PLUS 미국채30년액티브,2023-08-22,,historical_classification_and_eligibility;corporate_actions_and_adjusted_price_reconciliation,unverified
461900,KR7461900003,PLUS 미국테크TOP10,2023-07-18,,historical_classification_and_eligibility;corporate_actions_and_adjusted_price_reconciliation,unverified
461910,KR7461910002,PLUS 미국테크TOP10레버리지(합성),2023-07-18,,historical_classification_and_eligibility;corporate_actions_and_adjusted_price_reconciliation,unverified
0193K0,KR70193K0007,PLUS 삼성전자단일종목레버리지,2026-05-27,,historical_classification_and_eligibility;corporate_actions_and_adjusted_price_reconciliation,unverified
0193L0,KR70193L0006,PLUS 삼성전자선물단일종목인버스2X,2026-05-27,,historical_classification_and_eligibility;corporate_actions_and_adjusted_price_reconciliation,unverified
195970,KR7195970009,PLUS 선진국MSCI(합성 H),2014-05-13,,historical_classification_and_eligibility;corporate_actions_and_adjusted_price_reconciliation,unverified
238670,KR7238670004,PLUS 스마트베타Quality채권혼합,2016-02-24,,historical_classification_and_eligibility;corporate_actions_and_adjusted_price_reconciliation,unverified
195980,KR7195980008,PLUS 신흥국MSCI(합성 H),2014-05-13,,historical_classification_and_eligibility;corporate_actions_and_adjusted_price_reconciliation,unverified
373530,KR7373530005,PLUS 신흥국MSCI인버스(합성 H),2020-12-16,2025-12-19,historical_classification_and_eligibility;corporate_actions_and_adjusted_price_reconciliation;last_trading_date;actual_redemption_amount_and_payment_confirmation;redemption_unit_basis;resolve_vendor_price_integrity_flags,unverified
256450,KR7256450008,PLUS 심천차이넥스트(합성),2016-11-08,,historical_classification_and_eligibility;corporate_actions_and_adjusted_price_reconciliation,unverified
447660,KR7447660002,PLUS 애플채권혼합,2022-11-29,,historical_classification_and_eligibility;corporate_actions_and_adjusted_price_reconciliation,unverified
239660,KR7239660004,PLUS 우량회사채50,2016-03-22,,historical_classification_and_eligibility;corporate_actions_and_adjusted_price_reconciliation,unverified
421320,KR7421320003,PLUS 우주항공,2022-03-29,,historical_classification_and_eligibility;corporate_actions_and_adjusted_price_reconciliation,unverified
0184N0,KR70184N0005,PLUS 은채권혼합,2026-05-12,,historical_classification_and_eligibility;corporate_actions_and_adjusted_price_reconciliation,unverified
464920,KR7464920008,PLUS 일본반도체소부장,2023-08-31,,historical_classification_and_eligibility;corporate_actions_and_adjusted_price_reconciliation,unverified
489000,KR7489000000,PLUS 일본엔화초단기국채(합성),2024-08-13,,historical_classification_and_eligibility;corporate_actions_and_adjusted_price_reconciliation,unverified
0098N0,KR70098N0000,PLUS 자사주매입고배당주,2025-09-16,,historical_classification_and_eligibility;corporate_actions_and_adjusted_price_reconciliation,unverified
451000,KR7451000004,PLUS 종합채권(AA-이상)액티브,2023-01-10,,historical_classification_and_eligibility;corporate_actions_and_adjusted_price_reconciliation,unverified
280920,KR7280920000,PLUS 주도업종,2017-10-17,,historical_classification_and_eligibility;corporate_actions_and_adjusted_price_reconciliation,unverified
0184L0,KR70184L0007,PLUS 중기종합채권(A-이상)액티브,2026-05-12,,historical_classification_and_eligibility;corporate_actions_and_adjusted_price_reconciliation,unverified
266550,KR7266550003,PLUS 중형주저변동50,2017-03-28,,historical_classification_and_eligibility;corporate_actions_and_adjusted_price_reconciliation,unverified
0047N0,KR70047N0002,PLUS 차이나AI테크TOP10,2025-05-13,,historical_classification_and_eligibility;corporate_actions_and_adjusted_price_reconciliation,unverified
0128D0,KR70128D0006,PLUS 차이나항셍테크위클리타겟커버드콜,2025-11-18,,historical_classification_and_eligibility;corporate_actions_and_adjusted_price_reconciliation,unverified
495040,KR7495040008,PLUS 코리아밸류업,2024-11-04,,historical_classification_and_eligibility;corporate_actions_and_adjusted_price_reconciliation,unverified
301400,KR7301400008,PLUS 코스닥150,2018-07-05,,historical_classification_and_eligibility;corporate_actions_and_adjusted_price_reconciliation,unverified
301410,KR7301410007,PLUS 코스닥150선물인버스,2018-07-11,2026-06-25,historical_classification_and_eligibility;corporate_actions_and_adjusted_price_reconciliation;last_trading_date;actual_redemption_amount_and_payment_confirmation;redemption_unit_basis;resolve_vendor_price_integrity_flags,unverified
0166N0,KR70166N0007,PLUS 코스닥150액티브,2026-03-17,,historical_classification_and_eligibility;corporate_actions_and_adjusted_price_reconciliation,unverified
227830,KR7227830007,PLUS 코스피,2015-09-23,,historical_classification_and_eligibility;corporate_actions_and_adjusted_price_reconciliation,unverified
122090,KR7122090004,PLUS 코스피50,2010-01-07,,historical_classification_and_eligibility;corporate_actions_and_adjusted_price_reconciliation,unverified
328370,KR7328370002,PLUS 코스피TR,2019-06-25,,historical_classification_and_eligibility;corporate_actions_and_adjusted_price_reconciliation,unverified
457990,KR7457990000,PLUS 태양광&ESS,2023-06-20,,historical_classification_and_eligibility;corporate_actions_and_adjusted_price_reconciliation,unverified
0132K0,KR70132K0001,PLUS 테슬라위클리커버드콜채권혼합,2025-12-09,,historical_classification_and_eligibility;corporate_actions_and_adjusted_price_reconciliation,unverified
0000J0,KR70000J0003,PLUS 한화그룹주,2024-12-24,,historical_classification_and_eligibility;corporate_actions_and_adjusted_price_reconciliation,unverified
148020,KR7148020001,RISE 200,2011-10-20,,historical_classification_and_eligibility;corporate_actions_and_adjusted_price_reconciliation,unverified
361580,KR7361580004,RISE 200TR,2020-08-21,,historical_classification_and_eligibility;corporate_actions_and_adjusted_price_reconciliation,unverified
290080,KR7290080001,RISE 200고배당커버드콜ATM,2018-02-27,,historical_classification_and_eligibility;corporate_actions_and_adjusted_price_reconciliation,unverified
284980,KR7284980000,RISE 200금융,2017-12-08,,historical_classification_and_eligibility;corporate_actions_and_adjusted_price_reconciliation,unverified
252400,KR7252400007,RISE 200선물레버리지,2016-09-12,,historical_classification_and_eligibility;corporate_actions_and_adjusted_price_reconciliation,unverified
252410,KR7252410006,RISE 200선물인버스,2016-09-12,,historical_classification_and_eligibility;corporate_actions_and_adjusted_price_reconciliation,unverified
252420,KR7252420005,RISE 200선물인버스2X,2016-09-22,,historical_classification_and_eligibility;corporate_actions_and_adjusted_price_reconciliation,unverified
475720,KR7475720009,RISE 200위클리커버드콜,2024-03-05,,historical_classification_and_eligibility;corporate_actions_and_adjusted_price_reconciliation,unverified
183700,KR7183700004,RISE 200채권혼합50,2013-10-17,,historical_classification_and_eligibility;corporate_actions_and_adjusted_price_reconciliation,unverified
464540,KR7464540004,RISE 25-03 회사채(AA-이상)액티브,2023-08-17,2025-03-19,historical_classification_and_eligibility;corporate_actions_and_adjusted_price_reconciliation;last_trading_date;actual_redemption_amount_and_payment_confirmation;redemption_unit_basis;resolve_vendor_price_integrity_flags,unverified
483230,KR7483230009,RISE 25-06 은행채(AA+이상)액티브,2024-06-18,2025-06-25,historical_classification_and_eligibility;corporate_actions_and_adjusted_price_reconciliation;last_trading_date;actual_redemption_amount_and_payment_confirmation;redemption_unit_basis;resolve_vendor_price_integrity_flags,unverified
448600,KR7448600007,RISE 25-11 회사채(AA-이상)액티브,2022-11-22,2025-11-21,historical_classification_and_eligibility;corporate_actions_and_adjusted_price_reconciliation;last_trading_date;actual_redemption_amount_and_payment_confirmation;redemption_unit_basis;resolve_vendor_price_integrity_flags,unverified
0122W0,KR70122W0009,RISE 26-11 회사채(AA-이상)액티브,2025-11-18,,historical_classification_and_eligibility;corporate_actions_and_adjusted_price_reconciliation,unverified
465330,KR7465330009,RISE 2차전지TOP10,2023-09-12,,historical_classification_and_eligibility;corporate_actions_and_adjusted_price_reconciliation,unverified
465350,KR7465350007,RISE 2차전지TOP10인버스(합성),2023-09-12,,historical_classification_and_eligibility;corporate_actions_and_adjusted_price_reconciliation,unverified
422420,KR7422420000,RISE 2차전지액티브,2022-04-08,,historical_classification_and_eligibility;corporate_actions_and_adjusted_price_reconciliation,unverified
105780,KR7105780001,RISE 5대그룹주,2008-10-22,,historical_classification_and_eligibility;corporate_actions_and_adjusted_price_reconciliation,unverified
469070,KR7469070007,RISE AI&로봇,2023-10-24,,historical_classification_and_eligibility;corporate_actions_and_adjusted_price_reconciliation,unverified
0093A0,KR70093A0000,RISE AI반도체TOP10,2025-08-26,,historical_classification_and_eligibility;corporate_actions_and_adjusted_price_reconciliation,unverified
0101N0,KR70101N0005,RISE AI전력인프라,2025-09-23,,historical_classification_and_eligibility;corporate_actions_and_adjusted_price_reconciliation,unverified
427120,KR7427120001,RISE AI플랫폼,2022-05-17,,historical_classification_and_eligibility;corporate_actions_and_adjusted_price_reconciliation,unverified
477080,KR7477080006,RISE CD금리액티브(합성),2024-03-26,,historical_classification_and_eligibility;corporate_actions_and_adjusted_price_reconciliation,unverified
290130,KR7290130004,RISE ESG사회책임투자,2018-02-27,,historical_classification_and_eligibility;corporate_actions_and_adjusted_price_reconciliation,unverified
326240,KR7326240009,RISE IT플러스,2019-06-20,,historical_classification_and_eligibility;corporate_actions_and_adjusted_price_reconciliation,unverified
385560,KR7385560008,RISE KIS국고채30년Enhanced,2021-05-26,,historical_classification_and_eligibility;corporate_actions_and_adjusted_price_reconciliation,unverified
479520,KR7479520009,RISE KOFR금리액티브(합성),2024-04-30,,historical_classification_and_eligibility;corporate_actions_and_adjusted_price_reconciliation,unverified
469580,KR7469580005,RISE KP달러채권액티브,2023-11-09,2025-01-22,historical_classification_and_eligibility;corporate_actions_and_adjusted_price_reconciliation;last_trading_date;actual_redemption_amount_and_payment_confirmation;redemption_unit_basis;resolve_vendor_price_integrity_flags,unverified
270800,KR7270800006,RISE KQ고배당,2017-07-07,,historical_classification_and_eligibility;corporate_actions_and_adjusted_price_reconciliation,unverified
292050,KR7292050002,RISE KRX300,2018-03-26,,historical_classification_and_eligibility;corporate_actions_and_adjusted_price_reconciliation,unverified
388280,KR7388280000,RISE K엔터&여행레저,2021-06-10,,historical_classification_and_eligibility;corporate_actions_and_adjusted_price_reconciliation,unverified
0192L0,KR70192L0007,RISE SK하이닉스단일종목레버리지,2026-05-27,,historical_classification_and_eligibility;corporate_actions_and_adjusted_price_reconciliation,unverified
442550,KR7442550000,RISE TDF2030액티브 적격,2022-09-22,,historical_classification_and_eligibility;corporate_actions_and_adjusted_price_reconciliation,unverified
442560,KR7442560009,RISE TDF2040액티브 적격,2022-09-22,,historical_classification_and_eligibility;corporate_actions_and_adjusted_price_reconciliation,unverified
442570,KR7442570008,RISE TDF2050액티브 적격,2022-09-22,,historical_classification_and_eligibility;corporate_actions_and_adjusted_price_reconciliation,unverified
234310,KR7234310001,RISE V&S셀렉트밸류,2016-02-02,,historical_classification_and_eligibility;corporate_actions_and_adjusted_price_reconciliation,unverified
241390,KR7241390004,RISE V&S셀렉트밸류채권혼합,2016-04-12,,historical_classification_and_eligibility;corporate_actions_and_adjusted_price_reconciliation,unverified
300640,KR7300640000,RISE 게임테마,2018-07-24,,historical_classification_and_eligibility;corporate_actions_and_adjusted_price_reconciliation,unverified
266160,KR7266160001,RISE 고배당,2017-04-14,,historical_classification_and_eligibility;corporate_actions_and_adjusted_price_reconciliation,unverified
481430,KR7481430007,RISE 국고채10년액티브,2024-05-21,,historical_classification_and_eligibility;corporate_actions_and_adjusted_price_reconciliation,unverified
114100,KR7114100001,RISE 국고채3년,2009-07-29,,historical_classification_and_eligibility;corporate_actions_and_adjusted_price_reconciliation,unverified
282000,KR7282000009,RISE 국고채3년선물인버스,2017-11-09,,historical_classification_and_eligibility;corporate_actions_and_adjusted_price_reconciliation,unverified
451670,KR7451670004,RISE 국채30년레버리지(합성),2023-02-14,,historical_classification_and_eligibility;corporate_actions_and_adjusted_price_reconciliation,unverified
295000,KR7295000004,RISE 국채선물10년,2018-05-11,,historical_classification_and_eligibility;corporate_actions_and_adjusted_price_reconciliation,unverified
295020,KR7295020002,RISE 국채선물10년인버스,2018-05-11,,historical_classification_and_eligibility;corporate_actions_and_adjusted_price_reconciliation,unverified
432600,KR7432600005,RISE 국채선물3년,2022-06-14,,historical_classification_and_eligibility;corporate_actions_and_adjusted_price_reconciliation,unverified
397420,KR7397420001,RISE 국채선물5년추종,2021-08-31,2026-08-20,historical_classification_and_eligibility;corporate_actions_and_adjusted_price_reconciliation;last_trading_date;actual_redemption_amount_and_payment_confirmation;redemption_unit_basis;resolve_vendor_price_integrity_flags,unverified
397410,KR7397410002,RISE 국채선물5년추종인버스,2021-08-31,2025-05-22,historical_classification_and_eligibility;corporate_actions_and_adjusted_price_reconciliation;last_trading_date;actual_redemption_amount_and_payment_confirmation;redemption_unit_basis;resolve_vendor_price_integrity_flags,unverified
0233N0,KR70233N0006,RISE 글로벌AI낸드메모리반도체,2026-09-01,,historical_classification_and_eligibility;corporate_actions_and_adjusted_price_reconciliation,unverified
0114X0,KR70114X0008,RISE 글로벌게임테크TOP3Plus,2025-10-21,,historical_classification_and_eligibility;corporate_actions_and_adjusted_price_reconciliation,unverified
437370,KR7437370000,RISE 글로벌농업경제,2022-07-29,,historical_classification_and_eligibility;corporate_actions_and_adjusted_price_reconciliation,unverified
375270,KR7375270006,RISE 글로벌데이터센터리츠(합성),2021-01-14,,historical_classification_and_eligibility;corporate_actions_and_adjusted_price_reconciliation,unverified
475380,KR7475380002,RISE 글로벌리얼티인컴,2024-02-20,,historical_classification_and_eligibility;corporate_actions_and_adjusted_price_reconciliation,unverified
411720,KR7411720006,RISE 글로벌메타버스,2021-12-22,2025-01-22,historical_classification_and_eligibility;corporate_actions_and_adjusted_price_reconciliation;last_trading_date;actual_redemption_amount_and_payment_confirmation;redemption_unit_basis;resolve_vendor_price_integrity_flags,unverified
476310,KR7476310008,RISE 글로벌비만산업TOP2+,2024-02-27,,historical_classification_and_eligibility;corporate_actions_and_adjusted_price_reconciliation,unverified
417450,KR7417450004,RISE 글로벌수소경제,2022-02-15,,historical_classification_and_eligibility;corporate_actions_and_adjusted_price_reconciliation,unverified
442320,KR7442320008,RISE 글로벌원자력,2022-10-13,,historical_classification_and_eligibility;corporate_actions_and_adjusted_price_reconciliation,unverified
461490,KR7461490005,RISE 글로벌자산배분액티브,2023-06-27,,historical_classification_and_eligibility;corporate_actions_and_adjusted_price_reconciliation,unverified
459750,KR7459750006,RISE 글로벌주식분산액티브,2023-06-27,,historical_classification_and_eligibility;corporate_actions_and_adjusted_price_reconciliation,unverified
399580,KR7399580000,RISE 글로벌클린에너지,2021-10-21,,historical_classification_and_eligibility;corporate_actions_and_adjusted_price_reconciliation,unverified
276650,KR7276650009,RISE 글로벌테크놀로지(합성 H),2017-08-17,,historical_classification_and_eligibility;corporate_actions_and_adjusted_price_reconciliation,unverified
336160,KR7336160007,RISE 금융채액티브,2019-10-29,,historical_classification_and_eligibility;corporate_actions_and_adjusted_price_reconciliation,unverified
326230,KR7326230000,RISE 내수주플러스,2019-06-20,,historical_classification_and_eligibility;corporate_actions_and_adjusted_price_reconciliation,unverified
367760,KR7367760006,RISE 네트워크인프라,2020-10-29,,historical_classification_and_eligibility;corporate_actions_and_adjusted_price_reconciliation,unverified
272560,KR7272560004,RISE 단기국공채액티브,2017-06-29,,historical_classification_and_eligibility;corporate_actions_and_adjusted_price_reconciliation,unverified
385550,KR7385550009,RISE 단기채권알파액티브,2021-05-26,,historical_classification_and_eligibility;corporate_actions_and_adjusted_price_reconciliation,unverified
196230,KR7196230007,RISE 단기통안채,2014-05-19,,historical_classification_and_eligibility;corporate_actions_and_adjusted_price_reconciliation,unverified
0061Z0,KR70061Z0009,RISE 단기특수은행채액티브,2025-06-24,,historical_classification_and_eligibility;corporate_actions_and_adjusted_price_reconciliation,unverified
315960,KR7315960005,RISE 대형고배당10TR,2019-01-22,,historical_classification_and_eligibility;corporate_actions_and_adjusted_price_reconciliation,unverified
0138D0,KR70138D0004,RISE 동학개미,2025-12-16,,historical_classification_and_eligibility;corporate_actions_and_adjusted_price_reconciliation,unverified
455890,KR7455890004,RISE 머니마켓액티브,2023-05-09,,historical_classification_and_eligibility;corporate_actions_and_adjusted_price_reconciliation,unverified
401170,KR7401170006,RISE 메타버스,2021-10-13,,historical_classification_and_eligibility;corporate_actions_and_adjusted_price_reconciliation,unverified
481340,KR7481340008,RISE 미국30년국채액티브,2024-05-28,,historical_classification_and_eligibility;corporate_actions_and_adjusted_price_reconciliation,unverified
472870,KR7472870005,RISE 미국30년국채엔화노출(합성 H),2023-12-27,,historical_classification_and_eligibility;corporate_actions_and_adjusted_price_reconciliation,unverified
472830,KR7472830009,RISE 미국30년국채커버드콜(합성),2023-12-14,,historical_classification_and_eligibility;corporate_actions_and_adjusted_price_reconciliation,unverified
485690,KR7485690002,RISE 미국AI밸류체인TOP3Plus,2024-07-23,,historical_classification_and_eligibility;corporate_actions_and_adjusted_price_reconciliation,unverified
490590,KR7490590007,RISE 미국AI밸류체인데일리고정커버드콜,2024-10-02,,historical_classification_and_eligibility;corporate_actions_and_adjusted_price_reconciliation,unverified
0176E0,KR70176E0006,RISE 미국AI전력인프라액티브,2026-04-07,,historical_classification_and_eligibility;corporate_actions_and_adjusted_price_reconciliation,unverified
0127R0,KR70127R0001,RISE 미국AI클라우드인프라,2025-11-25,,historical_classification_and_eligibility;corporate_actions_and_adjusted_price_reconciliation,unverified
495940,KR7495940009,RISE 미국AI테크액티브,2024-11-26,,historical_classification_and_eligibility;corporate_actions_and_adjusted_price_reconciliation,unverified
379780,KR7379780000,RISE 미국S&P500,2021-04-09,,historical_classification_and_eligibility;corporate_actions_and_adjusted_price_reconciliation,unverified
453330,KR7453330003,RISE 미국S&P500(H),2023-03-21,,historical_classification_and_eligibility;corporate_actions_and_adjusted_price_reconciliation,unverified
0138T0,KR70138T0006,RISE 미국S&P500데일리고정커버드콜,2025-12-23,,historical_classification_and_eligibility;corporate_actions_and_adjusted_price_reconciliation,unverified
0005C0,KR70005C0005,RISE 미국S&P500엔화노출(합성 H),2025-01-14,,historical_classification_and_eligibility;corporate_actions_and_adjusted_price_reconciliation,unverified
460660,KR7460660004,RISE 미국S&P배당킹,2023-06-27,,historical_classification_and_eligibility;corporate_actions_and_adjusted_price_reconciliation,unverified
219390,KR7219390002,RISE 미국S&P원유생산기업(합성 H),2015-06-02,,historical_classification_and_eligibility;corporate_actions_and_adjusted_price_reconciliation,unverified
0115C0,KR70115C0002,RISE 미국고배당다우존스TOP10,2025-10-21,,historical_classification_and_eligibility;corporate_actions_and_adjusted_price_reconciliation,unverified
354240,KR7354240004,RISE 미국고정배당우선증권,2020-05-19,,historical_classification_and_eligibility;corporate_actions_and_adjusted_price_reconciliation,unverified
368590,KR7368590006,RISE 미국나스닥100,2020-11-06,,historical_classification_and_eligibility;corporate_actions_and_adjusted_price_reconciliation,unverified
437350,KR7437350002,RISE 미국단기투자등급회사채액티브,2022-07-29,,historical_classification_and_eligibility;corporate_actions_and_adjusted_price_reconciliation,unverified
455960,KR7455960005,RISE 미국달러SOFR금리액티브(합성),2023-05-16,,historical_classification_and_eligibility;corporate_actions_and_adjusted_price_reconciliation,unverified
469530,KR7469530000,RISE 미국달러선물인버스,2023-11-09,,historical_classification_and_eligibility;corporate_actions_and_adjusted_price_reconciliation,unverified
469060,KR7469060008,RISE 미국반도체NYSE,2023-10-24,,historical_classification_and_eligibility;corporate_actions_and_adjusted_price_reconciliation,unverified
469050,KR7469050009,RISE 미국반도체NYSE(H),2023-10-24,,historical_classification_and_eligibility;corporate_actions_and_adjusted_price_reconciliation,unverified
491630,KR7491630000,RISE 미국반도체인버스(합성 H),2024-10-22,,historical_classification_and_eligibility;corporate_actions_and_adjusted_price_reconciliation,unverified
490600,KR7490600004,RISE 미국배당100데일리고정커버드콜,2024-09-24,,historical_classification_and_eligibility;corporate_actions_and_adjusted_price_reconciliation,unverified
0018Z0,KR70018Z0003,RISE 미국양자컴퓨팅,2025-03-11,,historical_classification_and_eligibility;corporate_actions_and_adjusted_price_reconciliation,unverified
0218J0,KR70218J0001,RISE 미국우주&로봇TOP2미국채혼합50,2026-07-14,,historical_classification_and_eligibility;corporate_actions_and_adjusted_price_reconciliation,unverified
0227K0,KR70227K0007,RISE 미국우주위성통신,2026-08-11,,historical_classification_and_eligibility;corporate_actions_and_adjusted_price_reconciliation,unverified
0013P0,KR70013P0000,RISE 미국은행TOP10,2025-02-18,,historical_classification_and_eligibility;corporate_actions_and_adjusted_price_reconciliation,unverified
267440,KR7267440006,RISE 미국장기국채선물(H),2017-04-20,,historical_classification_and_eligibility;corporate_actions_and_adjusted_price_reconciliation,unverified
267490,KR7267490001,RISE 미국장기국채선물레버리지(합성 H),2017-04-20,,historical_classification_and_eligibility;corporate_actions_and_adjusted_price_reconciliation,unverified
267450,KR7267450005,RISE 미국장기국채선물인버스(H),2017-04-20,,historical_classification_and_eligibility;corporate_actions_and_adjusted_price_reconciliation,unverified
0036Z0,KR70036Z0001,RISE 미국천연가스밸류체인,2025-04-22,,historical_classification_and_eligibility;corporate_actions_and_adjusted_price_reconciliation,unverified
491620,KR7491620001,RISE 미국테크100데일리고정커버드콜,2024-10-02,,historical_classification_and_eligibility;corporate_actions_and_adjusted_price_reconciliation,unverified
0036R0,KR70036R0001,RISE 미국휴머노이드로봇,2025-04-15,,historical_classification_and_eligibility;corporate_actions_and_adjusted_price_reconciliation,unverified
0000Z0,KR70000Z0003,RISE 바이오TOP10액티브,2024-12-24,,historical_classification_and_eligibility;corporate_actions_and_adjusted_price_reconciliation,unverified
446700,KR7446700007,RISE 배터리 리사이클링,2022-11-01,,historical_classification_and_eligibility;corporate_actions_and_adjusted_price_reconciliation,unverified
475350,KR7475350005,RISE 버크셔포트폴리오TOP10,2024-02-27,,historical_classification_and_eligibility;corporate_actions_and_adjusted_price_reconciliation,unverified
388420,KR7388420002,RISE 비메모리반도체액티브,2021-06-10,,historical_classification_and_eligibility;corporate_actions_and_adjusted_price_reconciliation,unverified
448630,KR7448630004,RISE 삼성그룹Top3채권혼합,2022-11-29,,historical_classification_and_eligibility;corporate_actions_and_adjusted_price_reconciliation,unverified
0162Z0,KR70162Z0007,RISE 삼성전자SK하이닉스채권혼합50,2026-02-26,,historical_classification_and_eligibility;corporate_actions_and_adjusted_price_reconciliation,unverified
0192M0,KR70192M0006,RISE 삼성전자단일종목레버리지,2026-05-27,,historical_classification_and_eligibility;corporate_actions_and_adjusted_price_reconciliation,unverified
367770,KR7367770005,RISE 수소경제테마,2020-10-29,,historical_classification_and_eligibility;corporate_actions_and_adjusted_price_reconciliation,unverified
140570,KR7140570003,RISE 수출주,2011-04-15,,historical_classification_and_eligibility;corporate_actions_and_adjusted_price_reconciliation,unverified
0093B0,KR70093B0009,RISE 엔비디아고정테크100,2025-08-26,,historical_classification_and_eligibility;corporate_actions_and_adjusted_price_reconciliation,unverified
140580,KR7140580002,RISE 우량업종대표주,2011-04-15,,historical_classification_and_eligibility;corporate_actions_and_adjusted_price_reconciliation,unverified
379790,KR7379790009,RISE 유로스탁스50(H),2021-04-09,,historical_classification_and_eligibility;corporate_actions_and_adjusted_price_reconciliation,unverified
498610,KR7498610005,RISE 인도디지털성장,2025-04-01,,historical_classification_and_eligibility;corporate_actions_and_adjusted_price_reconciliation,unverified
488480,KR7488480005,RISE 일본섹터TOP4Plus,2024-08-20,,historical_classification_and_eligibility;corporate_actions_and_adjusted_price_reconciliation,unverified
385540,KR7385540000,RISE 종합채권(A-이상)액티브,2021-05-26,,historical_classification_and_eligibility;corporate_actions_and_adjusted_price_reconciliation,unverified
183710,KR7183710003,RISE 주식혼합,2013-10-17,,historical_classification_and_eligibility;corporate_actions_and_adjusted_price_reconciliation,unverified
310080,KR7310080007,RISE 중국MSCI China(H),2018-11-28,,historical_classification_and_eligibility;corporate_actions_and_adjusted_price_reconciliation,unverified
463300,KR7463300004,RISE 중국본토CSI300,2023-08-08,,historical_classification_and_eligibility;corporate_actions_and_adjusted_price_reconciliation,unverified
174360,KR7174360008,RISE 중국본토대형주CSI100,2013-06-04,,historical_classification_and_eligibility;corporate_actions_and_adjusted_price_reconciliation,unverified
136340,KR7136340007,RISE 중기우량회사채,2011-04-15,,historical_classification_and_eligibility;corporate_actions_and_adjusted_price_reconciliation,unverified
281990,KR7281990002,RISE 중소형고배당,2017-11-02,,historical_classification_and_eligibility;corporate_actions_and_adjusted_price_reconciliation,unverified
272570,KR7272570003,RISE 중장기국공채액티브,2017-06-29,,historical_classification_and_eligibility;corporate_actions_and_adjusted_price_reconciliation,unverified
0164G0,KR70164G0008,RISE 차이나AI반도체TOP4Plus,2026-03-10,,historical_classification_and_eligibility;corporate_actions_and_adjusted_price_reconciliation,unverified
250730,KR7250730009,RISE 차이나HSCEI(H),2016-08-10,,historical_classification_and_eligibility;corporate_actions_and_adjusted_price_reconciliation,unverified
291680,KR7291680007,RISE 차이나H선물인버스(H),2018-03-23,,historical_classification_and_eligibility;corporate_actions_and_adjusted_price_reconciliation,unverified
0094L0,KR70094L0006,RISE 차이나테크TOP10위클리타겟커버드콜,2025-09-02,,historical_classification_and_eligibility;corporate_actions_and_adjusted_price_reconciliation,unverified
371150,KR7371150004,RISE 차이나항셍테크,2020-12-16,,historical_classification_and_eligibility;corporate_actions_and_adjusted_price_reconciliation,unverified
427110,KR7427110002,RISE 창업투자회사,2022-05-17,2025-01-22,historical_classification_and_eligibility;corporate_actions_and_adjusted_price_reconciliation;last_trading_date;actual_redemption_amount_and_payment_confirmation;redemption_unit_basis;resolve_vendor_price_integrity_flags,unverified
498860,KR7498860006,RISE 코리아금융고배당,2024-12-10,,historical_classification_and_eligibility;corporate_actions_and_adjusted_price_reconciliation,unverified
495050,KR7495050007,RISE 코리아밸류업,2024-11-04,,historical_classification_and_eligibility;corporate_actions_and_adjusted_price_reconciliation,unverified
0094M0,KR70094M0005,RISE 코리아밸류업위클리고정커버드콜,2025-09-02,,historical_classification_and_eligibility;corporate_actions_and_adjusted_price_reconciliation,unverified
0151P0,KR70151P0002,RISE 코리아전략산업액티브,2026-01-20,,historical_classification_and_eligibility;corporate_actions_and_adjusted_price_reconciliation,unverified
270810,KR7270810005,RISE 코스닥150,2017-06-16,,historical_classification_and_eligibility;corporate_actions_and_adjusted_price_reconciliation,unverified
278240,KR7278240007,RISE 코스닥150선물레버리지,2017-08-31,,historical_classification_and_eligibility;corporate_actions_and_adjusted_price_reconciliation,unverified
275750,KR7275750008,RISE 코스닥150선물인버스,2017-08-01,,historical_classification_and_eligibility;corporate_actions_and_adjusted_price_reconciliation,unverified
0223A0,KR70223A0003,RISE 코스닥커버드콜액티브,2026-07-28,,historical_classification_and_eligibility;corporate_actions_and_adjusted_price_reconciliation,unverified
302450,KR7302450002,RISE 코스피,2018-07-24,,historical_classification_and_eligibility;corporate_actions_and_adjusted_price_reconciliation,unverified
0047P0,KR70047P0000,RISE 테슬라고정테크100,2025-05-13,,historical_classification_and_eligibility;corporate_actions_and_adjusted_price_reconciliation,unverified
0013R0,KR70013R0008,RISE 테슬라미국채타겟커버드콜혼합(합성),2025-02-18,,historical_classification_and_eligibility;corporate_actions_and_adjusted_price_reconciliation,unverified
449580,KR7449580000,RISE 테슬라애플아마존채권혼합,2022-12-20,,historical_classification_and_eligibility;corporate_actions_and_adjusted_price_reconciliation,unverified
334690,KR7334690005,RISE 팔라듐선물(H),2019-09-24,,historical_classification_and_eligibility;corporate_actions_and_adjusted_price_reconciliation,unverified
334700,KR7334700002,RISE 팔라듐선물인버스(H),2019-09-24,,historical_classification_and_eligibility;corporate_actions_and_adjusted_price_reconciliation,unverified
0047R0,KR70047R0008,RISE 팔란티어고정테크100,2025-05-13,,historical_classification_and_eligibility;corporate_actions_and_adjusted_price_reconciliation,unverified
253280,KR7253280002,RISE 헬스케어,2016-09-23,,historical_classification_and_eligibility;corporate_actions_and_adjusted_price_reconciliation,unverified
253290,KR7253290001,RISE 헬스케어채권혼합,2016-09-23,,historical_classification_and_eligibility;corporate_actions_and_adjusted_price_reconciliation,unverified
0190C0,KR70190C0000,RISE 현대차고정피지컬AI,2026-05-12,,historical_classification_and_eligibility;corporate_actions_and_adjusted_price_reconciliation,unverified
411540,KR7411540008,SOL 200 Top10,2021-12-09,,historical_classification_and_eligibility;corporate_actions_and_adjusted_price_reconciliation,unverified
295040,KR7295040000,SOL 200TR,2018-04-23,,historical_classification_and_eligibility;corporate_actions_and_adjusted_price_reconciliation,unverified
0167B0,KR70167B0000,SOL 200타겟위클리커버드콜,2026-03-17,,historical_classification_and_eligibility;corporate_actions_and_adjusted_price_reconciliation,unverified
449540,KR7449540004,SOL 24-06 국고채액티브,2022-12-16,2024-06-07,historical_classification_and_eligibility;corporate_actions_and_adjusted_price_reconciliation;last_trading_date;actual_redemption_amount_and_payment_confirmation;redemption_unit_basis;resolve_vendor_price_integrity_flags,unverified
469820,KR7469820005,SOL 24-12 회사채(AA-이상)액티브,2023-11-07,2024-12-09,historical_classification_and_eligibility;corporate_actions_and_adjusted_price_reconciliation;last_trading_date;actual_redemption_amount_and_payment_confirmation;redemption_unit_basis;resolve_vendor_price_integrity_flags,unverified
462540,KR7462540006,SOL 25-09 회사채(AA-이상)액티브,2023-08-08,2025-09-09,historical_classification_and_eligibility;corporate_actions_and_adjusted_price_reconciliation;last_trading_date;actual_redemption_amount_and_payment_confirmation;redemption_unit_basis;resolve_vendor_price_integrity_flags,unverified
488980,KR7488980004,SOL 26-12 회사채(AA-이상)액티브,2024-10-08,,historical_classification_and_eligibility;corporate_actions_and_adjusted_price_reconciliation,unverified
0092C0,KR70092C0009,SOL 27-12 회사채(AA-이상)액티브,2025-08-19,,historical_classification_and_eligibility;corporate_actions_and_adjusted_price_reconciliation,unverified
455860,KR7455860007,SOL 2차전지소부장Fn,2023-04-25,,historical_classification_and_eligibility;corporate_actions_and_adjusted_price_reconciliation,unverified
0167A0,KR70167A0001,SOL AI반도체TOP2플러스,2026-03-17,,historical_classification_and_eligibility;corporate_actions_and_adjusted_price_reconciliation,unverified
455850,KR7455850008,SOL AI반도체소부장,2023-04-25,,historical_classification_and_eligibility;corporate_actions_and_adjusted_price_reconciliation,unverified
497880,KR7497880005,SOL CD금리&머니마켓액티브,2024-11-26,,historical_classification_and_eligibility;corporate_actions_and_adjusted_price_reconciliation,unverified
363510,KR7363510009,SOL KIS단기통안채,2020-09-09,,historical_classification_and_eligibility;corporate_actions_and_adjusted_price_reconciliation,unverified
292500,KR7292500006,SOL KRX300,2018-03-26,,historical_classification_and_eligibility;corporate_actions_and_adjusted_price_reconciliation,unverified
404650,KR7404650004,SOL KRX기후변화솔루션,2021-10-29,,historical_classification_and_eligibility;corporate_actions_and_adjusted_price_reconciliation,unverified
490480,KR7490480001,SOL K방산,2024-10-02,,historical_classification_and_eligibility;corporate_actions_and_adjusted_price_reconciliation,unverified
0197W0,KR70197W0009,SOL SK하이닉스단일종목레버리지,2026-05-27,,historical_classification_and_eligibility;corporate_actions_and_adjusted_price_reconciliation,unverified
0197X0,KR70197X0008,SOL SK하이닉스선물단일종목인버스2X,2026-05-27,,historical_classification_and_eligibility;corporate_actions_and_adjusted_price_reconciliation,unverified
438570,KR7438570004,SOL 국고채10년,2022-09-06,,historical_classification_and_eligibility;corporate_actions_and_adjusted_price_reconciliation,unverified
474390,KR7474390002,SOL 국고채30년액티브,2024-01-16,,historical_classification_and_eligibility;corporate_actions_and_adjusted_price_reconciliation,unverified
438560,KR7438560005,SOL 국고채3년,2022-09-06,,historical_classification_and_eligibility;corporate_actions_and_adjusted_price_reconciliation,unverified
0066W0,KR70066W0007,SOL 국제금,2025-06-17,,historical_classification_and_eligibility;corporate_actions_and_adjusted_price_reconciliation,unverified
0022T0,KR70022T0005,SOL 국제금커버드콜액티브,2025-03-11,,historical_classification_and_eligibility;corporate_actions_and_adjusted_price_reconciliation,unverified
423170,KR7423170000,SOL 글로벌AI반도체탑픽액티브,2022-04-12,,historical_classification_and_eligibility;corporate_actions_and_adjusted_price_reconciliation,unverified
400590,KR7400590006,SOL 글로벌탄소배출권선물ICE(합성),2021-09-30,,historical_classification_and_eligibility;corporate_actions_and_adjusted_price_reconciliation,unverified
484880,KR7484880000,SOL 금융지주플러스고배당,2024-06-25,,historical_classification_and_eligibility;corporate_actions_and_adjusted_price_reconciliation,unverified
484890,KR7484890009,SOL 머니마켓액티브,2024-06-25,,historical_classification_and_eligibility;corporate_actions_and_adjusted_price_reconciliation,unverified
461600,KR7461600009,SOL 미국30년국채액티브(H),2023-07-11,,historical_classification_and_eligibility;corporate_actions_and_adjusted_price_reconciliation,unverified
473330,KR7473330009,SOL 미국30년국채커버드콜(합성),2023-12-27,,historical_classification_and_eligibility;corporate_actions_and_adjusted_price_reconciliation,unverified
494210,KR7494210008,SOL 미국500타겟데일리커버드콜액티브,2024-10-15,,historical_classification_and_eligibility;corporate_actions_and_adjusted_price_reconciliation,unverified
479620,KR7479620007,SOL 미국AI반도체칩메이커,2024-04-16,,historical_classification_and_eligibility;corporate_actions_and_adjusted_price_reconciliation,unverified
481180,KR7481180008,SOL 미국AI소프트웨어,2024-05-14,,historical_classification_and_eligibility;corporate_actions_and_adjusted_price_reconciliation,unverified
486450,KR7486450000,SOL 미국AI전력인프라,2024-07-16,,historical_classification_and_eligibility;corporate_actions_and_adjusted_price_reconciliation,unverified
433330,KR7433330008,SOL 미국S&P500,2022-06-21,,historical_classification_and_eligibility;corporate_actions_and_adjusted_price_reconciliation,unverified
399110,KR7399110006,SOL 미국S&P500ESG,2021-09-14,,historical_classification_and_eligibility;corporate_actions_and_adjusted_price_reconciliation,unverified
0080X0,KR70080X0008,SOL 미국S&P500미국채혼합50,2025-07-15,,historical_classification_and_eligibility;corporate_actions_and_adjusted_price_reconciliation,unverified
499150,KR7499150001,SOL 미국S&P500엔화노출(H),2024-12-03,,historical_classification_and_eligibility;corporate_actions_and_adjusted_price_reconciliation,unverified
447620,KR7447620006,SOL 미국TOP5채권혼합50,2022-11-29,,historical_classification_and_eligibility;corporate_actions_and_adjusted_price_reconciliation,unverified
476030,KR7476030002,SOL 미국나스닥100,2024-03-12,,historical_classification_and_eligibility;corporate_actions_and_adjusted_price_reconciliation,unverified
0118S0,KR70118S0001,SOL 미국넥스트테크TOP10액티브,2025-10-28,,historical_classification_and_eligibility;corporate_actions_and_adjusted_price_reconciliation,unverified
446720,KR7446720005,SOL 미국배당다우존스,2022-11-15,,historical_classification_and_eligibility;corporate_actions_and_adjusted_price_reconciliation,unverified
452360,KR7452360001,SOL 미국배당다우존스(H),2023-03-21,,historical_classification_and_eligibility;corporate_actions_and_adjusted_price_reconciliation,unverified
493420,KR7493420004,SOL 미국배당다우존스2호,2024-10-08,,historical_classification_and_eligibility;corporate_actions_and_adjusted_price_reconciliation,unverified
490490,KR7490490000,SOL 미국배당미국채혼합50,2024-09-24,,historical_classification_and_eligibility;corporate_actions_and_adjusted_price_reconciliation,unverified
0023A0,KR70023A0005,SOL 미국양자컴퓨팅TOP10,2025-03-11,,historical_classification_and_eligibility;corporate_actions_and_adjusted_price_reconciliation,unverified
0181L0,KR70181L0000,SOL 미국우주항공TOP10,2026-04-21,,historical_classification_and_eligibility;corporate_actions_and_adjusted_price_reconciliation,unverified
0051G0,KR70051G0004,SOL 미국원자력SMR,2025-05-20,,historical_classification_and_eligibility;corporate_actions_and_adjusted_price_reconciliation,unverified
481190,KR7481190007,SOL 미국테크TOP10,2024-05-21,,historical_classification_and_eligibility;corporate_actions_and_adjusted_price_reconciliation,unverified
481200,KR7481200004,SOL 미국테크TOP10인버스(합성),2024-05-21,2026-02-23,historical_classification_and_eligibility;corporate_actions_and_adjusted_price_reconciliation;last_trading_date;actual_redemption_amount_and_payment_confirmation;redemption_unit_basis;resolve_vendor_price_integrity_flags,unverified
475300,KR7475300000,SOL 반도체전공정,2024-02-14,,historical_classification_and_eligibility;corporate_actions_and_adjusted_price_reconciliation,unverified
475310,KR7475310009,SOL 반도체후공정,2024-02-14,,historical_classification_and_eligibility;corporate_actions_and_adjusted_price_reconciliation,unverified
0152E0,KR70152E0004,SOL 배당성향탑픽액티브,2026-01-13,,historical_classification_and_eligibility;corporate_actions_and_adjusted_price_reconciliation,unverified
208470,KR7208470005,SOL 선진국MSCI World(합성 H),2014-11-24,2022-04-20,historical_classification_and_eligibility;corporate_actions_and_adjusted_price_reconciliation;last_trading_date;actual_redemption_amount_and_payment_confirmation;redemption_unit_basis;resolve_vendor_price_integrity_flags,unverified
0207G0,KR70207G0007,SOL 우주항공밸류체인,2026-06-16,,historical_classification_and_eligibility;corporate_actions_and_adjusted_price_reconciliation,unverified
400580,KR7400580007,SOL 유럽탄소배출권선물S&P(H),2021-09-30,,historical_classification_and_eligibility;corporate_actions_and_adjusted_price_reconciliation,unverified
459370,KR7459370003,SOL 유럽탄소배출권선물인버스ICE(H),2023-06-20,2025-12-19,historical_classification_and_eligibility;corporate_actions_and_adjusted_price_reconciliation;last_trading_date;actual_redemption_amount_and_payment_confirmation;redemption_unit_basis;resolve_vendor_price_integrity_flags,unverified
464610,KR7464610005,SOL 의료기기소부장Fn,2023-08-22,,historical_classification_and_eligibility;corporate_actions_and_adjusted_price_reconciliation,unverified
466930,KR7466930005,SOL 자동차TOP3플러스,2023-10-05,,historical_classification_and_eligibility;corporate_actions_and_adjusted_price_reconciliation,unverified
464600,KR7464600006,SOL 자동차소부장Fn,2023-08-22,,historical_classification_and_eligibility;corporate_actions_and_adjusted_price_reconciliation,unverified
0005D0,KR70005D0004,SOL 전고체배터리&실리콘음극재,2025-01-07,,historical_classification_and_eligibility;corporate_actions_and_adjusted_price_reconciliation,unverified
466920,KR7466920006,SOL 조선TOP3플러스,2023-10-05,,historical_classification_and_eligibility;corporate_actions_and_adjusted_price_reconciliation,unverified
0080Y0,KR70080Y0007,SOL 조선TOP3플러스레버리지,2025-07-15,,historical_classification_and_eligibility;corporate_actions_and_adjusted_price_reconciliation,unverified
0141S0,KR70141S0002,SOL 조선기자재,2025-12-16,,historical_classification_and_eligibility;corporate_actions_and_adjusted_price_reconciliation,unverified
436140,KR7436140008,SOL 종합채권(AA-이상)액티브,2022-08-09,,historical_classification_and_eligibility;corporate_actions_and_adjusted_price_reconciliation,unverified
0141T0,KR70141T0001,SOL 중기종합채권(AA-이상)액티브,2025-12-16,,historical_classification_and_eligibility;corporate_actions_and_adjusted_price_reconciliation,unverified
0016X0,KR70016X0007,SOL 중단기회사채(A-이상)액티브,2025-02-18,,historical_classification_and_eligibility;corporate_actions_and_adjusted_price_reconciliation,unverified
220130,KR7220130009,SOL 차이나강소기업CSI500(합성 H),2015-06-08,,historical_classification_and_eligibility;corporate_actions_and_adjusted_price_reconciliation,unverified
0131A0,KR70131A0004,SOL 차이나소비트렌드,2025-11-25,,historical_classification_and_eligibility;corporate_actions_and_adjusted_price_reconciliation,unverified
415760,KR7415760008,SOL 차이나육성산업액티브(합성),2022-01-13,,historical_classification_and_eligibility;corporate_actions_and_adjusted_price_reconciliation,unverified
413220,KR7413220005,SOL 차이나태양광CSI(합성),2021-12-22,,historical_classification_and_eligibility;corporate_actions_and_adjusted_price_reconciliation,unverified
469830,KR7469830004,SOL 초단기채권액티브,2023-11-07,,historical_classification_and_eligibility;corporate_actions_and_adjusted_price_reconciliation,unverified
0105E0,KR70105E0002,SOL 코리아고배당,2025-09-23,,historical_classification_and_eligibility;corporate_actions_and_adjusted_price_reconciliation,unverified
444200,KR7444200000,SOL 코리아메가테크액티브,2022-10-18,,historical_classification_and_eligibility;corporate_actions_and_adjusted_price_reconciliation,unverified
495550,KR7495550006,SOL 코리아밸류업TR,2024-11-04,,historical_classification_and_eligibility;corporate_actions_and_adjusted_price_reconciliation,unverified
450910,KR7450910005,SOL 코스닥150,2023-01-31,,historical_classification_and_eligibility;corporate_actions_and_adjusted_price_reconciliation,unverified
0192T0,KR70192T0009,SOL 코스닥TOP10,2026-05-19,,historical_classification_and_eligibility;corporate_actions_and_adjusted_price_reconciliation,unverified
0192S0,KR70192S0000,SOL 코스피200채권혼합50,2026-05-19,,historical_classification_and_eligibility;corporate_actions_and_adjusted_price_reconciliation,unverified
0040X0,KR70040X0007,SOL 팔란티어미국채커버드콜혼합,2025-04-22,,historical_classification_and_eligibility;corporate_actions_and_adjusted_price_reconciliation,unverified
0040Y0,KR70040Y0006,SOL 팔란티어커버드콜OTM채권혼합,2025-04-22,,historical_classification_and_eligibility;corporate_actions_and_adjusted_price_reconciliation,unverified
0105D0,KR70105D0003,SOL 한국AI소프트웨어,2025-09-23,,historical_classification_and_eligibility;corporate_actions_and_adjusted_price_reconciliation,unverified
0092B0,KR70092B0000,SOL 한국원자력SMR,2025-08-19,,historical_classification_and_eligibility;corporate_actions_and_adjusted_price_reconciliation,unverified
429980,KR7429980006,SOL 한국형글로벌전기차&2차전지액티브,2022-06-14,,historical_classification_and_eligibility;corporate_actions_and_adjusted_price_reconciliation,unverified
429990,KR7429990005,SOL 한국형글로벌플랫폼&메타버스액티브,2022-06-14,2025-01-17,historical_classification_and_eligibility;corporate_actions_and_adjusted_price_reconciliation;last_trading_date;actual_redemption_amount_and_payment_confirmation;redemption_unit_basis;resolve_vendor_price_integrity_flags,unverified
0008T0,KR70008T0003,SOL 화장품TOP3플러스,2025-01-21,,historical_classification_and_eligibility;corporate_actions_and_adjusted_price_reconciliation,unverified
0139F0,KR70139F0001,TIGER 12월자동연장금융채(AA-이상)액티브,2025-12-09,,historical_classification_and_eligibility;corporate_actions_and_adjusted_price_reconciliation,unverified
102110,KR7102110004,TIGER 200,2008-04-03,,historical_classification_and_eligibility;corporate_actions_and_adjusted_price_reconciliation,unverified
139260,KR7139260004,TIGER 200 IT,2011-04-06,,historical_classification_and_eligibility;corporate_actions_and_adjusted_price_reconciliation,unverified
139220,KR7139220008,TIGER 200 건설,2011-04-06,,historical_classification_and_eligibility;corporate_actions_and_adjusted_price_reconciliation,unverified
139290,KR7139290001,TIGER 200 경기소비재,2011-04-06,,historical_classification_and_eligibility;corporate_actions_and_adjusted_price_reconciliation,unverified
139270,KR7139270003,TIGER 200 금융,2011-04-06,,historical_classification_and_eligibility;corporate_actions_and_adjusted_price_reconciliation,unverified
227550,KR7227550001,TIGER 200 산업재,2015-09-23,,historical_classification_and_eligibility;corporate_actions_and_adjusted_price_reconciliation,unverified
227560,KR7227560000,TIGER 200 생활소비재,2015-09-23,,historical_classification_and_eligibility;corporate_actions_and_adjusted_price_reconciliation,unverified
139250,KR7139250005,TIGER 200 에너지화학,2011-04-06,,historical_classification_and_eligibility;corporate_actions_and_adjusted_price_reconciliation,unverified
139230,KR7139230007,TIGER 200 중공업,2011-04-06,,historical_classification_and_eligibility;corporate_actions_and_adjusted_price_reconciliation,unverified
139240,KR7139240006,TIGER 200 철강소재,2011-04-06,,historical_classification_and_eligibility;corporate_actions_and_adjusted_price_reconciliation,unverified
227540,KR7227540002,TIGER 200 헬스케어,2015-09-23,,historical_classification_and_eligibility;corporate_actions_and_adjusted_price_reconciliation,unverified
243880,KR7243880002,TIGER 200IT레버리지,2016-05-13,,historical_classification_and_eligibility;corporate_actions_and_adjusted_price_reconciliation,unverified
310960,KR7310960000,TIGER 200TR,2018-11-20,,historical_classification_and_eligibility;corporate_actions_and_adjusted_price_reconciliation,unverified
252000,KR7252000005,TIGER 200동일가중,2016-09-20,,historical_classification_and_eligibility;corporate_actions_and_adjusted_price_reconciliation,unverified
267770,KR7267770006,TIGER 200선물레버리지,2017-04-25,,historical_classification_and_eligibility;corporate_actions_and_adjusted_price_reconciliation,unverified
252710,KR7252710009,TIGER 200선물인버스2X,2016-09-22,,historical_classification_and_eligibility;corporate_actions_and_adjusted_price_reconciliation,unverified
243890,KR7243890001,TIGER 200에너지화학레버리지,2016-05-13,,historical_classification_and_eligibility;corporate_actions_and_adjusted_price_reconciliation,unverified
315270,KR7315270009,TIGER 200커뮤니케이션서비스,2019-01-15,,historical_classification_and_eligibility;corporate_actions_and_adjusted_price_reconciliation,unverified
289480,KR7289480006,TIGER 200커버드콜,2018-02-09,,historical_classification_and_eligibility;corporate_actions_and_adjusted_price_reconciliation,unverified
166400,KR7166400002,TIGER 200커버드콜OTM,2012-10-25,,historical_classification_and_eligibility;corporate_actions_and_adjusted_price_reconciliation,unverified
0104N0,KR70104N0002,TIGER 200타겟위클리커버드콜,2025-09-23,,historical_classification_and_eligibility;corporate_actions_and_adjusted_price_reconciliation,unverified
447780,KR7447780008,TIGER 23-12 국공채액티브,2022-12-09,2023-12-13,historical_classification_and_eligibility;corporate_actions_and_adjusted_price_reconciliation;last_trading_date;actual_redemption_amount_and_payment_confirmation;redemption_unit_basis;resolve_vendor_price_integrity_flags,unverified
453530,KR7453530008,TIGER 24-04 회사채(A+이상)액티브,2023-03-23,2024-04-09,historical_classification_and_eligibility;corporate_actions_and_adjusted_price_reconciliation;last_trading_date;actual_redemption_amount_and_payment_confirmation;redemption_unit_basis;resolve_vendor_price_integrity_flags,unverified
447820,KR7447820002,TIGER 24-10 회사채(A+이상)액티브,2022-11-22,2024-10-08,historical_classification_and_eligibility;corporate_actions_and_adjusted_price_reconciliation;last_trading_date;actual_redemption_amount_and_payment_confirmation;redemption_unit_basis;resolve_vendor_price_integrity_flags,unverified
470260,KR7470260001,TIGER 24-12 금융채(AA-이상),2023-11-21,2024-12-18,historical_classification_and_eligibility;corporate_actions_and_adjusted_price_reconciliation;last_trading_date;actual_redemption_amount_and_payment_confirmation;redemption_unit_basis;resolve_vendor_price_integrity_flags,unverified
453540,KR7453540007,TIGER 25-10 회사채(A+이상)액티브,2023-03-23,2025-10-15,historical_classification_and_eligibility;corporate_actions_and_adjusted_price_reconciliation;last_trading_date;actual_redemption_amount_and_payment_confirmation;redemption_unit_basis;resolve_vendor_price_integrity_flags,unverified
494900,KR7494900004,TIGER 25-12 금융채(AA-이상),2024-10-29,2025-12-17,historical_classification_and_eligibility;corporate_actions_and_adjusted_price_reconciliation;last_trading_date;actual_redemption_amount_and_payment_confirmation;redemption_unit_basis;resolve_vendor_price_integrity_flags,unverified
0001S0,KR70001S0001,TIGER 26-04 회사채(A+이상)액티브,2024-12-24,2026-04-22,historical_classification_and_eligibility;corporate_actions_and_adjusted_price_reconciliation;last_trading_date;actual_redemption_amount_and_payment_confirmation;redemption_unit_basis;resolve_vendor_price_integrity_flags,unverified
480260,KR7480260009,TIGER 27-04회사채(A+이상)액티브,2024-04-23,,historical_classification_and_eligibility;corporate_actions_and_adjusted_price_reconciliation,unverified
0094K0,KR70094K0007,TIGER 28-04 회사채(A+이상)액티브,2025-08-26,,historical_classification_and_eligibility;corporate_actions_and_adjusted_price_reconciliation,unverified
364980,KR7364980003,TIGER 2차전지TOP10,2020-10-07,,historical_classification_and_eligibility;corporate_actions_and_adjusted_price_reconciliation,unverified
412570,KR7412570004,TIGER 2차전지TOP10레버리지,2021-12-15,,historical_classification_and_eligibility;corporate_actions_and_adjusted_price_reconciliation,unverified
462010,KR7462010000,TIGER 2차전지소재Fn,2023-07-13,,historical_classification_and_eligibility;corporate_actions_and_adjusted_price_reconciliation,unverified
305540,KR7305540007,TIGER 2차전지테마,2018-09-12,,historical_classification_and_eligibility;corporate_actions_and_adjusted_price_reconciliation,unverified
471760,KR7471760009,TIGER AI반도체핵심공정,2023-11-21,,historical_classification_and_eligibility;corporate_actions_and_adjusted_price_reconciliation,unverified
365040,KR7365040005,TIGER AI코리아그로스액티브,2020-09-29,,historical_classification_and_eligibility;corporate_actions_and_adjusted_price_reconciliation,unverified
364960,KR7364960005,TIGER BBIG,2020-10-07,,historical_classification_and_eligibility;corporate_actions_and_adjusted_price_reconciliation,unverified
412560,KR7412560005,TIGER BBIG레버리지,2021-12-15,,historical_classification_and_eligibility;corporate_actions_and_adjusted_price_reconciliation,unverified
475630,KR7475630000,TIGER CD1년금리액티브(합성),2024-02-06,,historical_classification_and_eligibility;corporate_actions_and_adjusted_price_reconciliation,unverified
357870,KR7357870005,TIGER CD금리투자KIS(합성),2020-07-07,,historical_classification_and_eligibility;corporate_actions_and_adjusted_price_reconciliation,unverified
499660,KR7499660009,TIGER CD금리플러스액티브(합성),2024-12-17,,historical_classification_and_eligibility;corporate_actions_and_adjusted_price_reconciliation,unverified
400970,KR7400970000,TIGER Fn메타버스,2021-10-13,,historical_classification_and_eligibility;corporate_actions_and_adjusted_price_reconciliation,unverified
377990,KR7377990007,TIGER Fn신재생에너지,2021-03-05,,historical_classification_and_eligibility;corporate_actions_and_adjusted_price_reconciliation,unverified
417630,KR7417630001,TIGER KEDI혁신기업ESG30,2022-02-08,,historical_classification_and_eligibility;corporate_actions_and_adjusted_price_reconciliation,unverified
449170,KR7449170000,TIGER KOFR금리액티브(합성),2022-11-30,,historical_classification_and_eligibility;corporate_actions_and_adjusted_price_reconciliation,unverified
091210,KR7091210005,TIGER KRX100,2006-06-27,2019-09-20,historical_classification_and_eligibility;corporate_actions_and_adjusted_price_reconciliation;last_trading_date;actual_redemption_amount_and_payment_confirmation;redemption_unit_basis;resolve_vendor_price_integrity_flags,unverified
292160,KR7292160009,TIGER KRX300,2018-03-26,,historical_classification_and_eligibility;corporate_actions_and_adjusted_price_reconciliation,unverified
307610,KR7307610006,TIGER KRX300레버리지,2018-10-16,2020-12-24,historical_classification_and_eligibility;corporate_actions_and_adjusted_price_reconciliation;last_trading_date;actual_redemption_amount_and_payment_confirmation;redemption_unit_basis;resolve_vendor_price_integrity_flags,unverified
307620,KR7307620005,TIGER KRX300선물인버스,2018-10-16,2020-09-28,historical_classification_and_eligibility;corporate_actions_and_adjusted_price_reconciliation;last_trading_date;actual_redemption_amount_and_payment_confirmation;redemption_unit_basis;resolve_vendor_price_integrity_flags,unverified
0072R0,KR70072R0006,TIGER KRX금현물,2025-06-24,,historical_classification_and_eligibility;corporate_actions_and_adjusted_price_reconciliation,unverified
404540,KR7404540007,TIGER KRX기후변화솔루션,2021-10-29,,historical_classification_and_eligibility;corporate_actions_and_adjusted_price_reconciliation,unverified
228820,KR7228820007,TIGER KTOP30,2015-10-14,,historical_classification_and_eligibility;corporate_actions_and_adjusted_price_reconciliation,unverified
300610,KR7300610003,TIGER K게임,2018-07-24,,historical_classification_and_eligibility;corporate_actions_and_adjusted_price_reconciliation,unverified
463250,KR7463250001,TIGER K방산&우주,2023-07-25,,historical_classification_and_eligibility;corporate_actions_and_adjusted_price_reconciliation,unverified
138530,KR7138530001,TIGER LG그룹플러스,2011-03-10,,historical_classification_and_eligibility;corporate_actions_and_adjusted_price_reconciliation,unverified
445910,KR7445910003,TIGER MKF배당귀족,2022-10-18,,historical_classification_and_eligibility;corporate_actions_and_adjusted_price_reconciliation,unverified
289260,KR7289260002,TIGER MSCI KOREA ESG리더스,2018-02-07,,historical_classification_and_eligibility;corporate_actions_and_adjusted_price_reconciliation,unverified
289250,KR7289250003,TIGER MSCI KOREA ESG유니버설,2018-02-07,,historical_classification_and_eligibility;corporate_actions_and_adjusted_price_reconciliation,unverified
310970,KR7310970009,TIGER MSCI Korea TR,2018-11-20,,historical_classification_and_eligibility;corporate_actions_and_adjusted_price_reconciliation,unverified
269370,KR7269370003,TIGER S&P글로벌인프라(합성),2017-05-16,,historical_classification_and_eligibility;corporate_actions_and_adjusted_price_reconciliation,unverified
248270,KR7248270001,TIGER S&P글로벌헬스케어(합성),2016-07-01,,historical_classification_and_eligibility;corporate_actions_and_adjusted_price_reconciliation,unverified
0195S0,KR70195S0007,TIGER SK하이닉스단일종목레버리지,2026-05-27,,historical_classification_and_eligibility;corporate_actions_and_adjusted_price_reconciliation,unverified
0025N0,KR70025N0008,TIGER TDF2045 적격,2025-03-25,,historical_classification_and_eligibility;corporate_actions_and_adjusted_price_reconciliation,unverified
453950,KR7453950008,TIGER TSMC파운드리밸류체인,2023-04-04,,historical_classification_and_eligibility;corporate_actions_and_adjusted_price_reconciliation,unverified
217790,KR7217790005,TIGER 가격조정,2015-04-29,2022-12-21,historical_classification_and_eligibility;corporate_actions_and_adjusted_price_reconciliation;last_trading_date;actual_redemption_amount_and_payment_confirmation;redemption_unit_basis;resolve_vendor_price_integrity_flags,unverified
097710,KR7097710008,TIGER 가치주,2007-07-31,2015-12-15,historical_classification_and_eligibility;corporate_actions_and_adjusted_price_reconciliation;last_trading_date;actual_redemption_amount_and_payment_confirmation;redemption_unit_basis;resolve_vendor_price_integrity_flags,unverified
364990,KR7364990002,TIGER 게임TOP10,2020-10-07,,historical_classification_and_eligibility;corporate_actions_and_adjusted_price_reconciliation,unverified
139280,KR7139280002,TIGER 경기방어,2011-04-06,,historical_classification_and_eligibility;corporate_actions_and_adjusted_price_reconciliation,unverified
237440,KR7237440003,TIGER 경기방어채권혼합,2016-01-27,,historical_classification_and_eligibility;corporate_actions_and_adjusted_price_reconciliation,unverified
319640,KR7319640009,TIGER 골드선물(H),2019-04-09,,historical_classification_and_eligibility;corporate_actions_and_adjusted_price_reconciliation,unverified
0190Y0,KR70190Y0004,TIGER 구글밸류체인,2026-05-12,,historical_classification_and_eligibility;corporate_actions_and_adjusted_price_reconciliation,unverified
160580,KR7160580007,TIGER 구리실물,2012-12-17,,historical_classification_and_eligibility;corporate_actions_and_adjusted_price_reconciliation,unverified
451530,KR7451530000,TIGER 국고채30년스트립액티브,2023-02-01,,historical_classification_and_eligibility;corporate_actions_and_adjusted_price_reconciliation,unverified
114820,KR7114820004,TIGER 국채3년,2009-08-27,,historical_classification_and_eligibility;corporate_actions_and_adjusted_price_reconciliation,unverified
302180,KR7302180005,TIGER 국채선물10년인버스,2018-07-20,2021-12-20,historical_classification_and_eligibility;corporate_actions_and_adjusted_price_reconciliation;last_trading_date;actual_redemption_amount_and_payment_confirmation;redemption_unit_basis;resolve_vendor_price_integrity_flags,unverified
302170,KR7302170006,TIGER 국채선물3년인버스,2018-07-20,2021-12-20,historical_classification_and_eligibility;corporate_actions_and_adjusted_price_reconciliation;last_trading_date;actual_redemption_amount_and_payment_confirmation;redemption_unit_basis;resolve_vendor_price_integrity_flags,unverified
137990,KR7137990008,TIGER 그린,2011-01-27,2015-12-15,historical_classification_and_eligibility;corporate_actions_and_adjusted_price_reconciliation;last_trading_date;actual_redemption_amount_and_payment_confirmation;redemption_unit_basis;resolve_vendor_price_integrity_flags,unverified
275980,KR7275980001,TIGER 글로벌4차산업혁신기술(합성 H),2017-08-01,,historical_classification_and_eligibility;corporate_actions_and_adjusted_price_reconciliation,unverified
464310,KR7464310002,TIGER 글로벌AI&로보틱스 INDXX,2023-08-17,,historical_classification_and_eligibility;corporate_actions_and_adjusted_price_reconciliation,unverified
418670,KR7418670006,TIGER 글로벌AI사이버보안,2022-02-22,,historical_classification_and_eligibility;corporate_actions_and_adjusted_price_reconciliation,unverified
466950,KR7466950003,TIGER 글로벌AI액티브,2023-10-11,,historical_classification_and_eligibility;corporate_actions_and_adjusted_price_reconciliation,unverified
491010,KR7491010005,TIGER 글로벌AI전력인프라액티브,2024-09-10,,historical_classification_and_eligibility;corporate_actions_and_adjusted_price_reconciliation,unverified
412770,KR7412770000,TIGER 글로벌AI플랫폼액티브,2021-12-22,,historical_classification_and_eligibility;corporate_actions_and_adjusted_price_reconciliation,unverified
394670,KR7394670004,TIGER 글로벌리튬&2차전지SOLACTIVE(합성),2021-07-20,,historical_classification_and_eligibility;corporate_actions_and_adjusted_price_reconciliation,unverified
440340,KR7440340008,TIGER 글로벌멀티에셋TIF액티브,2022-08-30,,historical_classification_and_eligibility;corporate_actions_and_adjusted_price_reconciliation,unverified
476690,KR7476690003,TIGER 글로벌비만치료제TOP2Plus,2024-02-29,,historical_classification_and_eligibility;corporate_actions_and_adjusted_price_reconciliation,unverified
480310,KR7480310002,TIGER 글로벌온디바이스AI,2024-04-16,,historical_classification_and_eligibility;corporate_actions_and_adjusted_price_reconciliation,unverified
387270,KR7387270002,TIGER 글로벌이노베이션액티브,2021-05-25,,historical_classification_and_eligibility;corporate_actions_and_adjusted_price_reconciliation,unverified
276000,KR7276000007,TIGER 글로벌자원생산기업(합성 H),2017-08-01,,historical_classification_and_eligibility;corporate_actions_and_adjusted_price_reconciliation,unverified
394660,KR7394660005,TIGER 글로벌자율주행&전기차SOLACTIVE,2021-07-20,,historical_classification_and_eligibility;corporate_actions_and_adjusted_price_reconciliation,unverified
371450,KR7371450008,TIGER 글로벌클라우드컴퓨팅INDXX,2020-12-08,,historical_classification_and_eligibility;corporate_actions_and_adjusted_price_reconciliation,unverified
464930,KR7464930007,TIGER 글로벌혁신블루칩TOP10,2023-08-29,,historical_classification_and_eligibility;corporate_actions_and_adjusted_price_reconciliation,unverified
139310,KR7139310007,TIGER 금속선물(H),2011-04-08,2025-08-04,historical_classification_and_eligibility;corporate_actions_and_adjusted_price_reconciliation;last_trading_date;actual_redemption_amount_and_payment_confirmation;redemption_unit_basis;resolve_vendor_price_integrity_flags,unverified
139320,KR7139320006,TIGER 금은선물(H),2011-04-08,,historical_classification_and_eligibility;corporate_actions_and_adjusted_price_reconciliation,unverified
0168K0,KR70168K0008,TIGER 기술이전바이오액티브,2026-03-17,,historical_classification_and_eligibility;corporate_actions_and_adjusted_price_reconciliation,unverified
137610,KR7137610002,TIGER 농산물선물Enhanced(H),2011-01-11,,historical_classification_and_eligibility;corporate_actions_and_adjusted_price_reconciliation,unverified
182490,KR7182490003,TIGER 단기선진하이일드(합성 H),2014-03-24,,historical_classification_and_eligibility;corporate_actions_and_adjusted_price_reconciliation,unverified
272580,KR7272580002,TIGER 단기채권액티브,2017-06-29,,historical_classification_and_eligibility;corporate_actions_and_adjusted_price_reconciliation,unverified
157450,KR7157450008,TIGER 단기통안채,2012-05-16,,historical_classification_and_eligibility;corporate_actions_and_adjusted_price_reconciliation,unverified
253990,KR7253990006,TIGER 대만TAIEX선물(H),2016-10-07,2020-06-23,historical_classification_and_eligibility;corporate_actions_and_adjusted_price_reconciliation;last_trading_date;actual_redemption_amount_and_payment_confirmation;redemption_unit_basis;resolve_vendor_price_integrity_flags,unverified
292110,KR7292110004,TIGER 대형가치,2018-03-30,2021-05-07,historical_classification_and_eligibility;corporate_actions_and_adjusted_price_reconciliation;last_trading_date;actual_redemption_amount_and_payment_confirmation;redemption_unit_basis;resolve_vendor_price_integrity_flags,unverified
292100,KR7292100005,TIGER 대형성장,2018-03-30,2021-05-07,historical_classification_and_eligibility;corporate_actions_and_adjusted_price_reconciliation;last_trading_date;actual_redemption_amount_and_payment_confirmation;redemption_unit_basis;resolve_vendor_price_integrity_flags,unverified
105010,KR7105010003,TIGER 라틴35,2008-08-27,,historical_classification_and_eligibility;corporate_actions_and_adjusted_price_reconciliation,unverified
123320,KR7123320004,TIGER 레버리지,2010-04-09,,historical_classification_and_eligibility;corporate_actions_and_adjusted_price_reconciliation,unverified
174350,KR7174350009,TIGER 로우볼,2013-06-20,,historical_classification_and_eligibility;corporate_actions_and_adjusted_price_reconciliation,unverified
329200,KR7329200000,TIGER 리츠부동산인프라,2019-07-19,,historical_classification_and_eligibility;corporate_actions_and_adjusted_price_reconciliation,unverified
0086C0,KR70086C0007,TIGER 리츠부동산인프라10채권혼합액티브,2025-07-29,,historical_classification_and_eligibility;corporate_actions_and_adjusted_price_reconciliation,unverified
0086B0,KR70086B0008,TIGER 리츠부동산인프라TOP10액티브,2025-07-29,,historical_classification_and_eligibility;corporate_actions_and_adjusted_price_reconciliation,unverified
341850,KR7341850006,TIGER 리츠부동산인프라채권,2020-05-22,,historical_classification_and_eligibility;corporate_actions_and_adjusted_price_reconciliation,unverified
0043B0,KR70043B0000,TIGER 머니마켓액티브,2025-04-22,,historical_classification_and_eligibility;corporate_actions_and_adjusted_price_reconciliation,unverified
147970,KR7147970008,TIGER 모멘텀,2011-10-26,,historical_classification_and_eligibility;corporate_actions_and_adjusted_price_reconciliation,unverified
458250,KR7458250008,TIGER 미국30년국채스트립액티브(합성 H),2023-05-31,,historical_classification_and_eligibility;corporate_actions_and_adjusted_price_reconciliation,unverified
476550,KR7476550009,TIGER 미국30년국채커버드콜액티브(H),2024-02-27,,historical_classification_and_eligibility;corporate_actions_and_adjusted_price_reconciliation,unverified
0142D0,KR70142D0008,TIGER 미국AI데이터센터TOP4Plus,2025-12-09,,historical_classification_and_eligibility;corporate_actions_and_adjusted_price_reconciliation,unverified
491830,KR7491830006,TIGER 미국AI반도체팹리스,2024-09-24,,historical_classification_and_eligibility;corporate_actions_and_adjusted_price_reconciliation,unverified
490090,KR7490090008,TIGER 미국AI빅테크10,2024-08-27,,historical_classification_and_eligibility;corporate_actions_and_adjusted_price_reconciliation,unverified
493810,KR7493810006,TIGER 미국AI빅테크10타겟데일리커버드콜,2024-10-15,,historical_classification_and_eligibility;corporate_actions_and_adjusted_price_reconciliation,unverified
0102A0,KR70102A0009,TIGER 미국AI소프트웨어TOP4Plus,2025-09-09,,historical_classification_and_eligibility;corporate_actions_and_adjusted_price_reconciliation,unverified
0123G0,KR70123G0008,TIGER 미국AI전력SMR,2025-11-04,,historical_classification_and_eligibility;corporate_actions_and_adjusted_price_reconciliation,unverified
182480,KR7182480004,TIGER 미국MSCI리츠(합성 H),2013-10-10,,historical_classification_and_eligibility;corporate_actions_and_adjusted_price_reconciliation,unverified
360750,KR7360750004,TIGER 미국S&P500,2020-08-07,,historical_classification_and_eligibility;corporate_actions_and_adjusted_price_reconciliation,unverified
448290,KR7448290007,TIGER 미국S&P500(H),2022-11-25,,historical_classification_and_eligibility;corporate_actions_and_adjusted_price_reconciliation,unverified
488500,KR7488500000,TIGER 미국S&P500동일가중,2024-07-23,,historical_classification_and_eligibility;corporate_actions_and_adjusted_price_reconciliation,unverified
225040,KR7225040005,TIGER 미국S&P500레버리지(합성 H),2015-07-29,,historical_classification_and_eligibility;corporate_actions_and_adjusted_price_reconciliation,unverified
0238P0,KR70238P0009,TIGER 미국S&P500미국채혼합50,2026-09-08,,historical_classification_and_eligibility;corporate_actions_and_adjusted_price_reconciliation,unverified
429000,KR7429000003,TIGER 미국S&P500배당귀족,2022-05-17,,historical_classification_and_eligibility;corporate_actions_and_adjusted_price_reconciliation,unverified
143850,KR7143850006,TIGER 미국S&P500선물(H),2011-07-18,,historical_classification_and_eligibility;corporate_actions_and_adjusted_price_reconciliation,unverified
225030,KR7225030006,TIGER 미국S&P500선물인버스(H),2015-07-29,,historical_classification_and_eligibility;corporate_actions_and_adjusted_price_reconciliation,unverified
482730,KR7482730009,TIGER 미국S&P500타겟데일리커버드콜,2024-05-21,,historical_classification_and_eligibility;corporate_actions_and_adjusted_price_reconciliation,unverified
133690,KR7133690008,TIGER 미국나스닥100,2010-10-18,,historical_classification_and_eligibility;corporate_actions_and_adjusted_price_reconciliation,unverified
448300,KR7448300004,TIGER 미국나스닥100(H),2022-11-25,,historical_classification_and_eligibility;corporate_actions_and_adjusted_price_reconciliation,unverified
483240,KR7483240008,TIGER 미국나스닥100ETF선물,2024-11-19,2026-06-09,historical_classification_and_eligibility;corporate_actions_and_adjusted_price_reconciliation;last_trading_date;actual_redemption_amount_and_payment_confirmation;redemption_unit_basis;resolve_vendor_price_integrity_flags,unverified
418660,KR7418660007,TIGER 미국나스닥100레버리지(합성),2022-02-22,,historical_classification_and_eligibility;corporate_actions_and_adjusted_price_reconciliation,unverified
435420,KR7435420005,TIGER 미국나스닥100채권혼합50,2022-07-06,,historical_classification_and_eligibility;corporate_actions_and_adjusted_price_reconciliation,unverified
441680,KR7441680006,TIGER 미국나스닥100커버드콜(합성),2022-09-22,,historical_classification_and_eligibility;corporate_actions_and_adjusted_price_reconciliation,unverified
486290,KR7486290000,TIGER 미국나스닥100타겟데일리커버드콜,2024-06-25,,historical_classification_and_eligibility;corporate_actions_and_adjusted_price_reconciliation,unverified
429010,KR7429010002,TIGER 미국나스닥넥스트100,2022-05-17,,historical_classification_and_eligibility;corporate_actions_and_adjusted_price_reconciliation,unverified
203780,KR7203780002,TIGER 미국나스닥바이오,2014-08-27,,historical_classification_and_eligibility;corporate_actions_and_adjusted_price_reconciliation,unverified
245340,KR7245340005,TIGER 미국다우존스30,2016-07-01,,historical_classification_and_eligibility;corporate_actions_and_adjusted_price_reconciliation,unverified
456610,KR7456610005,TIGER 미국달러SOFR금리액티브(합성),2023-05-09,,historical_classification_and_eligibility;corporate_actions_and_adjusted_price_reconciliation,unverified
329750,KR7329750004,TIGER 미국달러단기채권액티브,2019-07-24,,historical_classification_and_eligibility;corporate_actions_and_adjusted_price_reconciliation,unverified
261110,KR7261110001,TIGER 미국달러선물레버리지,2016-12-27,,historical_classification_and_eligibility;corporate_actions_and_adjusted_price_reconciliation,unverified
261120,KR7261120000,TIGER 미국달러선물인버스2X,2016-12-27,,historical_classification_and_eligibility;corporate_actions_and_adjusted_price_reconciliation,unverified
494840,KR7494840002,TIGER 미국방산TOP10,2024-10-29,,historical_classification_and_eligibility;corporate_actions_and_adjusted_price_reconciliation,unverified
458730,KR7458730009,TIGER 미국배당다우존스,2023-06-20,,historical_classification_and_eligibility;corporate_actions_and_adjusted_price_reconciliation,unverified
0008S0,KR70008S0004,TIGER 미국배당다우존스타겟데일리커버드콜,2025-01-21,,historical_classification_and_eligibility;corporate_actions_and_adjusted_price_reconciliation,unverified
458750,KR7458750007,TIGER 미국배당다우존스타겟커버드콜1호,2023-06-20,,historical_classification_and_eligibility;corporate_actions_and_adjusted_price_reconciliation,unverified
458760,KR7458760006,TIGER 미국배당다우존스타겟커버드콜2호,2023-06-20,,historical_classification_and_eligibility;corporate_actions_and_adjusted_price_reconciliation,unverified
0015K0,KR70015K0003,TIGER 미국소비트렌드액티브,2025-02-18,,historical_classification_and_eligibility;corporate_actions_and_adjusted_price_reconciliation,unverified
0183J0,KR70183J0002,TIGER 미국우주테크,2026-04-14,,historical_classification_and_eligibility;corporate_actions_and_adjusted_price_reconciliation,unverified
305080,KR7305080004,TIGER 미국채10년선물,2018-08-30,,historical_classification_and_eligibility;corporate_actions_and_adjusted_price_reconciliation,unverified
0046A0,KR70046A0008,TIGER 미국초단기(3개월이하)국채,2025-04-29,,historical_classification_and_eligibility;corporate_actions_and_adjusted_price_reconciliation,unverified
465670,KR7465670008,TIGER 미국캐시카우100,2023-09-19,,historical_classification_and_eligibility;corporate_actions_and_adjusted_price_reconciliation,unverified
0223R0,KR70223R0004,TIGER 미국테크NYSE100액티브,2026-07-21,,historical_classification_and_eligibility;corporate_actions_and_adjusted_price_reconciliation,unverified
381170,KR7381170000,TIGER 미국테크TOP10 INDXX,2021-04-09,,historical_classification_and_eligibility;corporate_actions_and_adjusted_price_reconciliation,unverified
472160,KR7472160001,TIGER 미국테크TOP10 INDXX(H),2023-12-05,,historical_classification_and_eligibility;corporate_actions_and_adjusted_price_reconciliation,unverified
472170,KR7472170000,TIGER 미국테크TOP10채권혼합,2023-12-05,,historical_classification_and_eligibility;corporate_actions_and_adjusted_price_reconciliation,unverified
474220,KR7474220001,TIGER 미국테크TOP10타겟커버드콜,2024-01-16,,historical_classification_and_eligibility;corporate_actions_and_adjusted_price_reconciliation,unverified
458260,KR7458260007,TIGER 미국투자등급회사채액티브(H),2023-05-31,,historical_classification_and_eligibility;corporate_actions_and_adjusted_price_reconciliation,unverified
497570,KR7497570002,TIGER 미국필라델피아AI반도체나스닥,2024-11-26,,historical_classification_and_eligibility;corporate_actions_and_adjusted_price_reconciliation,unverified
381180,KR7381180009,TIGER 미국필라델피아반도체나스닥,2021-04-09,,historical_classification_and_eligibility;corporate_actions_and_adjusted_price_reconciliation,unverified
423920,KR7423920008,TIGER 미국필라델피아반도체레버리지(합성),2022-04-19,,historical_classification_and_eligibility;corporate_actions_and_adjusted_price_reconciliation,unverified
097720,KR7097720007,TIGER 미드캡,2007-07-31,2015-12-15,historical_classification_and_eligibility;corporate_actions_and_adjusted_price_reconciliation;last_trading_date;actual_redemption_amount_and_payment_confirmation;redemption_unit_basis;resolve_vendor_price_integrity_flags,unverified
228810,KR7228810008,TIGER 미디어컨텐츠,2015-10-07,,historical_classification_and_eligibility;corporate_actions_and_adjusted_price_reconciliation,unverified
364970,KR7364970004,TIGER 바이오TOP10,2020-10-07,,historical_classification_and_eligibility;corporate_actions_and_adjusted_price_reconciliation,unverified
091230,KR7091230003,TIGER 반도체,2006-06-27,,historical_classification_and_eligibility;corporate_actions_and_adjusted_price_reconciliation,unverified
396500,KR7396500001,TIGER 반도체TOP10,2021-08-10,,historical_classification_and_eligibility;corporate_actions_and_adjusted_price_reconciliation,unverified
488080,KR7488080003,TIGER 반도체TOP10레버리지,2024-07-23,,historical_classification_and_eligibility;corporate_actions_and_adjusted_price_reconciliation,unverified
0177R0,KR70177R0000,TIGER 반도체TOP10커버드콜액티브,2026-04-21,,historical_classification_and_eligibility;corporate_actions_and_adjusted_price_reconciliation,unverified
098560,KR7098560006,TIGER 방송통신,2007-09-07,2025-12-04,historical_classification_and_eligibility;corporate_actions_and_adjusted_price_reconciliation;last_trading_date;actual_redemption_amount_and_payment_confirmation;redemption_unit_basis;resolve_vendor_price_integrity_flags,unverified
211560,KR7211560008,TIGER 배당성장,2014-12-17,,historical_classification_and_eligibility;corporate_actions_and_adjusted_price_reconciliation,unverified
472150,KR7472150002,TIGER 배당커버드콜액티브,2023-12-12,,historical_classification_and_eligibility;corporate_actions_and_adjusted_price_reconciliation,unverified
170350,KR7170350003,TIGER 베타플러스,2013-01-17,2021-05-07,historical_classification_and_eligibility;corporate_actions_and_adjusted_price_reconciliation;last_trading_date;actual_redemption_amount_and_payment_confirmation;redemption_unit_basis;resolve_vendor_price_integrity_flags,unverified
105020,KR7105020002,TIGER 브릭스,2008-08-27,2015-02-23,historical_classification_and_eligibility;corporate_actions_and_adjusted_price_reconciliation;last_trading_date;actual_redemption_amount_and_payment_confirmation;redemption_unit_basis;resolve_vendor_price_integrity_flags,unverified
139300,KR7139300008,TIGER 블루칩30,2011-04-08,2013-06-26,historical_classification_and_eligibility;corporate_actions_and_adjusted_price_reconciliation;last_trading_date;actual_redemption_amount_and_payment_confirmation;redemption_unit_basis;resolve_vendor_price_integrity_flags,unverified
138520,KR7138520002,TIGER 삼성그룹,2011-03-07,,historical_classification_and_eligibility;corporate_actions_and_adjusted_price_reconciliation,unverified
0233J0,KR70233J0002,TIGER 삼성전자SK하이닉스미국채혼합50,2026-08-25,,historical_classification_and_eligibility;corporate_actions_and_adjusted_price_reconciliation,unverified
0195R0,KR70195R0008,TIGER 삼성전자단일종목레버리지,2026-05-27,,historical_classification_and_eligibility;corporate_actions_and_adjusted_price_reconciliation,unverified
152180,KR7152180006,TIGER 생활필수품,2012-01-17,2018-12-18,historical_classification_and_eligibility;corporate_actions_and_adjusted_price_reconciliation;last_trading_date;actual_redemption_amount_and_payment_confirmation;redemption_unit_basis;resolve_vendor_price_integrity_flags,unverified
157490,KR7157490004,TIGER 소프트웨어,2012-05-16,,historical_classification_and_eligibility;corporate_actions_and_adjusted_price_reconciliation,unverified
0000D0,KR70000D0009,TIGER 엔비디아미국채커버드콜밸런스(합성),2024-12-17,,historical_classification_and_eligibility;corporate_actions_and_adjusted_price_reconciliation,unverified
228800,KR7228800009,TIGER 여행레저,2015-10-07,,historical_classification_and_eligibility;corporate_actions_and_adjusted_price_reconciliation,unverified
227570,KR7227570009,TIGER 우량가치,2015-09-23,,historical_classification_and_eligibility;corporate_actions_and_adjusted_price_reconciliation,unverified
438330,KR7438330003,TIGER 우량회사채액티브,2022-08-23,,historical_classification_and_eligibility;corporate_actions_and_adjusted_price_reconciliation,unverified
261140,KR7261140008,TIGER 우선주,2017-01-06,,historical_classification_and_eligibility;corporate_actions_and_adjusted_price_reconciliation,unverified
130680,KR7130680002,TIGER 원유선물Enhanced(H),2010-08-02,,historical_classification_and_eligibility;corporate_actions_and_adjusted_price_reconciliation,unverified
217770,KR7217770007,TIGER 원유선물인버스(H),2015-04-29,,historical_classification_and_eligibility;corporate_actions_and_adjusted_price_reconciliation,unverified
195930,KR7195930003,TIGER 유로스탁스50(합성 H),2014-04-30,,historical_classification_and_eligibility;corporate_actions_and_adjusted_price_reconciliation,unverified
225050,KR7225050004,TIGER 유로스탁스레버리지(합성 H),2015-07-29,,historical_classification_and_eligibility;corporate_actions_and_adjusted_price_reconciliation,unverified
245350,KR7245350004,TIGER 유로스탁스배당30,2016-07-01,,historical_classification_and_eligibility;corporate_actions_and_adjusted_price_reconciliation,unverified
0189B0,KR70189B0004,TIGER 은액티브,2026-04-28,,historical_classification_and_eligibility;corporate_actions_and_adjusted_price_reconciliation,unverified
091220,KR7091220004,TIGER 은행,2006-06-27,,historical_classification_and_eligibility;corporate_actions_and_adjusted_price_reconciliation,unverified
466940,KR7466940004,TIGER 은행고배당플러스TOP10,2023-10-17,,historical_classification_and_eligibility;corporate_actions_and_adjusted_price_reconciliation,unverified
307510,KR7307510008,TIGER 의료기기,2018-11-08,,historical_classification_and_eligibility;corporate_actions_and_adjusted_price_reconciliation,unverified
225060,KR7225060003,TIGER 이머징마켓MSCI레버리지(합성 H),2015-07-29,,historical_classification_and_eligibility;corporate_actions_and_adjusted_price_reconciliation,unverified
453870,KR7453870008,TIGER 인도니프티50,2023-04-14,,historical_classification_and_eligibility;corporate_actions_and_adjusted_price_reconciliation,unverified
236350,KR7236350005,TIGER 인도니프티50레버리지(합성),2016-05-13,,historical_classification_and_eligibility;corporate_actions_and_adjusted_price_reconciliation,unverified
479730,KR7479730004,TIGER 인도빌리언컨슈머,2024-05-14,,historical_classification_and_eligibility;corporate_actions_and_adjusted_price_reconciliation,unverified
123310,KR7123310005,TIGER 인버스,2010-03-29,,historical_classification_and_eligibility;corporate_actions_and_adjusted_price_reconciliation,unverified
143570,KR7143570000,TIGER 인버스국채3Y,2011-07-18,2013-06-26,historical_classification_and_eligibility;corporate_actions_and_adjusted_price_reconciliation;last_trading_date;actual_redemption_amount_and_payment_confirmation;redemption_unit_basis;resolve_vendor_price_integrity_flags,unverified
365000,KR7365000009,TIGER 인터넷TOP10,2020-10-07,,historical_classification_and_eligibility;corporate_actions_and_adjusted_price_reconciliation,unverified
195920,KR7195920004,TIGER 일본TOPIX(합성 H),2014-04-30,,historical_classification_and_eligibility;corporate_actions_and_adjusted_price_reconciliation,unverified
248260,KR7248260002,TIGER 일본TOPIX헬스케어(합성),2016-07-01,2022-12-21,historical_classification_and_eligibility;corporate_actions_and_adjusted_price_reconciliation;last_trading_date;actual_redemption_amount_and_payment_confirmation;redemption_unit_basis;resolve_vendor_price_integrity_flags,unverified
241180,KR7241180009,TIGER 일본니케이225,2016-03-31,,historical_classification_and_eligibility;corporate_actions_and_adjusted_price_reconciliation,unverified
465660,KR7465660009,TIGER 일본반도체FACTSET,2023-09-19,,historical_classification_and_eligibility;corporate_actions_and_adjusted_price_reconciliation,unverified
292560,KR7292560000,TIGER 일본엔선물,2018-04-17,,historical_classification_and_eligibility;corporate_actions_and_adjusted_price_reconciliation,unverified
292570,KR7292570009,TIGER 일본엔선물레버리지,2018-04-17,2021-03-23,historical_classification_and_eligibility;corporate_actions_and_adjusted_price_reconciliation;last_trading_date;actual_redemption_amount_and_payment_confirmation;redemption_unit_basis;resolve_vendor_price_integrity_flags,unverified
292580,KR7292580008,TIGER 일본엔선물인버스,2018-04-17,2021-03-23,historical_classification_and_eligibility;corporate_actions_and_adjusted_price_reconciliation;last_trading_date;actual_redemption_amount_and_payment_confirmation;redemption_unit_basis;resolve_vendor_price_integrity_flags,unverified
292590,KR7292590007,TIGER 일본엔선물인버스2X,2018-04-17,2021-03-23,historical_classification_and_eligibility;corporate_actions_and_adjusted_price_reconciliation;last_trading_date;actual_redemption_amount_and_payment_confirmation;redemption_unit_basis;resolve_vendor_price_integrity_flags,unverified
157510,KR7157510009,TIGER 자동차,2012-05-16,2018-12-18,historical_classification_and_eligibility;corporate_actions_and_adjusted_price_reconciliation;last_trading_date;actual_redemption_amount_and_payment_confirmation;redemption_unit_basis;resolve_vendor_price_integrity_flags,unverified
494670,KR7494670003,TIGER 조선TOP10,2024-10-22,,historical_classification_and_eligibility;corporate_actions_and_adjusted_price_reconciliation,unverified
451540,KR7451540009,TIGER 종합채권(AA-이상)액티브,2023-02-01,,historical_classification_and_eligibility;corporate_actions_and_adjusted_price_reconciliation,unverified
150460,KR7150460004,TIGER 중국소비테마,2011-12-16,,historical_classification_and_eligibility;corporate_actions_and_adjusted_price_reconciliation,unverified
0192Z0,KR70192Z0001,TIGER 중기종합채권(A-이상)액티브,2026-05-19,,historical_classification_and_eligibility;corporate_actions_and_adjusted_price_reconciliation,unverified
292120,KR7292120003,TIGER 중소형,2018-03-30,2020-12-24,historical_classification_and_eligibility;corporate_actions_and_adjusted_price_reconciliation;last_trading_date;actual_redemption_amount_and_payment_confirmation;redemption_unit_basis;resolve_vendor_price_integrity_flags,unverified
292140,KR7292140001,TIGER 중소형가치,2018-03-30,2021-05-07,historical_classification_and_eligibility;corporate_actions_and_adjusted_price_reconciliation;last_trading_date;actual_redemption_amount_and_payment_confirmation;redemption_unit_basis;resolve_vendor_price_integrity_flags,unverified
292130,KR7292130002,TIGER 중소형성장,2018-03-30,2021-05-07,historical_classification_and_eligibility;corporate_actions_and_adjusted_price_reconciliation;last_trading_date;actual_redemption_amount_and_payment_confirmation;redemption_unit_basis;resolve_vendor_price_integrity_flags,unverified
302190,KR7302190004,TIGER 중장기국채,2018-07-20,,historical_classification_and_eligibility;corporate_actions_and_adjusted_price_reconciliation,unverified
302200,KR7302200001,TIGER 중장기국채선물인버스,2018-07-20,2020-12-24,historical_classification_and_eligibility;corporate_actions_and_adjusted_price_reconciliation;last_trading_date;actual_redemption_amount_and_payment_confirmation;redemption_unit_basis;resolve_vendor_price_integrity_flags,unverified
302210,KR7302210000,TIGER 중장기국채선물인버스2X,2018-07-20,2020-12-24,historical_classification_and_eligibility;corporate_actions_and_adjusted_price_reconciliation;last_trading_date;actual_redemption_amount_and_payment_confirmation;redemption_unit_basis;resolve_vendor_price_integrity_flags,unverified
157500,KR7157500000,TIGER 증권,2012-05-16,,historical_classification_and_eligibility;corporate_actions_and_adjusted_price_reconciliation,unverified
266140,KR7266140003,TIGER 지속배당,2017-03-30,2020-09-28,historical_classification_and_eligibility;corporate_actions_and_adjusted_price_reconciliation;last_trading_date;actual_redemption_amount_and_payment_confirmation;redemption_unit_basis;resolve_vendor_price_integrity_flags,unverified
307520,KR7307520007,TIGER 지주회사,2018-11-08,,historical_classification_and_eligibility;corporate_actions_and_adjusted_price_reconciliation,unverified
0067Y0,KR70067Y0004,TIGER 차이나AI소프트웨어,2025-06-17,,historical_classification_and_eligibility;corporate_actions_and_adjusted_price_reconciliation,unverified
192090,KR7192090009,TIGER 차이나CSI300,2014-02-17,,historical_classification_and_eligibility;corporate_actions_and_adjusted_price_reconciliation,unverified
204480,KR7204480008,TIGER 차이나CSI300레버리지(합성),2014-09-01,,historical_classification_and_eligibility;corporate_actions_and_adjusted_price_reconciliation,unverified
217780,KR7217780006,TIGER 차이나CSI300인버스(합성),2015-06-10,,historical_classification_and_eligibility;corporate_actions_and_adjusted_price_reconciliation,unverified
245360,KR7245360003,TIGER 차이나HSCEI,2016-06-16,,historical_classification_and_eligibility;corporate_actions_and_adjusted_price_reconciliation,unverified
414780,KR7414780007,TIGER 차이나과창판STAR50(합성),2022-01-13,,historical_classification_and_eligibility;corporate_actions_and_adjusted_price_reconciliation,unverified
0067V0,KR70067V0007,TIGER 차이나글로벌리더스TOP3+,2025-06-17,,historical_classification_and_eligibility;corporate_actions_and_adjusted_price_reconciliation,unverified
371470,KR7371470006,TIGER 차이나바이오테크SOLACTIVE,2020-12-08,,historical_classification_and_eligibility;corporate_actions_and_adjusted_price_reconciliation,unverified
396520,KR7396520009,TIGER 차이나반도체FACTSET,2021-08-10,,historical_classification_and_eligibility;corporate_actions_and_adjusted_price_reconciliation,unverified
371460,KR7371460007,TIGER 차이나전기차SOLACTIVE,2020-12-08,,historical_classification_and_eligibility;corporate_actions_and_adjusted_price_reconciliation,unverified
456680,KR7456680008,TIGER 차이나전기차레버리지(합성),2023-05-09,,historical_classification_and_eligibility;corporate_actions_and_adjusted_price_reconciliation,unverified
0133E0,KR70133E0008,TIGER 차이나증권,2026-02-03,,historical_classification_and_eligibility;corporate_actions_and_adjusted_price_reconciliation,unverified
396510,KR7396510000,TIGER 차이나클린에너지SOLACTIVE,2021-08-10,,historical_classification_and_eligibility;corporate_actions_and_adjusted_price_reconciliation,unverified
0047A0,KR70047A0007,TIGER 차이나테크TOP10,2025-05-13,,historical_classification_and_eligibility;corporate_actions_and_adjusted_price_reconciliation,unverified
117690,KR7117690008,TIGER 차이나항셍30,2009-10-21,,historical_classification_and_eligibility;corporate_actions_and_adjusted_price_reconciliation,unverified
371160,KR7371160003,TIGER 차이나항셍테크,2020-12-16,,historical_classification_and_eligibility;corporate_actions_and_adjusted_price_reconciliation,unverified
438320,KR7438320004,TIGER 차이나항셍테크레버리지(합성 H),2022-08-23,,historical_classification_and_eligibility;corporate_actions_and_adjusted_price_reconciliation,unverified
0053L0,KR70053L0005,TIGER 차이나휴머노이드로봇,2025-05-27,,historical_classification_and_eligibility;corporate_actions_and_adjusted_price_reconciliation,unverified
0117V0,KR70117V0007,TIGER 코리아AI전력기기TOP3플러스,2025-10-21,,historical_classification_and_eligibility;corporate_actions_and_adjusted_price_reconciliation,unverified
292150,KR7292150000,TIGER 코리아TOP10,2018-03-30,,historical_classification_and_eligibility;corporate_actions_and_adjusted_price_reconciliation,unverified
0052D0,KR70052D0006,TIGER 코리아배당다우존스,2025-05-20,,historical_classification_and_eligibility;corporate_actions_and_adjusted_price_reconciliation,unverified
0104P0,KR70104P0000,TIGER 코리아배당다우존스위클리커버드콜,2025-09-23,,historical_classification_and_eligibility;corporate_actions_and_adjusted_price_reconciliation,unverified
496080,KR7496080003,TIGER 코리아밸류업,2024-11-04,,historical_classification_and_eligibility;corporate_actions_and_adjusted_price_reconciliation,unverified
0091P0,KR70091P0005,TIGER 코리아원자력,2025-08-19,,historical_classification_and_eligibility;corporate_actions_and_adjusted_price_reconciliation,unverified
471780,KR7471780007,TIGER 코리아테크액티브,2023-11-28,,historical_classification_and_eligibility;corporate_actions_and_adjusted_price_reconciliation,unverified
0148J0,KR70148J0006,TIGER 코리아휴머노이드로봇산업,2026-01-06,,historical_classification_and_eligibility;corporate_actions_and_adjusted_price_reconciliation,unverified
232080,KR7232080002,TIGER 코스닥150,2015-11-12,,historical_classification_and_eligibility;corporate_actions_and_adjusted_price_reconciliation,unverified
233160,KR7233160001,TIGER 코스닥150 레버리지,2015-12-17,,historical_classification_and_eligibility;corporate_actions_and_adjusted_price_reconciliation,unverified
261060,KR7261060008,TIGER 코스닥150IT,2016-12-15,,historical_classification_and_eligibility;corporate_actions_and_adjusted_price_reconciliation,unverified
267300,KR7267300002,TIGER 코스닥150로우볼,2017-04-25,2020-06-23,historical_classification_and_eligibility;corporate_actions_and_adjusted_price_reconciliation;last_trading_date;actual_redemption_amount_and_payment_confirmation;redemption_unit_basis;resolve_vendor_price_integrity_flags,unverified
261070,KR7261070007,TIGER 코스닥150바이오테크,2016-12-15,,historical_classification_and_eligibility;corporate_actions_and_adjusted_price_reconciliation,unverified
250780,KR7250780004,TIGER 코스닥150선물인버스,2016-08-10,,historical_classification_and_eligibility;corporate_actions_and_adjusted_price_reconciliation,unverified
461580,KR7461580003,TIGER 코스닥글로벌,2023-06-29,,historical_classification_and_eligibility;corporate_actions_and_adjusted_price_reconciliation,unverified
0204S0,KR70204S0006,TIGER 코스닥액티브,2026-06-02,,historical_classification_and_eligibility;corporate_actions_and_adjusted_price_reconciliation,unverified
122390,KR7122390008,TIGER 코스닥프리미어,2010-02-08,2016-04-29,historical_classification_and_eligibility;corporate_actions_and_adjusted_price_reconciliation;last_trading_date;actual_redemption_amount_and_payment_confirmation;redemption_unit_basis;resolve_vendor_price_integrity_flags,unverified
277630,KR7277630000,TIGER 코스피,2017-08-31,,historical_classification_and_eligibility;corporate_actions_and_adjusted_price_reconciliation,unverified
210780,KR7210780003,TIGER 코스피고배당,2014-12-05,,historical_classification_and_eligibility;corporate_actions_and_adjusted_price_reconciliation,unverified
277640,KR7277640009,TIGER 코스피대형주,2017-08-31,,historical_classification_and_eligibility;corporate_actions_and_adjusted_price_reconciliation,unverified
277650,KR7277650008,TIGER 코스피중형주,2017-08-31,,historical_classification_and_eligibility;corporate_actions_and_adjusted_price_reconciliation,unverified
376410,KR7376410007,TIGER 탄소효율그린뉴딜,2021-02-05,,historical_classification_and_eligibility;corporate_actions_and_adjusted_price_reconciliation,unverified
447770,KR7447770009,TIGER 테슬라채권혼합Fn,2022-11-29,,historical_classification_and_eligibility;corporate_actions_and_adjusted_price_reconciliation,unverified
0060H0,KR70060H0002,TIGER 토탈월드스탁액티브,2025-06-24,,historical_classification_and_eligibility;corporate_actions_and_adjusted_price_reconciliation,unverified
387280,KR7387280001,TIGER 퓨처모빌리티액티브,2021-05-25,,historical_classification_and_eligibility;corporate_actions_and_adjusted_price_reconciliation,unverified
449690,KR7449690007,TIGER 한중반도체(합성),2022-12-22,,historical_classification_and_eligibility;corporate_actions_and_adjusted_price_reconciliation,unverified
449680,KR7449680008,TIGER 한중전기차(합성),2022-12-22,,historical_classification_and_eligibility;corporate_actions_and_adjusted_price_reconciliation,unverified
143860,KR7143860005,TIGER 헬스케어,2011-07-18,,historical_classification_and_eligibility;corporate_actions_and_adjusted_price_reconciliation,unverified
138540,KR7138540000,TIGER 현대차그룹플러스,2011-03-10,,historical_classification_and_eligibility;corporate_actions_and_adjusted_price_reconciliation,unverified
228790,KR7228790002,TIGER 화장품,2015-10-07,,historical_classification_and_eligibility;corporate_actions_and_adjusted_price_reconciliation,unverified
157520,KR7157520008,TIGER 화학,2012-05-16,2018-12-18,historical_classification_and_eligibility;corporate_actions_and_adjusted_price_reconciliation;last_trading_date;actual_redemption_amount_and_payment_confirmation;redemption_unit_basis;resolve_vendor_price_integrity_flags,unverified
441800,KR7441800000,TIME Korea플러스배당액티브,2022-09-27,,historical_classification_and_eligibility;corporate_actions_and_adjusted_price_reconciliation,unverified
463050,KR7463050005,TIME K바이오액티브,2023-08-17,,historical_classification_and_eligibility;corporate_actions_and_adjusted_price_reconciliation,unverified
404120,KR7404120008,TIME K신재생에너지액티브,2021-10-29,,historical_classification_and_eligibility;corporate_actions_and_adjusted_price_reconciliation,unverified
385710,KR7385710009,TIME K이노베이션액티브,2021-05-25,,historical_classification_and_eligibility;corporate_actions_and_adjusted_price_reconciliation,unverified
410870,KR7410870000,TIME K컬처액티브,2021-12-15,,historical_classification_and_eligibility;corporate_actions_and_adjusted_price_reconciliation,unverified
456600,KR7456600006,TIME 글로벌AI인공지능액티브,2023-05-16,,historical_classification_and_eligibility;corporate_actions_and_adjusted_price_reconciliation,unverified
485810,KR7485810006,TIME 글로벌바이오액티브,2024-07-02,,historical_classification_and_eligibility;corporate_actions_and_adjusted_price_reconciliation,unverified
494180,KR7494180003,TIME 글로벌소비트렌드액티브,2024-10-29,,historical_classification_and_eligibility;corporate_actions_and_adjusted_price_reconciliation,unverified
478150,KR7478150006,TIME 글로벌우주테크&방산액티브,2024-04-23,,historical_classification_and_eligibility;corporate_actions_and_adjusted_price_reconciliation,unverified
0113D0,KR70113D0003,TIME 글로벌탑픽액티브,2025-10-28,,historical_classification_and_eligibility;corporate_actions_and_adjusted_price_reconciliation,unverified
0185L0,KR70185L0006,TIME 글로벌휴머노이드로봇산업액티브,2026-05-19,,historical_classification_and_eligibility;corporate_actions_and_adjusted_price_reconciliation,unverified
426020,KR7426020004,TIME 미국S&P500액티브,2022-05-11,,historical_classification_and_eligibility;corporate_actions_and_adjusted_price_reconciliation,unverified
426030,KR7426030003,TIME 미국나스닥100액티브,2022-05-11,,historical_classification_and_eligibility;corporate_actions_and_adjusted_price_reconciliation,unverified
0019K0,KR70019K0009,TIME 미국나스닥100채권혼합50액티브,2025-03-25,,historical_classification_and_eligibility;corporate_actions_and_adjusted_price_reconciliation,unverified
0036D0,KR70036D0007,TIME 미국배당다우존스액티브,2025-04-29,2026-08-19,historical_classification_and_eligibility;corporate_actions_and_adjusted_price_reconciliation;last_trading_date;actual_redemption_amount_and_payment_confirmation;redemption_unit_basis;resolve_vendor_price_integrity_flags,unverified
0043Y0,KR70043Y0003,TIME 차이나AI테크액티브,2025-05-13,,historical_classification_and_eligibility;corporate_actions_and_adjusted_price_reconciliation,unverified
495060,KR7495060006,TIME 코리아밸류업액티브,2024-11-04,,historical_classification_and_eligibility;corporate_actions_and_adjusted_price_reconciliation,unverified
0162Y0,KR70162Y0008,TIME 코스닥액티브,2026-03-10,,historical_classification_and_eligibility;corporate_actions_and_adjusted_price_reconciliation,unverified
385720,KR7385720008,TIME 코스피액티브,2021-05-25,,historical_classification_and_eligibility;corporate_actions_and_adjusted_price_reconciliation,unverified
108590,KR7108590001,TREX 200,2009-01-23,,historical_classification_and_eligibility;corporate_actions_and_adjusted_price_reconciliation,unverified
097750,KR7097750004,TREX 중소형가치,2007-07-31,2020-06-23,historical_classification_and_eligibility;corporate_actions_and_adjusted_price_reconciliation;last_trading_date;actual_redemption_amount_and_payment_confirmation;redemption_unit_basis;resolve_vendor_price_integrity_flags,unverified
145850,KR7145850004,TREX 펀더멘탈 200,2011-09-23,,historical_classification_and_eligibility;corporate_actions_and_adjusted_price_reconciliation,unverified
472720,KR7472720002,TRUSTON 주주가치액티브,2023-12-14,,historical_classification_and_eligibility;corporate_actions_and_adjusted_price_reconciliation,unverified
496130,KR7496130006,TRUSTON 코리아밸류업액티브,2024-11-04,,historical_classification_and_eligibility;corporate_actions_and_adjusted_price_reconciliation,unverified
0184V0,KR70184V0005,UNICORN K바이오액티브,2026-05-12,,historical_classification_and_eligibility;corporate_actions_and_adjusted_price_reconciliation,unverified
433250,KR7433250008,UNICORN R&D 액티브,2022-07-06,,historical_classification_and_eligibility;corporate_actions_and_adjusted_price_reconciliation,unverified
494220,KR7494220007,UNICORN SK하이닉스밸류체인액티브,2024-11-07,,historical_classification_and_eligibility;corporate_actions_and_adjusted_price_reconciliation,unverified
470310,KR7470310004,UNICORN 생성형AI강소기업액티브,2023-11-21,,historical_classification_and_eligibility;corporate_actions_and_adjusted_price_reconciliation,unverified
476000,KR7476000005,UNICORN 포스트IPO액티브,2024-02-27,,historical_classification_and_eligibility;corporate_actions_and_adjusted_price_reconciliation,unverified
422260,KR7422260000,VITA MZ소비액티브,2022-03-29,2026-06-25,historical_classification_and_eligibility;corporate_actions_and_adjusted_price_reconciliation;last_trading_date;actual_redemption_amount_and_payment_confirmation;redemption_unit_basis;resolve_vendor_price_integrity_flags,unverified
452440,KR7452440001,VITA 밸류알파액티브,2023-02-21,2026-05-29,historical_classification_and_eligibility;corporate_actions_and_adjusted_price_reconciliation;last_trading_date;actual_redemption_amount_and_payment_confirmation;redemption_unit_basis;resolve_vendor_price_integrity_flags,unverified
448100,KR7448100008,WON 200,2022-12-16,,historical_classification_and_eligibility;corporate_actions_and_adjusted_price_reconciliation,unverified
468820,KR7468820006,WON 25-09 회사채(AA-이상)액티브,2023-10-19,2025-09-26,historical_classification_and_eligibility;corporate_actions_and_adjusted_price_reconciliation;last_trading_date;actual_redemption_amount_and_payment_confirmation;redemption_unit_basis;resolve_vendor_price_integrity_flags,unverified
413930,KR7413930009,WON AI ESG액티브,2022-01-05,,historical_classification_and_eligibility;corporate_actions_and_adjusted_price_reconciliation,unverified
0088N0,KR70088N0002,WON K-글로벌수급상위,2025-08-12,,historical_classification_and_eligibility;corporate_actions_and_adjusted_price_reconciliation,unverified
458030,KR7458030004,WON 국공채머니마켓액티브,2023-05-31,,historical_classification_and_eligibility;corporate_actions_and_adjusted_price_reconciliation,unverified
426150,KR7426150009,WON 대한민국국고채액티브,2022-05-11,,historical_classification_and_eligibility;corporate_actions_and_adjusted_price_reconciliation,unverified
0177A0,KR70177A0009,WON 두산그룹포커스,2026-03-31,,historical_classification_and_eligibility;corporate_actions_and_adjusted_price_reconciliation,unverified
444490,KR7444490007,WON 미국S&P500,2022-10-06,,historical_classification_and_eligibility;corporate_actions_and_adjusted_price_reconciliation,unverified
489290,KR7489290007,WON 미국빌리어네어,2024-09-03,,historical_classification_and_eligibility;corporate_actions_and_adjusted_price_reconciliation,unverified
440910,KR7440910008,WON 미국우주항공방산,2022-08-26,,historical_classification_and_eligibility;corporate_actions_and_adjusted_price_reconciliation,unverified
474590,KR7474590007,WON 반도체밸류체인액티브,2024-01-16,,historical_classification_and_eligibility;corporate_actions_and_adjusted_price_reconciliation,unverified
0203S0,KR70203S0007,WON 삼성전자현대차채권혼합50,2026-06-02,,historical_classification_and_eligibility;corporate_actions_and_adjusted_price_reconciliation,unverified
496020,KR7496020009,WON 전단채플러스액티브,2024-11-19,,historical_classification_and_eligibility;corporate_actions_and_adjusted_price_reconciliation,unverified
488720,KR7488720004,WON 종합채권(AA-이상)액티브,2024-08-06,,historical_classification_and_eligibility;corporate_actions_and_adjusted_price_reconciliation,unverified
0203R0,KR70203R0008,WON 중단기종합채권(A-이상)액티브,2026-06-02,,historical_classification_and_eligibility;corporate_actions_and_adjusted_price_reconciliation,unverified
0154F0,KR70154F0001,WON 초대형IB&금융지주,2026-01-20,,historical_classification_and_eligibility;corporate_actions_and_adjusted_price_reconciliation,unverified
0226G0,KR70226G0004,WON 피지컬AI TOP2플러스액티브,2026-08-04,,historical_classification_and_eligibility;corporate_actions_and_adjusted_price_reconciliation,unverified
480460,KR7480460005,WON 한국부동산TOP3플러스,2024-04-30,,historical_classification_and_eligibility;corporate_actions_and_adjusted_price_reconciliation,unverified
0053M0,KR70053M0004,더제이 중소형포커스액티브,2025-07-22,,historical_classification_and_eligibility;corporate_actions_and_adjusted_price_reconciliation,unverified
137930,KR7137930004,마이다스 200커버드콜5%OTM,2011-02-15,2023-10-27,historical_classification_and_eligibility;corporate_actions_and_adjusted_price_reconciliation;last_trading_date;actual_redemption_amount_and_payment_confirmation;redemption_unit_basis;resolve_vendor_price_integrity_flags,unverified
0112X0,KR70112X0000,마이티 200TR,2025-10-28,,historical_classification_and_eligibility;corporate_actions_and_adjusted_price_reconciliation,unverified
292340,KR7292340007,마이티 200커버드콜ATM레버리지,2018-03-20,2023-12-27,historical_classification_and_eligibility;corporate_actions_and_adjusted_price_reconciliation;last_trading_date;actual_redemption_amount_and_payment_confirmation;redemption_unit_basis;resolve_vendor_price_integrity_flags,unverified
465780,KR7465780005,마이티 26-09 특수채(AAA)액티브,2023-09-21,,historical_classification_and_eligibility;corporate_actions_and_adjusted_price_reconciliation,unverified
0191M0,KR70191M0007,마이티 5월만기자동연장특수채(AAA)액티브,2026-06-02,,historical_classification_and_eligibility;corporate_actions_and_adjusted_price_reconciliation,unverified
0222F0,KR70222F0009,마이티 AI데이터센터밸류체인,2026-08-04,,historical_classification_and_eligibility;corporate_actions_and_adjusted_price_reconciliation,unverified
442260,KR7442260006,마이티 다이나믹퀀트액티브,2022-10-25,,historical_classification_and_eligibility;corporate_actions_and_adjusted_price_reconciliation,unverified
0001P0,KR70001P0004,마이티 바이오시밀러&CDMO액티브,2024-12-24,,historical_classification_and_eligibility;corporate_actions_and_adjusted_price_reconciliation,unverified
0229F0,KR70229F0002,마이티 신약포커스바이오액티브,2026-09-01,,historical_classification_and_eligibility;corporate_actions_and_adjusted_price_reconciliation,unverified
159800,KR7159800002,마이티 코스피100,2012-07-05,,historical_classification_and_eligibility;corporate_actions_and_adjusted_price_reconciliation,unverified
211210,KR7211210000,마이티 코스피고배당,2014-12-12,2020-08-04,historical_classification_and_eligibility;corporate_actions_and_adjusted_price_reconciliation;last_trading_date;actual_redemption_amount_and_payment_confirmation;redemption_unit_basis;resolve_vendor_price_integrity_flags,unverified
0007N0,KR70007N0000,아이엠에셋 200,2025-02-11,,historical_classification_and_eligibility;corporate_actions_and_adjusted_price_reconciliation,unverified
462340,KR7462340001,에셋플러스 글로벌다이나믹시니어액티브,2023-07-25,,historical_classification_and_eligibility;corporate_actions_and_adjusted_price_reconciliation,unverified
433220,KR7433220001,에셋플러스 글로벌대장장이액티브,2022-06-28,,historical_classification_and_eligibility;corporate_actions_and_adjusted_price_reconciliation,unverified
451150,KR7451150007,에셋플러스 글로벌영에이지액티브,2023-01-31,,historical_classification_and_eligibility;corporate_actions_and_adjusted_price_reconciliation,unverified
477490,KR7477490007,에셋플러스 글로벌일등기업포커스10액티브,2024-03-19,,historical_classification_and_eligibility;corporate_actions_and_adjusted_price_reconciliation,unverified
407830,KR7407830009,에셋플러스 글로벌플랫폼액티브,2021-11-16,,historical_classification_and_eligibility;corporate_actions_and_adjusted_price_reconciliation,unverified
0002C0,KR70002C0008,에셋플러스 인도일등기업포커스20액티브,2025-02-25,,historical_classification_and_eligibility;corporate_actions_and_adjusted_price_reconciliation,unverified
474920,KR7474920006,에셋플러스 차이나일등기업포커스10액티브,2024-01-16,,historical_classification_and_eligibility;corporate_actions_and_adjusted_price_reconciliation,unverified
442090,KR7442090007,에셋플러스 코리아대장장이액티브,2022-09-20,,historical_classification_and_eligibility;corporate_actions_and_adjusted_price_reconciliation,unverified
407820,KR7407820000,에셋플러스 코리아플랫폼액티브,2021-11-16,,historical_classification_and_eligibility;corporate_actions_and_adjusted_price_reconciliation,unverified
152870,KR7152870002,파워 200,2012-02-13,,historical_classification_and_eligibility;corporate_actions_and_adjusted_price_reconciliation,unverified
491510,KR7491510004,파워 K-주주가치액티브,2024-09-24,,historical_classification_and_eligibility;corporate_actions_and_adjusted_price_reconciliation,unverified
192720,KR7192720001,파워 고배당저변동성,2014-02-20,,historical_classification_and_eligibility;corporate_actions_and_adjusted_price_reconciliation,unverified
226810,KR7226810000,파워 단기채,2015-08-26,2019-05-31,historical_classification_and_eligibility;corporate_actions_and_adjusted_price_reconciliation;last_trading_date;actual_redemption_amount_and_payment_confirmation;redemption_unit_basis;resolve_vendor_price_integrity_flags,unverified
275540,KR7275540003,파워 스마트밸류,2017-07-11,2020-06-23,historical_classification_and_eligibility;corporate_actions_and_adjusted_price_reconciliation;last_trading_date;actual_redemption_amount_and_payment_confirmation;redemption_unit_basis;resolve_vendor_price_integrity_flags,unverified
498180,KR7498180009,파워 종합채권(AA-이상)액티브,2024-11-26,,historical_classification_and_eligibility;corporate_actions_and_adjusted_price_reconciliation,unverified
176710,KR7176710002,파워 중기국고채,2013-05-22,2022-07-20,historical_classification_and_eligibility;corporate_actions_and_adjusted_price_reconciliation;last_trading_date;actual_redemption_amount_and_payment_confirmation;redemption_unit_basis;resolve_vendor_price_integrity_flags,unverified
140950,KR7140950007,파워 코스피100,2011-05-03,,historical_classification_and_eligibility;corporate_actions_and_adjusted_price_reconciliation,unverified
464230,KR7464230002,히어로즈 24-09 회사채(AA-이상)액티브,2023-08-17,2024-09-27,historical_classification_and_eligibility;corporate_actions_and_adjusted_price_reconciliation;last_trading_date;actual_redemption_amount_and_payment_confirmation;redemption_unit_basis;resolve_vendor_price_integrity_flags,unverified
