ticker,isin,name,listing_date,delisting_date,underlying_index,tracking_multiple,source,source_file,source_sha256,error,listing_date_source,listing_date_artifact,listing_date_sha256
451060,KR7451060008,1Q 200액티브,2023-01-31,,코스피 200,일반 (1),https://kind.krx.co.kr/disclosure/etfisudetail.do?method=searchEftIsuDetail&isuCd=KR7451060008,data/krx/kind_details/KR7451060008.html,888cc965cd9cc55ec501f7adc691abc20844e2d8297307d5898fb961fe9ad2de,,,,
0184E0,KR70184E0006,1Q 200채권혼합50액티브,2026-04-21,,코스피 200 단기국공채 혼합지수,일반 (1),https://kind.krx.co.kr/disclosure/etfisudetail.do?method=searchEftIsuDetail&isuCd=KR70184E0006,data/krx/kind_details/KR70184E0006.html,b25a325dc24bc62679b5463290125f15290f1bfd31226a040c0ae743081b5c81,,,,
466400,KR7466400009,1Q 25-08 회사채(A+이상)액티브,2023-09-19,2025-08-27,KIS 2025-08만기형 크레딧 A+이상 지수(총수익),일반 (1),https://kind.krx.co.kr/disclosure/etfisudetail.do?method=searchEftIsuDetail&isuCd=KR7466400009,data/krx/kind_details/KR7466400009.html,8dca1f45159dbc4a5ff50538b65cc04e80e85ac2ee12b5b9d4d9921f0068eb65,,,,
491610,KR7491610002,1Q CD금리액티브(합성),2024-09-24,,KIS 하나 CD금리 총수익지수,일반 (1),https://kind.krx.co.kr/disclosure/etfisudetail.do?method=searchEftIsuDetail&isuCd=KR7491610002,data/krx/kind_details/KR7491610002.html,1f8e7580a465482ce414c80a3a9fc3c3eab5cb40588733d490602faacf41ca35,,,,
0182R0,KR70182R0003,1Q K반도체TOP2+,2026-04-14,,NICE K반도체 TOP2 MAX+ 지수,일반 (1),https://kind.krx.co.kr/disclosure/etfisudetail.do?method=searchEftIsuDetail&isuCd=KR70182R0003,data/krx/kind_details/KR70182R0003.html,2b4e5be3071c152e94b5893b5bd583ba5b80796e69633e5db20648536b703f29,,,,
0182S0,KR70182S0002,1Q K반도체TOP2채권혼합50,2026-04-14,,KEDI K반도체TOP2채권혼합 지수,일반 (1),https://kind.krx.co.kr/disclosure/etfisudetail.do?method=searchEftIsuDetail&isuCd=KR70182S0002,data/krx/kind_details/KR70182S0002.html,c47c0511a66da246edd7e0bede8f115de49e0e67a6cfc18a6a9f2de04d282e46,,,,
0103T0,KR70103T0007,1Q K소버린AI,2025-09-30,,iSelect K소버린AI 지수,일반 (1),https://kind.krx.co.kr/disclosure/etfisudetail.do?method=searchEftIsuDetail&isuCd=KR70103T0007,data/krx/kind_details/KR70103T0007.html,9bfc443d34caeeaea3425d000e1a3ba14ed512d8694ac80ffe3f528627a24d98,,,,
0198D0,KR70198D0001,1Q SK하이닉스선물단일종목레버리지,2026-05-27,,KRX SK하이닉스 선물 레버리지 지수,2X 레버리지 (2),https://kind.krx.co.kr/disclosure/etfisudetail.do?method=searchEftIsuDetail&isuCd=KR70198D0001,data/krx/kind_details/KR70198D0001.html,f9a8d31c9f7324d234653b1774b276bf17151b325fb25367298af4cb83387971,,,,
463290,KR7463290007,1Q 단기금융채액티브,2023-08-03,,MK 머니마켓 지수(총수익),일반 (1),https://kind.krx.co.kr/disclosure/etfisudetail.do?method=searchEftIsuDetail&isuCd=KR7463290007,data/krx/kind_details/KR7463290007.html,2a20615165f68d58ffff5430684d1585b0912fe91f63b110dceef5a958761814,,,,
0131W0,KR70131W0008,1Q 단기특수은행채액티브,2025-11-25,,KIS 단기특수은행채 지수(총수익),일반 (1),https://kind.krx.co.kr/disclosure/etfisudetail.do?method=searchEftIsuDetail&isuCd=KR70131W0008,data/krx/kind_details/KR70131W0008.html,b4729ebda71ea1531408127b0567384fd02f6dab6b70ac52743c8f858aa59ec5,,,,
479080,KR7479080004,1Q 머니마켓액티브,2024-04-02,,KIS-하나 MMF 지수(총수익),일반 (1),https://kind.krx.co.kr/disclosure/etfisudetail.do?method=searchEftIsuDetail&isuCd=KR7479080004,data/krx/kind_details/KR7479080004.html,5745ecc649f4d791c98db472707ee5dcac96342c9f84f95d356ad56c3ede5c77,,,,
0026S0,KR70026S0002,1Q 미국S&P500,2025-03-18,,S&P 500,일반 (1),https://kind.krx.co.kr/disclosure/etfisudetail.do?method=searchEftIsuDetail&isuCd=KR70026S0002,data/krx/kind_details/KR70026S0002.html,1ad008e5d2b05a1a005d5900c37f768a3fbde845f799d41c05a1392df07c4cc1,,,,
0052S0,KR70052S0009,1Q 미국S&P500미국채혼합50액티브,2025-06-10,,S&P 500 and Short-Term Treasury 50/50 Blend Index,일반 (1),https://kind.krx.co.kr/disclosure/etfisudetail.do?method=searchEftIsuDetail&isuCd=KR70052S0009,data/krx/kind_details/KR70052S0009.html,3f2c02cca7c5c77bd1d4e6d2236e57ddefeb95adced79dc822a8cb7b18e18295,,,,
0069M0,KR70069M0006,1Q 미국나스닥100,2025-06-24,,NASDAQ 100,일반 (1),https://kind.krx.co.kr/disclosure/etfisudetail.do?method=searchEftIsuDetail&isuCd=KR70069M0006,data/krx/kind_details/KR70069M0006.html,4da4f339dcc6b21e725e3b608e59aaee2f00121febf35603fb9f2674e2b73469,,,,
0111P0,KR70111P0001,1Q 미국나스닥100미국채혼합50액티브,2025-09-30,,Nasdaq-100 US T-Bills 0-6 Month 50/50 Index,일반 (1),https://kind.krx.co.kr/disclosure/etfisudetail.do?method=searchEftIsuDetail&isuCd=KR70111P0001,data/krx/kind_details/KR70111P0001.html,6b77909da19ad5438ee86cb411caddb5f0a855702baa06d152ca5583ad84f459,,,,
0083S0,KR70083S0002,1Q 미국메디컬AI,2025-07-22,,KEDI 미국메디컬AI 지수,일반 (1),https://kind.krx.co.kr/disclosure/etfisudetail.do?method=searchEftIsuDetail&isuCd=KR70083S0002,data/krx/kind_details/KR70083S0002.html,eab8d6cda668229ba858b7fdb8c2c904aeaf4606a39634d5d132b88ab5e4b0c5,,,,
0004G0,KR70004G0002,1Q 미국배당TOP30,2025-01-21,,Solactive U.S. Dividend TOP 30 Index PR,일반 (1),https://kind.krx.co.kr/disclosure/etfisudetail.do?method=searchEftIsuDetail&isuCd=KR70004G0002,data/krx/kind_details/KR70004G0002.html,104fb3dfe8a983d7565506ba1eece66a7d190f24caee859369dde7ac54435189,,,,
0131V0,KR70131V0009,1Q 미국우주항공테크,2025-11-25,,Akros 미국우주항공테크 지수,일반 (1),https://kind.krx.co.kr/disclosure/etfisudetail.do?method=searchEftIsuDetail&isuCd=KR70131V0009,data/krx/kind_details/KR70131V0009.html,5843b456966ee07f3847fcca7254301fba11750304bd51eeda0be6b0545ba034,,,,
0198B0,KR70198B0003,1Q 삼성전자선물단일종목레버리지,2026-05-27,,KRX 삼성전자 선물 레버리지 지수,2X 레버리지 (2),https://kind.krx.co.kr/disclosure/etfisudetail.do?method=searchEftIsuDetail&isuCd=KR70198B0003,data/krx/kind_details/KR70198B0003.html,dcaa683c11abf098902935c37291668b71307876cf10b16cc512294d46a96f4f,,,,
0094X0,KR70094X0002,1Q 샤오미밸류체인액티브,2025-09-02,,Solactive-KEDI Xiaomi Focus China Tech Index,일반 (1),https://kind.krx.co.kr/disclosure/etfisudetail.do?method=searchEftIsuDetail&isuCd=KR70094X0002,data/krx/kind_details/KR70094X0002.html,529bf33b371f63de2bb0878db4c07ba5ef0220d197f5d34006098a586f5fa46c,,,,
0224X0,KR70224X0005,1Q 엔비디아알파벳미국채혼합50,2026-07-28,,KEDI 엔비디아알파벳미국채혼합50 지수,일반 (1),https://kind.krx.co.kr/disclosure/etfisudetail.do?method=searchEftIsuDetail&isuCd=KR70224X0005,data/krx/kind_details/KR70224X0005.html,0b58ba4a1fc32b29cef07f6da46c2a715e2f6ecdf43e4bf5f72bfe87a3a86847,,,,
0172V0,KR70172V0009,1Q 은액티브,2026-03-31,,Bloomberg Blended Silver Spot USD index,일반 (1),https://kind.krx.co.kr/disclosure/etfisudetail.do?method=searchEftIsuDetail&isuCd=KR70172V0009,data/krx/kind_details/KR70172V0009.html,cba3b0947f9582b939bbd5b85d418fe9f16158a6f63339525fedcb032565d33f,,,,
0017Y0,KR70017Y0005,1Q 종합채권(AA-이상)액티브,2025-02-25,,KIS 종합채권형 지수(AA-이상)(총수익),일반 (1),https://kind.krx.co.kr/disclosure/etfisudetail.do?method=searchEftIsuDetail&isuCd=KR70017Y0005,data/krx/kind_details/KR70017Y0005.html,6af1ccc9ed6ef7f42534a32ad4905cb54b8d7086cacd347b19bf0303c5b465f9,,,,
0052T0,KR70052T0008,1Q 중단기회사채(A-이상)액티브,2025-05-27,,KEDI 중단기크레딧플러스채권(AAA~A-)지수(총수익),일반 (1),https://kind.krx.co.kr/disclosure/etfisudetail.do?method=searchEftIsuDetail&isuCd=KR70052T0008,data/krx/kind_details/KR70052T0008.html,9b57bfa632592418ef3a53d175e37a6d70dec93a1075addac058ae28e71d3a4b,,,,
472350,KR7472350008,1Q 차이나H(H),2023-12-12,2026-03-04,HSCEI (Hang Seng China Enterprise Index),일반 (1),https://kind.krx.co.kr/disclosure/etfisudetail.do?method=searchEftIsuDetail&isuCd=KR7472350008,data/krx/kind_details/KR7472350008.html,fbac9b81f22c5bcc44562bd1d47ffd24c4cf15dc081c5079faabb9664d9645cb,,,,
495330,KR7495330003,1Q 코리아밸류업,2024-11-04,,코리아 밸류업 지수,일반 (1),https://kind.krx.co.kr/disclosure/etfisudetail.do?method=searchEftIsuDetail&isuCd=KR7495330003,data/krx/kind_details/KR7495330003.html,6322db3fba5a285196da416b0bd16120c6ba07a2240eaa0307d3ccff72d0b090,,,,
0186S0,KR70186S0008,1Q 코스닥150채권혼합50액티브,2026-04-28,,코스닥 150 단기국공채 혼합지수,일반 (1),https://kind.krx.co.kr/disclosure/etfisudetail.do?method=searchEftIsuDetail&isuCd=KR70186S0008,data/krx/kind_details/KR70186S0008.html,895a7a010583c72b48e5084e85112304ecef277b777c718d0f794d9efac5a95d,,,,
492500,KR7492500004,1Q 현대차그룹채권(A+이상)&국고통안,2024-10-02,,KIS 하나 현대차그룹채권(A+이상)&국고통안 총수익지수,일반 (1),https://kind.krx.co.kr/disclosure/etfisudetail.do?method=searchEftIsuDetail&isuCd=KR7492500004,data/krx/kind_details/KR7492500004.html,5340c543a1fdac25365463a18e430f05b6f63757edfa16d44d5e542f4f5d0b48,,,,
0206G0,KR70206G0008,1Q 현대차기아채권혼합50,2026-06-09,,KEDI 현대차&기아채권혼합50지수,일반 (1),https://kind.krx.co.kr/disclosure/etfisudetail.do?method=searchEftIsuDetail&isuCd=KR70206G0008,data/krx/kind_details/KR70206G0008.html,143caecb4ab76223fcc9dd729b11ccd9410d1589b96b639f07cfc37678193b85,,,,
473440,KR7473440006,ACE 11월만기자동연장회사채AA-이상액티브,2023-12-19,,KIS 11월 만기자동연장회사채(AA-이상) 총수익지수,일반 (1),https://kind.krx.co.kr/disclosure/etfisudetail.do?method=searchEftIsuDetail&isuCd=KR7473440006,data/krx/kind_details/KR7473440006.html,68a1811f374df8028b7bf12187dd931a70481c41a63786c623bb548635db0494,,,,
105190,KR7105190003,ACE 200,2008-09-25,,코스피 200,일반 (1),https://kind.krx.co.kr/disclosure/etfisudetail.do?method=searchEftIsuDetail&isuCd=KR7105190003,data/krx/kind_details/KR7105190003.html,064628feedd85abf132419ea56d39af59c4034ceda095791497647879aa88013,,,,
332500,KR7332500008,ACE 200TR,2019-08-28,,코스피 200 TR지수,일반 (1),https://kind.krx.co.kr/disclosure/etfisudetail.do?method=searchEftIsuDetail&isuCd=KR7332500008,data/krx/kind_details/KR7332500008.html,309e2c136c98701e142478b39388d20b500bad9434b80fd51719f42ad0c84520,,,,
448870,KR7448870006,ACE 23-12 회사채(AA-이상)액티브,2022-11-22,2023-12-18,KIS 크레딧 2312만기형 총수익지수,일반 (1),https://kind.krx.co.kr/disclosure/etfisudetail.do?method=searchEftIsuDetail&isuCd=KR7448870006,data/krx/kind_details/KR7448870006.html,7ce5f4fafdc869bfd18f06d4634deb81806c8f04f43f5b40f194a08696d93f55,,,,
448880,KR7448880005,ACE 24-12 회사채(AA-이상)액티브,2022-11-22,2024-12-18,KIS 크레딧 2412만기형 총수익지수,일반 (1),https://kind.krx.co.kr/disclosure/etfisudetail.do?method=searchEftIsuDetail&isuCd=KR7448880005,data/krx/kind_details/KR7448880005.html,0862eaeba2fd3e3d1cabfe990636b18d627cf4272d285ac377d7368e7f6ad2a1,,,,
461260,KR7461260002,ACE 25-06 회사채(AA-이상)액티브,2023-06-20,2025-06-25,KIS 크레딧 2506만기형(AA-이상)지수(총수익지수),일반 (1),https://kind.krx.co.kr/disclosure/etfisudetail.do?method=searchEftIsuDetail&isuCd=KR7461260002,data/krx/kind_details/KR7461260002.html,db587c47d75136d1b4fc468ce790f958841fad49641f450cbe3600ae870c49d1,,,,
461270,KR7461270001,ACE 26-06 회사채(AA-이상)액티브,2023-06-20,2026-06-25,KIS 크레딧 2606만기형(AA-이상)지수(총수익지수),일반 (1),https://kind.krx.co.kr/disclosure/etfisudetail.do?method=searchEftIsuDetail&isuCd=KR7461270001,data/krx/kind_details/KR7461270001.html,0d7cdfc273702d7a8e401deeb2f5c4d997503a6a97538742b8240cef80d06beb,,,,
475260,KR7475260006,ACE 2월만기자동연장회사채AA-이상액티브,2024-01-23,,KAP 2월 만기자동연장회사채(AA-이상) 총수익지수,일반 (1),https://kind.krx.co.kr/disclosure/etfisudetail.do?method=searchEftIsuDetail&isuCd=KR7475260006,data/krx/kind_details/KR7475260006.html,7243fc6b22d50405e3fb643a344b9d7a84c04db5b2dcfcdab2004175451df69f,,,,
385600,KR7385600002,ACE 2차전지&친환경차액티브,2021-05-25,,FnGuide 친환경자동차밸류체인 지수,일반 (1),https://kind.krx.co.kr/disclosure/etfisudetail.do?method=searchEftIsuDetail&isuCd=KR7385600002,data/krx/kind_details/KR7385600002.html,630861a83909fc39d7c951d3417f61b883c37e832ea65b2a44f707dd6b62ca7b,,,,
475270,KR7475270005,ACE 5월만기자동연장회사채AA-이상액티브,2024-01-23,,KIS 5월 만기자동연장회사채(AA-이상) 총수익지수,일반 (1),https://kind.krx.co.kr/disclosure/etfisudetail.do?method=searchEftIsuDetail&isuCd=KR7475270005,data/krx/kind_details/KR7475270005.html,900edb5df3e31d2f23c39d57bee862653370046f9d78751a5da6955e264b1ad3,,,,
475280,KR7475280004,ACE 8월만기자동연장회사채AA-이상액티브,2024-01-23,,KAP 8월 만기자동연장회사채(AA-이상) 총수익지수,일반 (1),https://kind.krx.co.kr/disclosure/etfisudetail.do?method=searchEftIsuDetail&isuCd=KR7475280004,data/krx/kind_details/KR7475280004.html,3e8d513bc63b6dd244cc4145fad52c8db4dc7c935c548640dc06d24368dc7116,,,,
469150,KR7469150007,ACE AI반도체TOP3+,2023-10-17,,FnGuide AI 반도체 TOP3+ 지수,일반 (1),https://kind.krx.co.kr/disclosure/etfisudetail.do?method=searchEftIsuDetail&isuCd=KR7469150007,data/krx/kind_details/KR7469150007.html,e6eaef2b5d506d709dfab0c8a7474a23ff190809a2c9b5b8677ea5beb8e41e3d,,,,
0079X0,KR70079X0001,ACE BYD밸류체인액티브,2025-07-15,,Bloomberg BYD Plus Top Supply Chain Select Price Return Index,일반 (1),https://kind.krx.co.kr/disclosure/etfisudetail.do?method=searchEftIsuDetail&isuCd=KR70079X0001,data/krx/kind_details/KR70079X0001.html,99ee1ab741b1deca6aed9f8effa181b025ae0b192f886aa326309c871235549b,,,,
385590,KR7385590005,ACE ESG액티브,2021-05-25,,MSCI Korea Country ESG Leaders Custom Capped Price return Index,일반 (1),https://kind.krx.co.kr/disclosure/etfisudetail.do?method=searchEftIsuDetail&isuCd=KR7385590005,data/krx/kind_details/KR7385590005.html,617ee24900deed4f4781c65b31a869b4203c5ca5aac617c40e2e0ed3d16077a7,,,,
0010E0,KR70010E0006,ACE FTSE WGBI Korea,2025-02-18,2026-04-21,FTSE Korean Government Bond Index(TR),일반 (1),https://kind.krx.co.kr/disclosure/etfisudetail.do?method=searchEftIsuDetail&isuCd=KR70010E0006,data/krx/kind_details/KR70010E0006.html,b86d85e4842987421d3462046612f5c12493773c317aa08c20c3917d2584803b,,,,
226380,KR7226380004,ACE Fn성장소비주도주,2015-08-19,,FnGuide 성장소비주도 지수,일반 (1),https://kind.krx.co.kr/disclosure/etfisudetail.do?method=searchEftIsuDetail&isuCd=KR7226380004,data/krx/kind_details/KR7226380004.html,4f6eac1a899eb3d506ec9a6a6b2865477ca6cf52d88ed8ead103fa7ad085eb83,,,,
475050,KR7475050001,ACE KPOP포커스,2024-01-30,,iSelect K-POP 포커스지수(시장가격),일반 (1),https://kind.krx.co.kr/disclosure/etfisudetail.do?method=searchEftIsuDetail&isuCd=KR7475050001,data/krx/kind_details/KR7475050001.html,6c845d564a4176e37f3284b8263acc8bb320b9a3d76f29528a9837f7c1b57667,,,,
411060,KR7411060007,ACE KRX금현물,2021-12-15,,KRX 금현물지수,일반 (1),https://kind.krx.co.kr/disclosure/etfisudetail.do?method=searchEftIsuDetail&isuCd=KR7411060007,data/krx/kind_details/KR7411060007.html,0d741c21fcf9b73996986c54d7494edd7e2e21c8339f990c676b9ddd0eb40002,,,,
0221Z0,KR70221Z0006,ACE K바이오코스닥액티브,2026-07-21,,KRX K-AI 바이오테크코스닥지수 (시장가격),일반 (1),https://kind.krx.co.kr/disclosure/etfisudetail.do?method=searchEftIsuDetail&isuCd=KR70221Z0006,data/krx/kind_details/KR70221Z0006.html,266f7e82f854fa790fab75baecf2ccb73c61ab3e0c0643e3633f7687fa7c8f6a,,,,
0210A0,KR70210A0008,ACE K반도체TOP2+,2026-06-23,,KRX K-AI 반도체TOP2+지수 (시장가격),일반 (1),https://kind.krx.co.kr/disclosure/etfisudetail.do?method=searchEftIsuDetail&isuCd=KR70210A0008,data/krx/kind_details/KR70210A0008.html,3d852657649381b7cc211e01cd37d1b204cd271282f18f13bdcbf101b150c3b3,,,,
0216Z0,KR70216Z0003,ACE K방산TOP5+,2026-07-07,,KRX K-AI 방산TOP5+ 지수,일반 (1),https://kind.krx.co.kr/disclosure/etfisudetail.do?method=searchEftIsuDetail&isuCd=KR70216Z0003,data/krx/kind_details/KR70216Z0003.html,fc877993d1bc67c9faa15e7c2cb2f4db5a5ab9569e49708c15672862930d7a95,,,,
0172Y0,KR70172Y0006,ACE K수출핵심TOP10산업액티브,2026-03-31,,iSelect K수출핵심산업 지수 (시장가격),일반 (1),https://kind.krx.co.kr/disclosure/etfisudetail.do?method=searchEftIsuDetail&isuCd=KR70172Y0006,data/krx/kind_details/KR70172Y0006.html,c8ce346eb834fc00a063635f002a52097e2fbc92af8b170485eb547e2d6548ac,,,,
0177X0,KR70177X0002,ACE K휴머노이드로봇산업TOP2+,2026-04-07,,Akros K-휴머노이드 로봇 TOP2+ 지수 (시장가격),일반 (1),https://kind.krx.co.kr/disclosure/etfisudetail.do?method=searchEftIsuDetail&isuCd=KR70177X0002,data/krx/kind_details/KR70177X0002.html,83d9a0551fcf5ec7eb2d59cdadf3e1e641f3df780bc4222d7d5b066e10b0c849,,,,
291130,KR7291130003,ACE MSCI멕시코(합성),2018-03-09,,MSCI MEXICO IMI 25/50 Price return Index,일반 (1),https://kind.krx.co.kr/disclosure/etfisudetail.do?method=searchEftIsuDetail&isuCd=KR7291130003,data/krx/kind_details/KR7291130003.html,30e944792382e294382bb726f0275e149251f80c3308a24da7c383d5a657dc9b,,,,
256440,KR7256440009,ACE MSCI인도네시아(합성),2016-11-01,,MSCI Indonesia Index,일반 (1),https://kind.krx.co.kr/disclosure/etfisudetail.do?method=searchEftIsuDetail&isuCd=KR7256440009,data/krx/kind_details/KR7256440009.html,3d679af8df0798602ff9db5b4a2e28b7b355637c6543de1d2ed7b60357966bb6,,,,
261920,KR7261920003,ACE MSCI필리핀(합성),2016-12-28,,MSCI Philippines IMI Index,일반 (1),https://kind.krx.co.kr/disclosure/etfisudetail.do?method=searchEftIsuDetail&isuCd=KR7261920003,data/krx/kind_details/KR7261920003.html,c9898c627e8f15ebc5a74c791031a60ffcf0ae85d00575c413c0f057ead99a95,,,,
0194T0,KR70194T0007,ACE SK하이닉스단일종목레버리지,2026-05-27,,KRX SK하이닉스 레버리지 지수,2X 레버리지 (2),https://kind.krx.co.kr/disclosure/etfisudetail.do?method=searchEftIsuDetail&isuCd=KR70194T0007,data/krx/kind_details/KR70194T0007.html,3f5070ad04d677d68fd63ddfacef2e19b6b4527d2c602c54c65444836929f594,,,,
0021D0,KR70021D0004,ACE TDF2030액티브 적격,2025-03-11,2026-07-07,Bloomberg Multi Asset Target-date 2030 KRW Index,일반 (1),https://kind.krx.co.kr/disclosure/etfisudetail.do?method=searchEftIsuDetail&isuCd=KR70021D0004,data/krx/kind_details/KR70021D0004.html,60634f05157f513d35cc6819a37040bcfca2f44ce1aa95e6d722055993f2707f,,,,
0021E0,KR70021E0003,ACE TDF2050액티브 적격,2025-03-11,2026-07-09,Bloomberg Multi Asset Target-date 2050 KRW Index,일반 (1),https://kind.krx.co.kr/disclosure/etfisudetail.do?method=searchEftIsuDetail&isuCd=KR70021E0003,data/krx/kind_details/KR70021E0003.html,69b2f9290305e080efbb6b5d6b025f33b27feb3c8b3d87348e92335f55078c32,,,,
0021C0,KR70021C0005,ACE TDF장기자산배분액티브,2025-03-11,2026-07-09,Bloomberg Multi Asset Target-date 2080 KRW Index,일반 (1),https://kind.krx.co.kr/disclosure/etfisudetail.do?method=searchEftIsuDetail&isuCd=KR70021C0005,data/krx/kind_details/KR70021C0005.html,0f2bc2fd44b31d9107fce1c8c54e57eb2df6cd0c8e13a5566082732585109ae4,,,,
0139P0,KR70139P0009,ACE 고배당주,2025-12-16,,KRX-Akros 고배당주 20 지수,일반 (1),https://kind.krx.co.kr/disclosure/etfisudetail.do?method=searchEftIsuDetail&isuCd=KR70139P0009,data/krx/kind_details/KR70139P0009.html,e818ba739e10446acb2cd81bff436ef50bf845f25869230af711ad7dbd10058c,,,,
0199C0,KR70199C0001,ACE 고배당주Plus커버드콜액티브,2026-06-02,,KRX-Akros 고배당주 20 위클리 고정 30% 커버드콜 지수,일반 (1),https://kind.krx.co.kr/disclosure/etfisudetail.do?method=searchEftIsuDetail&isuCd=KR70199C0001,data/krx/kind_details/KR70199C0001.html,70055deda1435b38eae7937d9c4b518fb2de37606f1c55f1fff7d3bfe181facc,,,,
225130,KR7225130004,ACE 골드선물 레버리지(합성 H),2015-07-28,,S&P GSCI 2X Gold Leveraged Excess return Index,2X 레버리지 (2),https://kind.krx.co.kr/disclosure/etfisudetail.do?method=searchEftIsuDetail&isuCd=KR7225130004,data/krx/kind_details/KR7225130004.html,6b5a1d467e7f42d0a66fc68142323467027f0aa16edaec11a4c82e16dd50a391,,,,
483340,KR7483340006,ACE 구글밸류체인액티브,2024-06-11,,KEDI 글로벌 AI 클라우드 지수,일반 (1),https://kind.krx.co.kr/disclosure/etfisudetail.do?method=searchEftIsuDetail&isuCd=KR7483340006,data/krx/kind_details/KR7483340006.html,f0ede1673ed0b1e0c895bc619a5c07dafe79811faab3e02da8a56af8be4fde8f,,,,
365780,KR7365780006,ACE 국고채10년,2020-10-15,,KIS 국고채 10년(총수익),일반 (1),https://kind.krx.co.kr/disclosure/etfisudetail.do?method=searchEftIsuDetail&isuCd=KR7365780006,data/krx/kind_details/KR7365780006.html,992034dc8f292eeb8d807865eec5b1f5475c0e5b4aa4cd4ec01bdff1ce65a30e,,,,
114460,KR7114460009,ACE 국고채3년,2009-07-31,,KTB index(시장가격),일반 (1),https://kind.krx.co.kr/disclosure/etfisudetail.do?method=searchEftIsuDetail&isuCd=KR7114460009,data/krx/kind_details/KR7114460009.html,2479adf9fa81a4a581e77741912d7ccc53a75e3f85fe6c2a18b4fb739c798708,,,,
299070,KR7299070003,ACE 국채선물10년인버스,2018-06-08,2024-05-27,10년국채선물 인버스지수,1X 인버스 (-1),https://kind.krx.co.kr/disclosure/etfisudetail.do?method=searchEftIsuDetail&isuCd=KR7299070003,data/krx/kind_details/KR7299070003.html,888fef7a31eca8775cd7cc248aeb260de63fe000a5e4da3e26dfaa17bd802a2b,,,,
299080,KR7299080002,ACE 국채선물3년인버스,2018-06-08,2024-05-27,F-KTB 인버스지수,1X 인버스 (-1),https://kind.krx.co.kr/disclosure/etfisudetail.do?method=searchEftIsuDetail&isuCd=KR7299080002,data/krx/kind_details/KR7299080002.html,5f74d56fb1e37e7f13bb38a4274a8263069fe6631dcc2b26c71d6d94a6924573,,,,
494340,KR7494340003,ACE 글로벌AI맞춤형반도체,2024-10-22,,Solactive AI Custom Semiconductor Index(PR),일반 (1),https://kind.krx.co.kr/disclosure/etfisudetail.do?method=searchEftIsuDetail&isuCd=KR7494340003,data/krx/kind_details/KR7494340003.html,1b4ab5a4d06e2a35f6cce23cb26c9caf6a6d00926db9a0be0297f0be43fa6b4c,,,,
411050,KR7411050008,ACE 글로벌메타버스테크액티브,2021-12-22,2025-08-18,Bloomberg Global Digital Media & Tech Select Price Return Index,일반 (1),https://kind.krx.co.kr/disclosure/etfisudetail.do?method=searchEftIsuDetail&isuCd=KR7411050008,data/krx/kind_details/KR7411050008.html,c2682a3ca5eff3bf771be2f8c7d406aca8ecc857039ec89aeb5178acd9ee6806,,,,
446770,KR7446770000,ACE 글로벌반도체TOP4 Plus,2022-11-15,,Solactive Global Semiconductor TOP4 Plus Price Return Index,일반 (1),https://kind.krx.co.kr/disclosure/etfisudetail.do?method=searchEftIsuDetail&isuCd=KR7446770000,data/krx/kind_details/KR7446770000.html,1a8c17d326b6a9be9075723ef5060a48841f72368e1b4aed752ea2d5c0c41efa,,,,
435040,KR7435040001,ACE 글로벌브랜드TOP10,2022-06-28,,Bloomberg Global Select Industry Leaders TOP10 Index(PR),일반 (1),https://kind.krx.co.kr/disclosure/etfisudetail.do?method=searchEftIsuDetail&isuCd=KR7435040001,data/krx/kind_details/KR7435040001.html,8326c6e4dc003eed2d8d87385860e5a27d0cb7fa560ea4d928f4a9ab674225a3,,,,
497510,KR7497510008,ACE 글로벌빅파마,2024-11-19,,Solactive Global Big Pharma Index (Price Return),일반 (1),https://kind.krx.co.kr/disclosure/etfisudetail.do?method=searchEftIsuDetail&isuCd=KR7497510008,data/krx/kind_details/KR7497510008.html,87f92f7ab3f638ebe0546b07783eb92dc443fdb9a4bfbb6a6504d95dc2a7b043,,,,
460960,KR7460960008,ACE 글로벌인컴TOP10,2023-07-11,,Solactive Global Superior Income TOP 10 Price Return Index,일반 (1),https://kind.krx.co.kr/disclosure/etfisudetail.do?method=searchEftIsuDetail&isuCd=KR7460960008,data/krx/kind_details/KR7460960008.html,41cb72d9a12a77bf3cc8e0738749bc1111360ad8d57524db5707abc4c8ffcd61,,,,
414270,KR7414270009,ACE 글로벌자율주행액티브,2022-02-15,,FactSet US-China Electric&Autonomous Vehicle Price Return Index,일반 (1),https://kind.krx.co.kr/disclosure/etfisudetail.do?method=searchEftIsuDetail&isuCd=KR7414270009,data/krx/kind_details/KR7414270009.html,affef8fd69d1029a3ac85ad1f618229b59aeec47edb610baffb2ad770fdf7582,,,,
440640,KR7440640001,ACE 단기채권알파액티브,2022-08-23,,KIS 단기채권알파AA-이상 총수익지수,일반 (1),https://kind.krx.co.kr/disclosure/etfisudetail.do?method=searchEftIsuDetail&isuCd=KR7440640001,data/krx/kind_details/KR7440640001.html,d29c15cde3b82d764512f7d06c70571a7c686456a19c50364a4af98977a3c977,,,,
190620,KR7190620005,ACE 단기통안채,2013-12-23,,KIS MSB 단기 Index,일반 (1),https://kind.krx.co.kr/disclosure/etfisudetail.do?method=searchEftIsuDetail&isuCd=KR7190620005,data/krx/kind_details/KR7190620005.html,b0919f82df1beecc0e688caee66f9e95315b2e01f674e41485ce25aeb6c41aff,,,,
494330,KR7494330004,ACE 라이프자산주주가치액티브,2024-10-15,,FnGuide 기업가치 지수(시장가격),일반 (1),https://kind.krx.co.kr/disclosure/etfisudetail.do?method=searchEftIsuDetail&isuCd=KR7494330004,data/krx/kind_details/KR7494330004.html,ea49399884bbe84d7868f9a1aa579d48e7ee2ba2e6b5aeb3bc9f40ca7e2caba8,,,,
265690,KR7265690008,ACE 러시아MSCI(합성),2017-03-21,,MSCI Russia 25% Capped Price Return Index,일반 (1),https://kind.krx.co.kr/disclosure/etfisudetail.do?method=searchEftIsuDetail&isuCd=KR7265690008,data/krx/kind_details/KR7265690008.html,5037e9559af54398f4d02e3c5b4ab9b0d08af1606bd43b85d13e4f847dcf0379,,,,
152500,KR7152500005,ACE 레버리지,2012-01-27,,코스피 200 레버리지지수,2X 레버리지 (2),https://kind.krx.co.kr/disclosure/etfisudetail.do?method=searchEftIsuDetail&isuCd=KR7152500005,data/krx/kind_details/KR7152500005.html,114f071e7164d2d8e905ad527cb5a67ebd08f7b8e0d136ee778c14324da8ce6d,,,,
0153P0,KR70153P0000,ACE 리츠부동산인프라액티브,2026-01-20,,FnGuide 맥쿼리인프라 배당 리츠 지수 (시장가격),일반 (1),https://kind.krx.co.kr/disclosure/etfisudetail.do?method=searchEftIsuDetail&isuCd=KR70153P0000,data/krx/kind_details/KR70153P0000.html,2a98028a380c50f6e8f11d5b7d9bb51d5921ea6a03ef2ad5a8eb5342e6bfc13e,,,,
483330,KR7483330007,ACE 마이크로소프트밸류체인액티브,2024-06-11,,KEDI 글로벌생성형AI 지수,일반 (1),https://kind.krx.co.kr/disclosure/etfisudetail.do?method=searchEftIsuDetail&isuCd=KR7483330007,data/krx/kind_details/KR7483330007.html,4e997c90cf3451e0043d65859378b6c4cd5ff987d1aef5f054d2a532130f446c,,,,
487340,KR7487340002,ACE 머니마켓액티브,2024-07-09,,MK-KAP 머니마켓 총수익 지수,일반 (1),https://kind.krx.co.kr/disclosure/etfisudetail.do?method=searchEftIsuDetail&isuCd=KR7487340002,data/krx/kind_details/KR7487340002.html,b0d41e65ae161a180a1555f59132f7594f8dc847d62a2bb8c14d2afc012e80ff,,,,
0085P0,KR70085P0003,ACE 미국10년국채액티브,2025-07-22,,ICE U.S. Treasury 7-10 Year Bond Index (Total Return),일반 (1),https://kind.krx.co.kr/disclosure/etfisudetail.do?method=searchEftIsuDetail&isuCd=KR70085P0003,data/krx/kind_details/KR70085P0003.html,587d0208782010040c54c6af0b27c5b47b51f686234c4ad328fbf63e879ba98f,,,,
0085N0,KR70085N0005,ACE 미국10년국채액티브(H),2025-07-22,,ICE U.S. Treasury 7-10 Year Bond Index (Total Return),일반 (1),https://kind.krx.co.kr/disclosure/etfisudetail.do?method=searchEftIsuDetail&isuCd=KR70085N0005,data/krx/kind_details/KR70085N0005.html,510477b388cbe1ce6ce31996b1a08173ed1113b6f1ccf691f6e4250fd660333b,,,,
452250,KR7452250004,ACE 미국30년국채선물레버리지(합성 H),2023-02-07,,S&P Ultra T-Bond Futures 2x Leveraged Index (Excess Return),2X 레버리지 (2),https://kind.krx.co.kr/disclosure/etfisudetail.do?method=searchEftIsuDetail&isuCd=KR7452250004,data/krx/kind_details/KR7452250004.html,c71343ecfe10caf70117c189c71de2dc4270ae913e794e8a828e4c57830c0674,,,,
476760,KR7476760004,ACE 미국30년국채액티브,2024-03-12,,Bloomberg U.S Treasury 20+ Year Total Return Index,일반 (1),https://kind.krx.co.kr/disclosure/etfisudetail.do?method=searchEftIsuDetail&isuCd=KR7476760004,data/krx/kind_details/KR7476760004.html,3cdc8e9156236fb576e7dba9714b03a56ce0f196fa8e97d77cb272f0f027fcd3,,,,
453850,KR7453850000,ACE 미국30년국채액티브(H),2023-03-14,,Bloomberg U.S Treasury 20+ Year Total Return Index,일반 (1),https://kind.krx.co.kr/disclosure/etfisudetail.do?method=searchEftIsuDetail&isuCd=KR7453850000,data/krx/kind_details/KR7453850000.html,05a2231bf9f7d2c0f8a815ace70e7a3afbaeea8cb39161e38267f3b865d7778d,,,,
476750,KR7476750005,ACE 미국30년국채엔화노출액티브(H),2024-03-12,,Bloomberg U.S. Treasury 20+ Year Total Return Index T1530 JPY Currency Hedged,일반 (1),https://kind.krx.co.kr/disclosure/etfisudetail.do?method=searchEftIsuDetail&isuCd=KR7476750005,data/krx/kind_details/KR7476750005.html,29dfe92abb297411e12c169cc26393b5d45b80f0ded76ba3ce13abe8e45b96e8,,,,
480030,KR7480030006,ACE 미국500데일리타겟커버드콜(합성),2024-04-23,,Bloomberg US 500 Large Cap Premium Decrement 15% Distribution Index,일반 (1),https://kind.krx.co.kr/disclosure/etfisudetail.do?method=searchEftIsuDetail&isuCd=KR7480030006,data/krx/kind_details/KR7480030006.html,b0c0f7294a7122cd5dbd7428981c4b87558657890321c75212404038957bdc81,,,,
0118Z0,KR70118Z0002,ACE 미국AI테크핵심산업액티브,2025-10-28,,Akros U.S. AI Innovator Price Return Index,일반 (1),https://kind.krx.co.kr/disclosure/etfisudetail.do?method=searchEftIsuDetail&isuCd=KR70118Z0002,data/krx/kind_details/KR70118Z0002.html,30c9dbf51f6c4c636cdead1ca013076af5c80790544e429d18fbee355382a34d,,,,
280320,KR7280320003,ACE 미국IT인터넷(합성 H),2017-10-17,,다우존스 인터넷 종합지수,일반 (1),https://kind.krx.co.kr/disclosure/etfisudetail.do?method=searchEftIsuDetail&isuCd=KR7280320003,data/krx/kind_details/KR7280320003.html,0719844b1cd7093e764002a380086ee1c3d733b5deaf6b6fc47e0d4ec3da1663,,,,
360200,KR7360200000,ACE 미국S&P500,2020-08-07,,S&P 500,일반 (1),https://kind.krx.co.kr/disclosure/etfisudetail.do?method=searchEftIsuDetail&isuCd=KR7360200000,data/krx/kind_details/KR7360200000.html,9b769058148f4a15f0ed0b7e50dada5e1d76175efd439e09c8eb053232708499,,,,
438080,KR7438080004,ACE 미국S&P500미국채혼합50액티브,2022-08-26,,S&P 500 and Short-Term Treasury 50/50 Blend Index,일반 (1),https://kind.krx.co.kr/disclosure/etfisudetail.do?method=searchEftIsuDetail&isuCd=KR7438080004,data/krx/kind_details/KR7438080004.html,eb563fe7761719c996318cbc523cf2e492b449725408de3bdbbbbce508efb77c,,,,
0155M0,KR70155M0001,ACE 미국SMR원자력TOP10,2026-02-03,,Solactive US SMR Nuclear TOP 10 Index (Price Return),일반 (1),https://kind.krx.co.kr/disclosure/etfisudetail.do?method=searchEftIsuDetail&isuCd=KR70155M0001,data/krx/kind_details/KR70155M0001.html,8f1a4b137c54dc63856cdf568e1ea9f47dbd1ef41e974b15ab58228b8db2b96f,,,,
309230,KR7309230001,ACE 미국WideMoat동일가중,2018-10-25,,MorningStar Wide Moat Focus Index,일반 (1),https://kind.krx.co.kr/disclosure/etfisudetail.do?method=searchEftIsuDetail&isuCd=KR7309230001,data/krx/kind_details/KR7309230001.html,a55927a5839cb5d2807dafe19acd28d64982abd984dd20f4719b3f56c1442d35,,,,
367380,KR7367380003,ACE 미국나스닥100,2020-10-29,,NASDAQ 100,일반 (1),https://kind.krx.co.kr/disclosure/etfisudetail.do?method=searchEftIsuDetail&isuCd=KR7367380003,data/krx/kind_details/KR7367380003.html,ed26875e6510033755d07e2403e6a098910a9d6bc4707e8b77a2f7277f58ea3c,,,,
438100,KR7438100000,ACE 미국나스닥100미국채혼합50액티브,2022-08-26,,NASDAQ-100 US T-Bills 50/50 Index,일반 (1),https://kind.krx.co.kr/disclosure/etfisudetail.do?method=searchEftIsuDetail&isuCd=KR7438100000,data/krx/kind_details/KR7438100000.html,1524eca846decee33755bf987822ee258deb64c4026e723cd44a0911a1be7cf9,,,,
456880,KR7456880004,ACE 미국달러SOFR금리(합성),2023-04-25,,Solactive SOFR Daily Total Return Index,일반 (1),https://kind.krx.co.kr/disclosure/etfisudetail.do?method=searchEftIsuDetail&isuCd=KR7456880004,data/krx/kind_details/KR7456880004.html,c7544ce8fc04c92345f4cd6b6e4e6b621c8c774ef62c411e99d7cf858c66c765,,,,
440650,KR7440650000,ACE 미국달러단기채권액티브,2022-08-23,,Bloomberg Short-Term Treasury Total Return Index,일반 (1),https://kind.krx.co.kr/disclosure/etfisudetail.do?method=searchEftIsuDetail&isuCd=KR7440650000,data/krx/kind_details/KR7440650000.html,5f6f2753eb7bb6bb28001b48d8657839afcc27344811da2121291e90d0988a43,,,,
0127M0,KR70127M0006,ACE 미국대형가치주액티브,2025-11-11,,CRSP US Large Cap Value Index(PR),일반 (1),https://kind.krx.co.kr/disclosure/etfisudetail.do?method=searchEftIsuDetail&isuCd=KR70127M0006,data/krx/kind_details/KR70127M0006.html,f4690565263145c8df7bf9177bfc91d6249ab20a177344649d46c26f5de3d08e,,,,
0127P0,KR70127P0003,ACE 미국대형성장주액티브,2025-11-11,,CRSP US Large Cap Growth Index(PR),일반 (1),https://kind.krx.co.kr/disclosure/etfisudetail.do?method=searchEftIsuDetail&isuCd=KR70127P0003,data/krx/kind_details/KR70127P0003.html,70fda32f4187f8068e9688a582dd396cd75ac71feb88b1c9ebdd4171ed36232c,,,,
480040,KR7480040005,ACE 미국반도체데일리타겟커버드콜(합성),2024-04-23,,Bloomberg US Listed Semiconductor Premium Decrement 15% Distribution Index,일반 (1),https://kind.krx.co.kr/disclosure/etfisudetail.do?method=searchEftIsuDetail&isuCd=KR7480040005,data/krx/kind_details/KR7480040005.html,9207546cec65a72fcacac17832841e2835842ebcf71841e940adfabe4b92d977,,,,
402970,KR7402970008,ACE 미국배당다우존스,2021-10-21,,Dow Jones U.S. Dividend 100 Price Return Index,일반 (1),https://kind.krx.co.kr/disclosure/etfisudetail.do?method=searchEftIsuDetail&isuCd=KR7402970008,data/krx/kind_details/KR7402970008.html,e646270fab757cd3b2981a9142c419ba3b79e7670eef0091a4d1b9e0b0228866,,,,
0046Y0,KR70046Y0000,ACE 미국배당퀄리티,2025-05-13,,WisdomTree U.S. Quality Dividend Growth Index (Price Return),일반 (1),https://kind.krx.co.kr/disclosure/etfisudetail.do?method=searchEftIsuDetail&isuCd=KR70046Y0000,data/krx/kind_details/KR70046Y0000.html,7cb9fd285654a2d5ababa8fb2a7788b58a02a1e4ad750d57ab5b357aa82985f9,,,,
0049M0,KR70049M0001,ACE 미국배당퀄리티+커버드콜액티브,2025-05-13,,Bloomberg WisdomTree U.S. Quality Dividend & B500 Premium Decrement 50:50 Index,일반 (1),https://kind.krx.co.kr/disclosure/etfisudetail.do?method=searchEftIsuDetail&isuCd=KR70049M0001,data/krx/kind_details/KR70049M0001.html,84bd689de4ccf6526b8c09d24f8e9be7d3a932bb0f1d61a3534917a2630332dd,,,,
0049K0,KR70049K0003,ACE 미국배당퀄리티채권혼합50,2025-05-13,,Bloomberg WisdomTree U.S. Quality Dividend & Short Term KRW Bonds 50:50 TR Index,일반 (1),https://kind.krx.co.kr/disclosure/etfisudetail.do?method=searchEftIsuDetail&isuCd=KR70049K0003,data/krx/kind_details/KR70049K0003.html,9b9b4f1fec9d76b824aff0aaa77eb323bfb3f76af82474b5c6d8ee67e1589697,,,,
181480,KR7181480005,ACE 미국부동산리츠(합성 H),2013-08-01,,Dow Jones U.S. Real Estate Index,일반 (1),https://kind.krx.co.kr/disclosure/etfisudetail.do?method=searchEftIsuDetail&isuCd=KR7181480005,data/krx/kind_details/KR7181480005.html,cf02fcf7c28e12ed47c0cbd68df80d5533739f477211398d38c5149d66a48081,,,,
480020,KR7480020007,ACE 미국빅테크7+데일리타겟커버드콜(합성),2024-04-23,,Bloomberg US Big Tech Top 7 Plus Premium Decrement 15% Distribution Index,일반 (1),https://kind.krx.co.kr/disclosure/etfisudetail.do?method=searchEftIsuDetail&isuCd=KR7480020007,data/krx/kind_details/KR7480020007.html,17f940cb5abaf690edd2e764976711d682d05d1ece31adba1daf278729426d8d,,,,
465580,KR7465580009,ACE 미국빅테크TOP7 Plus,2023-09-12,,Solactive US Big Tech Top 7 Plus Price Return Index,일반 (1),https://kind.krx.co.kr/disclosure/etfisudetail.do?method=searchEftIsuDetail&isuCd=KR7465580009,data/krx/kind_details/KR7465580009.html,4adacb9071eda71bfe7a208fa81700d11b080192fd8bf745eefae073541ee9d3,,,,
465610,KR7465610004,ACE 미국빅테크TOP7 Plus레버리지(합성),2023-09-12,,Solactive US Big Tech Top 7 Plus 2X Leveraged Index,2X 레버리지 (2),https://kind.krx.co.kr/disclosure/etfisudetail.do?method=searchEftIsuDetail&isuCd=KR7465610004,data/krx/kind_details/KR7465610004.html,3d59c8328271557f53b2234bab62b4cd2d4200ac803551280fcf9a9fcd7012b4,,,,
465620,KR7465620003,ACE 미국빅테크TOP7 Plus인버스(합성),2023-09-12,,Solactive US Big Tech Top 7 Plus -1X Inverse Index,1X 인버스 (-1),https://kind.krx.co.kr/disclosure/etfisudetail.do?method=searchEftIsuDetail&isuCd=KR7465620003,data/krx/kind_details/KR7465620003.html,8184840d093839bbcc56b807ea6ab7c5bcec1b1b8f770d9e1e9f519bb4168835,,,,
391590,KR7391590007,ACE 미국스팩&IPO INDXX,2021-08-05,2024-07-24,Indxx SPAC & NEXTGEN IPO Price return Index,일반 (1),https://kind.krx.co.kr/disclosure/etfisudetail.do?method=searchEftIsuDetail&isuCd=KR7391590007,data/krx/kind_details/KR7391590007.html,d08a421669a0b038be7480e3360e3daf600a8abb3e37f8f2b611c63fd38824d9,,,,
0180V0,KR70180V0009,ACE 미국우주테크액티브,2026-04-14,,FnGuide 미국스페이스테크 지수(시장가격),일반 (1),https://kind.krx.co.kr/disclosure/etfisudetail.do?method=searchEftIsuDetail&isuCd=KR70180V0009,data/krx/kind_details/KR70180V0009.html,00636a4c9ea0af5b7c8d2ada1b8e9719bfe1b48961843672ee3c276afb9f954f,,,,
473590,KR7473590008,ACE 미국주식베스트셀러,2023-12-27,,FnGuide 미국 주식 베스트셀러 지수(시장가격지수),일반 (1),https://kind.krx.co.kr/disclosure/etfisudetail.do?method=searchEftIsuDetail&isuCd=KR7473590008,data/krx/kind_details/KR7473590008.html,62e55f3ff35962fb935d24e27f1bf6317fc2050ddfe9397cad85267503374df5,,,,
0008E0,KR70008E0000,ACE 미국중심중소형제조업,2025-01-21,,NYSE FactSet US Focus Manufacturing Index(Price Return),일반 (1),https://kind.krx.co.kr/disclosure/etfisudetail.do?method=searchEftIsuDetail&isuCd=KR70008E0000,data/krx/kind_details/KR70008E0000.html,7eea6523911767b3470569637e150c47646592406f479482fd77d27ea7483239,,,,
391600,KR7391600004,ACE 미국친환경그린테마,2021-08-05,,Indxx US Green Infrastructure Price return Index,일반 (1),https://kind.krx.co.kr/disclosure/etfisudetail.do?method=searchEftIsuDetail&isuCd=KR7391600004,data/krx/kind_details/KR7391600004.html,5fd1044ce27470a801a9ac2abcf4068f21b678bab3c15885866ab584fef6e515,,,,
455660,KR7455660001,ACE 미국하이일드액티브(H),2023-04-18,,iBoxx USD Liquid High Yield Total Return Index,일반 (1),https://kind.krx.co.kr/disclosure/etfisudetail.do?method=searchEftIsuDetail&isuCd=KR7455660001,data/krx/kind_details/KR7455660001.html,0ee5e485ebea49ed368f90051390fbdc1241a84f44509dd5e66e50cf51ec64b7,,,,
0228G0,KR70228G0002,ACE 반도체Plus전략산업,2026-08-11,,iSelect 반도체 TOP2+전략산업 지수 (시장가격),일반 (1),https://kind.krx.co.kr/disclosure/etfisudetail.do?method=searchEftIsuDetail&isuCd=KR70228G0002,data/krx/kind_details/KR70228G0002.html,e93bb13a901ce05887b05beefb340c55ba237570d821a6994282ebb80cfa0a8f,,,,
143460,KR7143460004,ACE 밸류대형,2011-06-21,2024-12-18,Fnguide-RAFI 코리아 대형 지수,일반 (1),https://kind.krx.co.kr/disclosure/etfisudetail.do?method=searchEftIsuDetail&isuCd=KR7143460004,data/krx/kind_details/KR7143460004.html,568792f5db4fa4fedf635416d8550265831167aa76d035aeff689bfc3302652c,,,,
245710,KR7245710009,ACE 베트남VN30(합성),2016-07-01,,VN30 Index(PR),일반 (1),https://kind.krx.co.kr/disclosure/etfisudetail.do?method=searchEftIsuDetail&isuCd=KR7245710009,data/krx/kind_details/KR7245710009.html,9e7fddbca367ee71e107bdef22ff8cf541108c1d20a733198313684a0ee411fa,,,,
371130,KR7371130006,ACE 베트남VN30선물블룸버그레버리지(H),2020-11-25,2024-12-18,Bloomberg VN30 Futures Leverage Excess Return Index,2X 레버리지 (2),https://kind.krx.co.kr/disclosure/etfisudetail.do?method=searchEftIsuDetail&isuCd=KR7371130006,data/krx/kind_details/KR7371130006.html,7420db3afe64ffa7fa80e93755c2a4f446f846b69428358fecb93b9303152027,,,,
131890,KR7131890006,ACE 삼성그룹동일가중,2010-09-17,,MKF SAMs EW Index,일반 (1),https://kind.krx.co.kr/disclosure/etfisudetail.do?method=searchEftIsuDetail&isuCd=KR7131890006,data/krx/kind_details/KR7131890006.html,6ecb1bbd639f86761d6ee121c14f185af470dda0a27a5d6469b63057c6f48fa0,,,,
108450,KR7108450008,ACE 삼성그룹섹터가중,2009-02-03,,MKF SAMs SW,일반 (1),https://kind.krx.co.kr/disclosure/etfisudetail.do?method=searchEftIsuDetail&isuCd=KR7108450008,data/krx/kind_details/KR7108450008.html,e9c0599662bb2031505cf914acef2564ae77fab11e2096d5c0fe16448931e6f4,,,,
0233A0,KR70233A0001,ACE 삼성전자SK하이닉스플러스채권혼합50,2026-08-25,,KAP 삼성전자SK하이닉스플러스채권혼합50지수,일반 (1),https://kind.krx.co.kr/disclosure/etfisudetail.do?method=searchEftIsuDetail&isuCd=KR70233A0001,data/krx/kind_details/KR70233A0001.html,e6e80bf2573e896d9f99cb718704cf0f12ded1c5115849401c05b2039500f7fd,,,,
0194M0,KR70194M0004,ACE 삼성전자단일종목레버리지,2026-05-27,,KRX 삼성전자 레버리지 지수,2X 레버리지 (2),https://kind.krx.co.kr/disclosure/etfisudetail.do?method=searchEftIsuDetail&isuCd=KR70194M0004,data/krx/kind_details/KR70194M0004.html,67ebef571d41c1c590abf539d2d5d940a6c8cac3d9e834a656ed16bb1c2a7ce0,,,,
322130,KR7322130006,ACE 스마트로우볼,2019-04-16,2024-07-24,FnGuide 스마트 로우볼 지수,일반 (1),https://kind.krx.co.kr/disclosure/etfisudetail.do?method=searchEftIsuDetail&isuCd=KR7322130006,data/krx/kind_details/KR7322130006.html,5ac2e396cb85cac66d3ab95bfd4faa3f12faa3abbd71720d766a765ba3982009,,,,
272220,KR7272220005,ACE 스마트모멘텀,2017-07-11,2024-07-24,FnGuide 스마트 모멘텀 지수,일반 (1),https://kind.krx.co.kr/disclosure/etfisudetail.do?method=searchEftIsuDetail&isuCd=KR7272220005,data/krx/kind_details/KR7272220005.html,e022d143f4d81b3ffea09beb58f553e7f71a65c1f17dc3d004ed81d191e1a4f3,,,,
272230,KR7272230004,ACE 스마트밸류,2017-07-11,2024-07-24,FnGuide 스마트 밸류 지수,일반 (1),https://kind.krx.co.kr/disclosure/etfisudetail.do?method=searchEftIsuDetail&isuCd=KR7272230004,data/krx/kind_details/KR7272230004.html,dc13ec00b2a0e728cfed53a7359b41742e1de4582d20e2b9aab7331bc5b80bb8,,,,
322120,KR7322120007,ACE 스마트퀄리티,2019-04-16,2024-07-24,FnGuide 스마트 퀄리티 지수,일반 (1),https://kind.krx.co.kr/disclosure/etfisudetail.do?method=searchEftIsuDetail&isuCd=KR7322120007,data/krx/kind_authenticated_followup/KR7322120007.html,e77645086597b815746b32a76cf1bb9fc818217f07796596eb667e85135e1a03,,https://kind.krx.co.kr/disclosure/etfisudetail.do?method=searchEftIsuDetail&isuCd=KR7322120007,data/krx/kind_authenticated_followup/KR7322120007.html,e77645086597b815746b32a76cf1bb9fc818217f07796596eb667e85135e1a03
322150,KR7322150004,ACE 스마트하이베타,2019-04-16,2024-07-24,FnGuide 스마트 하이베타 지수,일반 (1),https://kind.krx.co.kr/disclosure/etfisudetail.do?method=searchEftIsuDetail&isuCd=KR7322150004,data/krx/kind_authenticated_followup/KR7322150004.html,6482b8657509eaa8d40774fcac1d2f8395517bf36f6781ac704365308c1e3f81,,https://kind.krx.co.kr/disclosure/etfisudetail.do?method=searchEftIsuDetail&isuCd=KR7322150004,data/krx/kind_authenticated_followup/KR7322150004.html,6482b8657509eaa8d40774fcac1d2f8395517bf36f6781ac704365308c1e3f81
316300,KR7316300003,ACE 싱가포르리츠,2019-01-29,,Morningstar Singapore REIT Yield Focus Index(PR),일반 (1),https://kind.krx.co.kr/disclosure/etfisudetail.do?method=searchEftIsuDetail&isuCd=KR7316300003,data/krx/kind_details/KR7316300003.html,d594c78505078031253e512b5729ce92d519b745cb20b9fe3ec6f1aa58a87d45,,,,
342140,KR7342140001,ACE 싱가포르리츠채권혼합모닝스타,2019-12-27,2023-06-26,Morningstar Singapore REIT Yield Focus Income Protection Index,일반 (1),https://kind.krx.co.kr/disclosure/etfisudetail.do?method=searchEftIsuDetail&isuCd=KR7342140001,data/krx/kind_details/KR7342140001.html,051e1a8a77119b31087133c34435e334ee656857e837594b7c7e138d275ad7a6,,,,
277540,KR7277540001,ACE 아시아TOP50,2017-08-23,,,,https://data.krx.co.kr/comm/bldAttendant/getJsonData.cmd?bld=dbms/MDC/STAT/standard/MDCSTAT04601,data/krx/kind_details/KR7277540001.html,e3b0c44298fc1c149afbf4c8996fb92427ae41e4649b934ca495991b7852b855,listing_date_missing,https://data.krx.co.kr/comm/bldAttendant/getJsonData.cmd?bld=dbms/MDC/STAT/standard/MDCSTAT04601,data/krx/etf_authenticated_master.json,a212d774f6e92cd83e37826483d3e3532247f0a18afc0d68eff1db91f9e49e5f
483420,KR7483420006,ACE 애플밸류체인액티브,2024-06-11,2026-07-09,Bloomberg Top 30 Supply Chain Plus Apple Price Return Index,일반 (1),https://kind.krx.co.kr/disclosure/etfisudetail.do?method=searchEftIsuDetail&isuCd=KR7483420006,data/krx/kind_authenticated_followup/KR7483420006.html,b81d3514cfac0db961b472dc8a7709bb0f20613f1ddb734f9eb631bf60fb482d,,https://kind.krx.co.kr/disclosure/etfisudetail.do?method=searchEftIsuDetail&isuCd=KR7483420006,data/krx/kind_authenticated_followup/KR7483420006.html,b81d3514cfac0db961b472dc8a7709bb0f20613f1ddb734f9eb631bf60fb482d
483320,KR7483320008,ACE 엔비디아밸류체인액티브,2024-06-11,,,,https://data.krx.co.kr/comm/bldAttendant/getJsonData.cmd?bld=dbms/MDC/STAT/standard/MDCSTAT04601,data/krx/kind_details/KR7483320008.html,e3b0c44298fc1c149afbf4c8996fb92427ae41e4649b934ca495991b7852b855,listing_date_missing,https://data.krx.co.kr/comm/bldAttendant/getJsonData.cmd?bld=dbms/MDC/STAT/standard/MDCSTAT04601,data/krx/etf_authenticated_master.json,a212d774f6e92cd83e37826483d3e3532247f0a18afc0d68eff1db91f9e49e5f
448540,KR7448540005,ACE 엔비디아채권혼합,2022-11-29,,,,https://data.krx.co.kr/comm/bldAttendant/getJsonData.cmd?bld=dbms/MDC/STAT/standard/MDCSTAT04601,data/krx/kind_details/KR7448540005.html,e3b0c44298fc1c149afbf4c8996fb92427ae41e4649b934ca495991b7852b855,listing_date_missing,https://data.krx.co.kr/comm/bldAttendant/getJsonData.cmd?bld=dbms/MDC/STAT/standard/MDCSTAT04601,data/krx/etf_authenticated_master.json,a212d774f6e92cd83e37826483d3e3532247f0a18afc0d68eff1db91f9e49e5f
0099L0,KR70099L0001,ACE 우량회사채(AA-이상)액티브,2025-09-09,,KIS 1~3년 우량크레딧(AA-이상) 총수익지수,일반 (1),https://kind.krx.co.kr/disclosure/etfisudetail.do?method=searchEftIsuDetail&isuCd=KR70099L0001,data/krx/kind_details/KR70099L0001.html,34a0e114acadc517a8364a12ec4732f464c987d188b55a533e7b90b2edd8f4c3,,,,
433500,KR7433500006,ACE 원자력TOP10,2022-06-28,,,,https://data.krx.co.kr/comm/bldAttendant/getJsonData.cmd?bld=dbms/MDC/STAT/standard/MDCSTAT04601,data/krx/kind_details/KR7433500006.html,e3b0c44298fc1c149afbf4c8996fb92427ae41e4649b934ca495991b7852b855,listing_date_missing,https://data.krx.co.kr/comm/bldAttendant/getJsonData.cmd?bld=dbms/MDC/STAT/standard/MDCSTAT04601,data/krx/etf_authenticated_master.json,a212d774f6e92cd83e37826483d3e3532247f0a18afc0d68eff1db91f9e49e5f
0102X0,KR70102X0002,ACE 유럽방산TOP10,2025-09-23,,NYSE FactSet Europe Defense TOP10 Index (Price Return),일반 (1),https://kind.krx.co.kr/disclosure/etfisudetail.do?method=searchEftIsuDetail&isuCd=KR70102X0002,data/krx/kind_details/KR70102X0002.html,8c9d6ec53382579b6b084055f961d0061fa14731329b77151fd078cb200c5318,,,,
487920,KR7487920001,ACE 인도시장대표BIG5그룹액티브,2024-09-10,,Indxx India Big 5 Conglomerates Index (Price Return),일반 (1),https://kind.krx.co.kr/disclosure/etfisudetail.do?method=searchEftIsuDetail&isuCd=KR7487920001,data/krx/kind_details/KR7487920001.html,7e0f5f98519086c0c4dc0554ecf2cd3d827209535f7fd90b5dba8fb19c0241bc,,,,
487910,KR7487910002,ACE 인도컨슈머파워액티브,2024-09-10,,Indxx India Super Consumption Index (Price Return),일반 (1),https://kind.krx.co.kr/disclosure/etfisudetail.do?method=searchEftIsuDetail&isuCd=KR7487910002,data/krx/kind_details/KR7487910002.html,d790059da122f4cad7b8d2e1adf17a623b550fc88697f57660438a0225d04705,,,,
145670,KR7145670006,ACE 인버스,2011-09-08,,코스피 200 선물인버스 지수,1X 인버스 (-1),https://kind.krx.co.kr/disclosure/etfisudetail.do?method=searchEftIsuDetail&isuCd=KR7145670006,data/krx/kind_details/KR7145670006.html,5a37976d3b32e7893e38d4dd50940c577432574706042c6591b44f3c87af083a,,,,
497520,KR7497520007,ACE 일라이릴리밸류체인,2024-11-19,,Solactive Eli Lilly Value Chain Index(PR),일반 (1),https://kind.krx.co.kr/disclosure/etfisudetail.do?method=searchEftIsuDetail&isuCd=KR7497520007,data/krx/kind_details/KR7497520007.html,b74832b7e423fd8e7a0f249eab1980a5f3b727f3d37eb10a018cffd9e7b6f331,,,,
238720,KR7238720007,ACE 일본Nikkei225(H),2016-03-03,,Nikkei 225,일반 (1),https://kind.krx.co.kr/disclosure/etfisudetail.do?method=searchEftIsuDetail&isuCd=KR7238720007,data/krx/kind_details/KR7238720007.html,559ef48d91dbb362b7502b85c7e162da400b3c7a06422984e86116f76c8dcbd4,,,,
196030,KR7196030001,ACE 일본TOPIX레버리지(H),2014-06-16,,,,https://data.krx.co.kr/comm/bldAttendant/getJsonData.cmd?bld=dbms/MDC/STAT/standard/MDCSTAT04601,data/krx/kind_details/KR7196030001.html,e3b0c44298fc1c149afbf4c8996fb92427ae41e4649b934ca495991b7852b855,listing_date_missing,https://data.krx.co.kr/comm/bldAttendant/getJsonData.cmd?bld=dbms/MDC/STAT/standard/MDCSTAT04601,data/krx/etf_authenticated_master.json,a212d774f6e92cd83e37826483d3e3532247f0a18afc0d68eff1db91f9e49e5f
205720,KR7205720006,ACE 일본TOPIX인버스(합성 H),2014-09-29,,TOPIX Inverse Index,1X 인버스 (-1),https://kind.krx.co.kr/disclosure/etfisudetail.do?method=searchEftIsuDetail&isuCd=KR7205720006,data/krx/kind_details/KR7205720006.html,e844cf4df4b102de9495bc68f21c275cdba5b137407655a604613108f895364b,,,,
469160,KR7469160006,ACE 일본반도체,2023-10-17,,,,https://data.krx.co.kr/comm/bldAttendant/getJsonData.cmd?bld=dbms/MDC/STAT/standard/MDCSTAT04601,data/krx/kind_details/KR7469160006.html,e3b0c44298fc1c149afbf4c8996fb92427ae41e4649b934ca495991b7852b855,listing_date_missing,https://data.krx.co.kr/comm/bldAttendant/getJsonData.cmd?bld=dbms/MDC/STAT/standard/MDCSTAT04601,data/krx/etf_authenticated_master.json,a212d774f6e92cd83e37826483d3e3532247f0a18afc0d68eff1db91f9e49e5f
356540,KR7356540005,ACE 종합채권(AA-이상)액티브,2020-07-21,,,,https://data.krx.co.kr/comm/bldAttendant/getJsonData.cmd?bld=dbms/MDC/STAT/standard/MDCSTAT04601,data/krx/kind_details/KR7356540005.html,e3b0c44298fc1c149afbf4c8996fb92427ae41e4649b934ca495991b7852b855,listing_date_missing,https://data.krx.co.kr/comm/bldAttendant/getJsonData.cmd?bld=dbms/MDC/STAT/standard/MDCSTAT04601,data/krx/etf_authenticated_master.json,a212d774f6e92cd83e37826483d3e3532247f0a18afc0d68eff1db91f9e49e5f
447430,KR7447430000,ACE 주주환원가치주액티브,2022-11-15,,FnGuide 올라운드 가치주 시장가격지수,일반 (1),https://kind.krx.co.kr/disclosure/etfisudetail.do?method=searchEftIsuDetail&isuCd=KR7447430000,data/krx/kind_details/KR7447430000.html,80227e0669aadca2452865ce38574c377aa85281a25b3bd3ee84980504db5105,,,,
416090,KR7416090009,ACE 중국과창판STAR50,2022-01-13,,STAR 50 Index(Price Return),일반 (1),https://kind.krx.co.kr/disclosure/etfisudetail.do?method=searchEftIsuDetail&isuCd=KR7416090009,data/krx/kind_details/KR7416090009.html,c09bf21490f28e16376646a59eb39af017f170c10832795a47bffa2a62d4b7cd,,,,
168580,KR7168580009,ACE 중국본토CSI300,2012-11-29,,CSI 300,일반 (1),https://kind.krx.co.kr/disclosure/etfisudetail.do?method=searchEftIsuDetail&isuCd=KR7168580009,data/krx/kind_details/KR7168580009.html,2319530786470f6209ce7d1343b0651013f1d8f5e501f6ab17967069e7545536,,,,
219900,KR7219900008,ACE 중국본토CSI300레버리지(합성),2015-05-28,,CSI 300 Leveraged Index,2X 레버리지 (2),https://kind.krx.co.kr/disclosure/etfisudetail.do?method=searchEftIsuDetail&isuCd=KR7219900008,data/krx/kind_details/KR7219900008.html,ab4f8dd943d2e0601a4bb9799d97e19ab1316e2781b0574972708a9ffe255757,,,,
272910,KR7272910001,ACE 중장기국공채액티브,2017-06-29,,KIS 종합채권국공채1-10Y지수,일반 (1),https://kind.krx.co.kr/disclosure/etfisudetail.do?method=searchEftIsuDetail&isuCd=KR7272910001,data/krx/kind_details/KR7272910001.html,ad5d351fb58463bc7c6243aeb105e94e360018377af96d69edf981c2c8b2976e,,,,
0087F0,KR70087F0003,ACE 차이나AI빅테크TOP2+액티브,2025-07-29,,Solactive China AI Big Tech TOP2+ Index (Price Return),일반 (1),https://kind.krx.co.kr/disclosure/etfisudetail.do?method=searchEftIsuDetail&isuCd=KR70087F0003,data/krx/kind_details/KR70087F0003.html,df6babc410590f57b94e610f35770daf9eeae1839263b8ab38c515be273b5e42,,,,
371870,KR7371870007,ACE 차이나항셍테크,2020-12-16,,Hang Seng TECH Index,일반 (1),https://kind.krx.co.kr/disclosure/etfisudetail.do?method=searchEftIsuDetail&isuCd=KR7371870007,data/krx/kind_details/KR7371870007.html,30899f4490bfb75bff9fc7fdc9c9d9cc5878c366a8562b6d532344798d3497e4,,,,
0209Z0,KR70209Z0002,ACE 코리아AI전력TOP10,2026-06-23,,Akros 코리아 AI전력 TOP 10 지수 (시장가격),일반 (1),https://kind.krx.co.kr/disclosure/etfisudetail.do?method=searchEftIsuDetail&isuCd=KR70209Z0002,data/krx/kind_details/KR70209Z0002.html,c2573bed90eac0a4eee0b74501390f779bfb3d1cd21e2e161c454eaf064e4de7,,,,
380340,KR7380340000,ACE 코리아AI테크핵심산업,2021-04-02,,FnGuide 코리아AI테크핵심산업지수 (Price Return),일반 (1),https://kind.krx.co.kr/disclosure/etfisudetail.do?method=searchEftIsuDetail&isuCd=KR7380340000,data/krx/kind_details/KR7380340000.html,4aab0ce06c4741f771b23fc156ef3fc5e8ffe261ee1e66d37b0f5e1f09414e1d,,,,
496120,KR7496120007,ACE 코리아밸류업,2024-11-04,,코리아 밸류업 지수,일반 (1),https://kind.krx.co.kr/disclosure/etfisudetail.do?method=searchEftIsuDetail&isuCd=KR7496120007,data/krx/kind_details/KR7496120007.html,4428f363ca497927a545cfcd7683668db3d6292110be1e267c801ed081ec0cbf,,,,
251890,KR7251890000,ACE 코스닥(합성),2016-09-06,2023-08-25,코스닥지수,일반 (1),https://kind.krx.co.kr/disclosure/etfisudetail.do?method=searchEftIsuDetail&isuCd=KR7251890000,data/krx/kind_details/KR7251890000.html,565d90c74cc748ec9e531abd49763eae458ad7202c7be56d1a0493b728d0e390,,,,
354500,KR7354500001,ACE 코스닥150,2020-05-07,,코스닥 150,일반 (1),https://kind.krx.co.kr/disclosure/etfisudetail.do?method=searchEftIsuDetail&isuCd=KR7354500001,data/krx/kind_details/KR7354500001.html,3ca14a9b99bb3171392a0f8a80ba0aa23d3404a62eee5b46e82f5347e5502a12,,,,
305050,KR7305050007,ACE 코스피,2018-10-05,,코스피지수,일반 (1),https://kind.krx.co.kr/disclosure/etfisudetail.do?method=searchEftIsuDetail&isuCd=KR7305050007,data/krx/kind_details/KR7305050007.html,25860c5dcda62a0fc8b1d8e6f9752fc2bb10eac9c9a05a2d79633051370eb66a,,,,
457480,KR7457480002,ACE 테슬라밸류체인액티브,2023-05-16,,Bloomberg EV Supporters Plus Tesla Price Return Index,일반 (1),https://kind.krx.co.kr/disclosure/etfisudetail.do?method=searchEftIsuDetail&isuCd=KR7457480002,data/krx/kind_details/KR7457480002.html,eaa5e5f78a712ed01d561beecf742d7ce592811a348174309da25dc398dd8db7,,,,
469170,KR7469170005,ACE 포스코그룹포커스,2023-10-17,,FnGuide 포스코그룹포커스 지수(시장가격),일반 (1),https://kind.krx.co.kr/disclosure/etfisudetail.do?method=searchEftIsuDetail&isuCd=KR7469170005,data/krx/kind_details/KR7469170005.html,642280b3058ec56e0a0b936e1dd6d4fa314fc92472818bdebdafec150295d13c,,,,
295820,KR7295820005,ARIRANG 200동일가중,2018-05-11,2024-06-26,코스피 200 동일가중지수,일반 (1),https://kind.krx.co.kr/disclosure/etfisudetail.do?method=searchEftIsuDetail&isuCd=KR7295820005,data/krx/kind_details/KR7295820005.html,3b8c4831ff7bf8565fb0a50bc4a6aaf018a157e13e290151cb3dd02b2e0f3609,,,,
295890,KR7295890008,ARIRANG 200로우볼,2018-05-11,2019-12-11,코스피200 로우볼가중지수(가격지수),일반 (1),https://kind.krx.co.kr/disclosure/etfisudetail.do?method=searchEftIsuDetail&isuCd=KR7295890008,data/krx/kind_details/KR7295890008.html,e3408b3ea50fcaf27432b1fcad217064f1e7c5d758246cfb28ebfefd591c96b7,,,,
295860,KR7295860001,ARIRANG 200모멘텀,2018-05-11,2019-12-11,코스피200 모멘텀가중지수(가격지수),일반 (1),https://kind.krx.co.kr/disclosure/etfisudetail.do?method=searchEftIsuDetail&isuCd=KR7295860001,data/krx/kind_details/KR7295860001.html,a81bf0df7863c808e2a14376852d8b8b0e26818ef62d05b4868e8ca7b54db20a,,,,
295840,KR7295840003,ARIRANG 200밸류,2018-05-11,2019-12-11,코스피200 밸류가중지수(가격지수),일반 (1),https://kind.krx.co.kr/disclosure/etfisudetail.do?method=searchEftIsuDetail&isuCd=KR7295840003,data/krx/kind_details/KR7295840003.html,558ed84609325206a88f878b85db81096c74330a79ea1861e9c190303e6289f4,,,,
295880,KR7295880009,ARIRANG 200퀄리티,2018-05-11,2019-12-11,코스피200 퀄리티가중지수(가격지수),일반 (1),https://kind.krx.co.kr/disclosure/etfisudetail.do?method=searchEftIsuDetail&isuCd=KR7295880009,data/krx/kind_details/KR7295880009.html,441eb7d35a899132e5ab3183dbd185d816208566ece3594e9f30a65b9472a7b9,,,,
278420,KR7278420005,ARIRANG ESG우수기업,2017-08-31,2023-12-15,WISE ESG우수기업 지수,일반 (1),https://kind.krx.co.kr/disclosure/etfisudetail.do?method=searchEftIsuDetail&isuCd=KR7278420005,data/krx/kind_details/KR7278420005.html,4547d2a527447313ffc89c84e1f27164d255fd90973f89d0361147a7bb4f6f67,,,,
141250,KR7141250001,ARIRANG KRX100EW,2011-05-18,2015-05-07,KRX 100 동일가중지수,일반 (1),https://kind.krx.co.kr/disclosure/etfisudetail.do?method=searchEftIsuDetail&isuCd=KR7141250001,data/krx/kind_details/KR7141250001.html,e1b7ccde1f27fdb796ecef97b118bbe95e8039b1af782d4cc1c29118e50276d4,,,,
292750,KR7292750007,ARIRANG KRX300,2018-03-26,2024-06-26,KRX 300,일반 (1),https://kind.krx.co.kr/disclosure/etfisudetail.do?method=searchEftIsuDetail&isuCd=KR7292750007,data/krx/kind_details/KR7292750007.html,cd4cef1052a0723fff281c630393d9141bebd037051e9cc5d423da79ff81acdb,,,,
309170,KR7309170009,ARIRANG KRX300IT,2018-11-08,2021-07-02,KRX300 정보기술(가격지수),일반 (1),https://kind.krx.co.kr/disclosure/etfisudetail.do?method=searchEftIsuDetail&isuCd=KR7309170009,data/krx/kind_details/KR7309170009.html,1d0ce305ea507594bfbd3901ea3b470dd23e9286a31cf2bb05596979407b356f,,,,
309180,KR7309180008,ARIRANG KRX300금융,2018-11-08,2020-05-22,KRX300 금융(가격지수),일반 (1),https://kind.krx.co.kr/disclosure/etfisudetail.do?method=searchEftIsuDetail&isuCd=KR7309180008,data/krx/kind_details/KR7309180008.html,22a70dbac423472ae137d50992e9e33b71520c3cc8ed4502945d203fa70e1a5f,,,,
309190,KR7309190007,ARIRANG KRX300산업재,2018-11-08,2020-05-22,KRX300 산업재(가격지수),일반 (1),https://kind.krx.co.kr/disclosure/etfisudetail.do?method=searchEftIsuDetail&isuCd=KR7309190007,data/krx/kind_details/KR7309190007.html,2e7443b8e8fa25305656907ac65ed2b275755e8afd0705eccb4bb06046dc3c50,,,,
309200,KR7309200004,ARIRANG KRX300자유소비재,2018-11-08,2020-05-22,KRX300 자유소비재(가격지수),일반 (1),https://kind.krx.co.kr/disclosure/etfisudetail.do?method=searchEftIsuDetail&isuCd=KR7309200004,data/krx/kind_details/KR7309200004.html,92835caec9a5f31f9b37a468e7f9b9f4c1d47191bce8985b78f29cb9e81bc83c,,,,
309210,KR7309210003,ARIRANG KRX300헬스케어,2018-11-08,2023-10-27,KRX300 헬스케어(가격지수),일반 (1),https://kind.krx.co.kr/disclosure/etfisudetail.do?method=searchEftIsuDetail&isuCd=KR7309210003,data/krx/kind_details/KR7309210003.html,1bcf4bfd055446155f1d739c25760a1f99b7589a56b050608f2917d23ae9bfa9,,,,
117740,KR7117740001,ARIRANG LG그룹&,2009-10-27,2015-05-07,MKF LG그룹& 지수,일반 (1),https://kind.krx.co.kr/disclosure/etfisudetail.do?method=searchEftIsuDetail&isuCd=KR7117740001,data/krx/kind_details/KR7117740001.html,9618adc77423a5bcb6fcb1aa4a982a966b0e26fd97f5fcbcf9d2124629f4421c,,,,
222170,KR7222170003,ARIRANG S&P한국배당성장,2015-06-29,2018-11-12,S&P KOREA DIVIDEND OPPORTUNITY Index,일반 (1),https://kind.krx.co.kr/disclosure/etfisudetail.do?method=searchEftIsuDetail&isuCd=KR7222170003,data/krx/kind_details/KR7222170003.html,64340b6ff6b06d1919c0b63d1e70d5e57f91d51210235df66ce1bd59c58bc4f1,,,,
161490,KR7161490008,ARIRANG 경기방어주,2012-08-29,2017-12-04,FnGuide 경기방어주 지수,일반 (1),https://kind.krx.co.kr/disclosure/etfisudetail.do?method=searchEftIsuDetail&isuCd=KR7161490008,data/krx/kind_details/KR7161490008.html,0db8edbadb284d8c4c233fcb9e6574cf61673f63489d668eccbd518533a51bd8,,,,
161500,KR7161500004,ARIRANG 경기주도주,2012-08-29,2017-12-04,FnGuide 경기주도주 지수,일반 (1),https://kind.krx.co.kr/disclosure/etfisudetail.do?method=searchEftIsuDetail&isuCd=KR7161500004,data/krx/kind_details/KR7161500004.html,ef9861b787d12b99c520aeae435cf1507133ef6df88ff9606f3ed6f249ef8edb,,,,
129270,KR7129270005,ARIRANG 네오밸류,2010-06-17,2015-05-07,MKF 네오밸류 지수,일반 (1),https://kind.krx.co.kr/disclosure/etfisudetail.do?method=searchEftIsuDetail&isuCd=KR7129270005,data/krx/kind_details/KR7129270005.html,a948040ca3de408a96083e57fcd46cf9ddaf534a44a070a0c575f885a71bb740,,,,
263190,KR7263190001,ARIRANG 단기우량채권,2017-01-25,2020-09-28,KAP Money Market Credit Index,일반 (1),https://kind.krx.co.kr/disclosure/etfisudetail.do?method=searchEftIsuDetail&isuCd=KR7263190001,data/krx/kind_details/KR7263190001.html,ecf1bcc35c322ba3ddcdae861dfd455dcb134be272c1e13f004eb144b37f3eaa,,,,
190160,KR7190160002,ARIRANG 단기유동성,2013-12-19,2020-08-31,KAP Money Market Index,일반 (1),https://kind.krx.co.kr/disclosure/etfisudetail.do?method=searchEftIsuDetail&isuCd=KR7190160002,data/krx/kind_details/KR7190160002.html,71b475ba4853d5a2b6156e459b31c55d4cc550a325ff3c8566dbc0b8d72a472a,,,,
190150,KR7190150003,ARIRANG 바벨 채권,2013-12-19,2019-06-24,KAP Barbell Index,일반 (1),https://kind.krx.co.kr/disclosure/etfisudetail.do?method=searchEftIsuDetail&isuCd=KR7190150003,data/krx/kind_details/KR7190150003.html,3b088d37d02edba214fc1bcecba0757dd4db298012d0a8dc90a1e2dfbd1f094f,,,,
236460,KR7236460002,ARIRANG 스마트베타 LowVOL,2016-01-12,2020-05-22,Wise 스마트베타 LowVOL Index,일반 (1),https://kind.krx.co.kr/disclosure/etfisudetail.do?method=searchEftIsuDetail&isuCd=KR7236460002,data/krx/kind_details/KR7236460002.html,98affdfcbf5b339238ac7c0d85ee90a57800f086c094e84c529738a3391b7790,,,,
222190,KR7222190001,ARIRANG 스마트베타 Momentum,2015-06-29,2020-05-22,WISE 스마트베타 Momentum INDEX,일반 (1),https://kind.krx.co.kr/disclosure/etfisudetail.do?method=searchEftIsuDetail&isuCd=KR7222190001,data/krx/kind_details/KR7222190001.html,09708f74e895e76a522c23237b6817a0f52d8923f011ff2a870c1161c2d4109e,,,,
222200,KR7222200008,ARIRANG 스마트베타 Quality,2015-06-29,2020-05-22,WISE 스마트베타 Quality INDEX,일반 (1),https://kind.krx.co.kr/disclosure/etfisudetail.do?method=searchEftIsuDetail&isuCd=KR7222200008,data/krx/kind_details/KR7222200008.html,47d45eef1a6f2fd383387d350e35ce345bad9112176c68db4f86349a1e8d1931,,,,
222180,KR7222180002,ARIRANG 스마트베타 Value,2015-06-29,2020-05-22,WISE 스마트베타 Value INDEX,일반 (1),https://kind.krx.co.kr/disclosure/etfisudetail.do?method=searchEftIsuDetail&isuCd=KR7222180002,data/krx/kind_details/KR7222180002.html,a3616b2dad6b052f8f238b12d6d2e4ef5e62ead6d6154300fb97d1733161ad0d,,,,
244820,KR7244820007,ARIRANG 스마트베타4종결합,2016-05-19,2018-11-12,Wise 스마트베타 INDEX,일반 (1),https://kind.krx.co.kr/disclosure/etfisudetail.do?method=searchEftIsuDetail&isuCd=KR7244820007,data/krx/kind_details/KR7244820007.html,aded661f6bce2734621b41726f7195b2ccc7069b42156608b476e5a60e1993e4,,,,
161520,KR7161520002,ARIRANG 자동차,2012-08-29,2015-02-23,FnGuide 자동차+ 지수,일반 (1),https://kind.krx.co.kr/disclosure/etfisudetail.do?method=searchEftIsuDetail&isuCd=KR7161520002,data/krx/kind_details/KR7161520002.html,309f376aa72fbc25dfb822dc4386c7676b3bcd7d8225c9cf2f93f39310a6d3bb,,,,
161530,KR7161530001,ARIRANG 조선운송,2012-08-29,2015-02-23,FnGuide 조선운송+ 지수,일반 (1),https://kind.krx.co.kr/disclosure/etfisudetail.do?method=searchEftIsuDetail&isuCd=KR7161530001,data/krx/kind_details/KR7161530001.html,ad6fd752c072bec03c79a087cf86587fd7fd12330693e2b235774d0f2c07f9b0,,,,
204420,KR7204420004,ARIRANG 차이나H 레버리지(합성 H),2014-08-25,2019-06-24,HSCEI Leveraged Index,2X 레버리지 (2),https://kind.krx.co.kr/disclosure/etfisudetail.do?method=searchEftIsuDetail&isuCd=KR7204420004,data/krx/kind_details/KR7204420004.html,85f713a0f9f5955f3a9758cf8ed746801c1f2207d05d22cc5e359e746bdc25e6,,,,
161540,KR7161540000,ARIRANG 철강금속,2012-08-29,2015-02-23,FnGuide 철강금속+ 지수,일반 (1),https://kind.krx.co.kr/disclosure/etfisudetail.do?method=searchEftIsuDetail&isuCd=KR7161540000,data/krx/kind_details/KR7161540000.html,367b49bdc84bb12fc7fe6817e36081bdab3068a238acfb7223dae25497d15426,,,,
141240,KR7141240002,ARIRANG 코스피100동일가중,2011-05-18,2018-11-12,코스피 100 동일가중지수,일반 (1),https://kind.krx.co.kr/disclosure/etfisudetail.do?method=searchEftIsuDetail&isuCd=KR7141240002,data/krx/kind_details/KR7141240002.html,266a019877d7394afa855dde0e6bd7a63e809ec3cb4412e8a8dc75835f943987,,,,
301440,KR7301440004,ARIRANG 코스피중형주,2018-07-05,2023-08-25,코스피 중형주 지수,일반 (1),https://kind.krx.co.kr/disclosure/etfisudetail.do?method=searchEftIsuDetail&isuCd=KR7301440004,data/krx/kind_details/KR7301440004.html,bb7468d7b354d5305e3abb4ac01ea0dac0d234d7da4b352ef9af05ced817cf70,,,,
376250,KR7376250007,ARIRANG 탄소효율그린뉴딜,2021-02-05,2023-06-26,KRX/S&P 탄소효율 그린뉴딜지수,일반 (1),https://kind.krx.co.kr/disclosure/etfisudetail.do?method=searchEftIsuDetail&isuCd=KR7376250007,data/krx/kind_details/KR7376250007.html,fa791df539b9a77ea246a694c7c1ae53ff12f8f33160db594ee41d4fb4b298f2,,,,
161550,KR7161550009,ARIRANG 화학,2012-08-29,2015-02-23,FnGuide 화학+ 지수,일반 (1),https://kind.krx.co.kr/disclosure/etfisudetail.do?method=searchEftIsuDetail&isuCd=KR7161550009,data/krx/kind_details/KR7161550009.html,f28a422bc9e7cdc57739db50766f28af033181fdd61391fb1d3a81170bdaa0ec,,,,
470320,KR7470320003,BNK 24-11 회사채(AA-이상)액티브,2023-11-14,2024-11-27,KAP 24-11 회사채 총수익 지수(AA-이상),일반 (1),https://kind.krx.co.kr/disclosure/etfisudetail.do?method=searchEftIsuDetail&isuCd=KR7470320003,data/krx/kind_details/KR7470320003.html,9d9bef7468011f046bcdfe2befd182ebe2339ac3d1cbac7f0c7771ca61c9a973,,,,
495710,KR7495710006,BNK 26-06 특수채(AAA이상)액티브,2024-12-03,2026-06-09,KAP 26-06 특수채 총수익 지수(AAA이상),일반 (1),https://kind.krx.co.kr/disclosure/etfisudetail.do?method=searchEftIsuDetail&isuCd=KR7495710006,data/krx/kind_details/KR7495710006.html,fd4609d4a23232b5bbfe940ada702b5071bcf9c6764ff94a4eb510a8bcc8ff21,,,,
0193M0,KR70193M0005,BNK 27-12 특수채(AAA이상)액티브,2026-06-16,,KAP 27-12 특수채 총수익 지수(AAA이상),일반 (1),https://kind.krx.co.kr/disclosure/etfisudetail.do?method=searchEftIsuDetail&isuCd=KR70193M0005,data/krx/kind_details/KR70193M0005.html,df3903cbaa6f707c18cd6f0ccdbff8af1ecba01b29953651324200b35cc164c4,,,,
466810,KR7466810009,BNK 2차전지양극재,2023-10-19,,iSelect 2차전지양극재 지수,일반 (1),https://kind.krx.co.kr/disclosure/etfisudetail.do?method=searchEftIsuDetail&isuCd=KR7466810009,data/krx/kind_details/KR7466810009.html,802249138c34d092e1c9d6db1d337e11349f98d55e9deb6c5437287649d58ad6,,,,
457930,KR7457930006,BNK 미래전략기술액티브,2023-06-20,,iSelect 미래전략기술 지수 (PR),일반 (1),https://kind.krx.co.kr/disclosure/etfisudetail.do?method=searchEftIsuDetail&isuCd=KR7457930006,data/krx/kind_details/KR7457930006.html,b75b04ef6a8eb5f40f5ea2828d5b40475a3296c2375a2a910c0012d49413fa66,,,,
0218K0,KR70218K0008,BNK 스마트카,2026-07-21,,FnGuide 스마트카 지수,일반 (1),https://kind.krx.co.kr/disclosure/etfisudetail.do?method=searchEftIsuDetail&isuCd=KR70218K0008,data/krx/kind_details/KR70218K0008.html,aed2d398ed360de6966b24c4adec60e558d1d41ffc1b26b3f8e98f0d321fd12d,,,,
487750,KR7487750002,BNK 온디바이스AI,2024-07-23,,FnGuide 온디바이스AI 지수,일반 (1),https://kind.krx.co.kr/disclosure/etfisudetail.do?method=searchEftIsuDetail&isuCd=KR7487750002,data/krx/kind_details/KR7487750002.html,bdefacb06e939b7c6d9484a614bd7c6d664da982f28335ed404533c9e6c03c4a,,,,
445690,KR7445690001,BNK 주주가치액티브,2022-10-27,,FnGuide 주주가치 지수,일반 (1),https://kind.krx.co.kr/disclosure/etfisudetail.do?method=searchEftIsuDetail&isuCd=KR7445690001,data/krx/kind_details/KR7445690001.html,4c79015b3a47578ee79c1b0f50412e159e5be5d663167f1b40b7efb4c1ccf72b,,,,
0120J0,KR70120J0008,BNK 카카오그룹포커스,2025-12-02,,FnGuide 카카오그룹 포커스 지수,일반 (1),https://kind.krx.co.kr/disclosure/etfisudetail.do?method=searchEftIsuDetail&isuCd=KR70120J0008,data/krx/kind_details/KR70120J0008.html,79dd14995fabba1ee84f7f7c5df17ea040ca6464bf82450e81ca72655f9a1c4a,,,,
486240,KR7486240005,DAISHIN AI반도체&인프라액티브,2024-06-18,,FnGuide AI반도체&인프라 지수,일반 (1),https://kind.krx.co.kr/disclosure/etfisudetail.do?method=searchEftIsuDetail&isuCd=KR7486240005,data/krx/kind_details/KR7486240005.html,de1f7ffd6ab59c97b4280b7895d63321c47075fa7514e6f1c2c35b373ca096d7,,,,
434960,KR7434960001,DAISHIN K200,2022-06-28,,코스피 200,일반 (1),https://kind.krx.co.kr/disclosure/etfisudetail.do?method=searchEftIsuDetail&isuCd=KR7434960001,data/krx/kind_details/KR7434960001.html,2b66ff9c894e8a18acc92ba716cb6ab8e4abed1a986bd57f6cebcdbc78b546a4,,,,
0189Z0,KR70189Z0006,DAISHIN 금융&지주고배당,2026-06-09,,KRX-Akros 금융&지주고배당 지수,일반 (1),https://kind.krx.co.kr/disclosure/etfisudetail.do?method=searchEftIsuDetail&isuCd=KR70189Z0006,data/krx/kind_details/KR70189Z0006.html,e55914264ca2bab6e3b66ee981ad123003e1aed3dc2f6b43f856c7d6d5298eae,,,,
0174J0,KR70174J0003,DAISHIN 오피스리츠플러스,2026-03-31,,KRX 프라임 오피스 리츠 지수,일반 (1),https://kind.krx.co.kr/disclosure/etfisudetail.do?method=searchEftIsuDetail&isuCd=KR70174J0003,data/krx/kind_details/KR70174J0003.html,7332bc6b4ffd7df67d834e3622f56ea31840dc407aeda840ca6e5eb40a9d2836,,,,
0220B0,KR70220B0005,DS 코스닥액티브,2026-07-14,,코스닥지수,일반 (1),https://kind.krx.co.kr/disclosure/etfisudetail.do?method=searchEftIsuDetail&isuCd=KR70220B0005,data/krx/kind_details/KR70220B0005.html,ce564b16b911104c8d0aca3ea9eb4b41cf8cc093aa3873c1a8cdb5f442f51773,,,,
108630,KR7108630005,FIRST 스타우량,2009-02-03,2016-03-14,MKF 스타우량,일반 (1),https://kind.krx.co.kr/disclosure/etfisudetail.do?method=searchEftIsuDetail&isuCd=KR7108630005,data/krx/kind_details/KR7108630005.html,a166cef99caa8b60562362561dc3116b899319190814d7ebb704fe2be85dcead,,,,
0098Z0,KR70098Z0006,FOCUS 200,2025-09-23,,코스피 200,일반 (1),https://kind.krx.co.kr/disclosure/etfisudetail.do?method=searchEftIsuDetail&isuCd=KR70098Z0006,data/krx/kind_details/KR70098Z0006.html,4e18bacf4b4001ba99645f1b68b4b5431d09a2fc3f3d5c160e591e63488d00b1,,,,
0176P0,KR70176P0003,FOCUS AI반도체위클리고정커버드콜,2026-04-07,,AI 반도체 위클리 고정 30% 커버드콜 지수,일반 (1),https://kind.krx.co.kr/disclosure/etfisudetail.do?method=searchEftIsuDetail&isuCd=KR70176P0003,data/krx/kind_details/KR70176P0003.html,d36677a5777cab6975c86c8e78d928672101e802e01dd8fde0c1762efe96eff0,,,,
448570,KR7448570002,FOCUS AI코리아액티브,2022-11-15,,코스피지수,일반 (1),https://kind.krx.co.kr/disclosure/etfisudetail.do?method=searchEftIsuDetail&isuCd=KR7448570002,data/krx/kind_details/KR7448570002.html,2b205ac361b53ba70c8c90bde8d4990758f913086007f9e356ccf8e83aaf742e,,,,
285690,KR7285690004,FOCUS ESG리더스,2017-12-13,,KRX ESG Leaders 150,일반 (1),https://kind.krx.co.kr/disclosure/etfisudetail.do?method=searchEftIsuDetail&isuCd=KR7285690004,data/krx/kind_details/KR7285690004.html,7b789fe42141e7383fdb61a994a2b20950c85f36fa5ba28d022a88a170180c8c,,,,
292730,KR7292730009,FOCUS KRX300,2018-03-26,2025-10-29,KRX 300,일반 (1),https://kind.krx.co.kr/disclosure/etfisudetail.do?method=searchEftIsuDetail&isuCd=KR7292730009,data/krx/kind_details/KR7292730009.html,e8c6db6a322fb24f66ed633a5076cee9d9f99efc0f5396c40fd0953d7b71b4ba,,,,
0226D0,KR70226D0007,FOCUS 금융반도체지주채권혼합50액티브,2026-08-11,,KAP 금융반도체지주채권혼합50지수,일반 (1),https://kind.krx.co.kr/disclosure/etfisudetail.do?method=searchEftIsuDetail&isuCd=KR70226D0007,data/krx/kind_details/KR70226D0007.html,a64d6dadbb04d8322b06bf0e5fb62434d65de36515869a72be3190ff66a70d53,,,,
0073X0,KR70073X0007,FOCUS 알리바바미국채커버드콜혼합,2025-07-01,,KEDI 알리바바미국채커버드콜혼합지수(TR),일반 (1),https://kind.krx.co.kr/disclosure/etfisudetail.do?method=searchEftIsuDetail&isuCd=KR70073X0007,data/krx/kind_details/KR70073X0007.html,2289b609690a89c60f8b8c1dceb8284540541ad8052dc3f1f5745742eb41cc2e,,,,
402520,KR7402520001,FOCUS 혁신기업액티브,2021-09-30,2024-09-04,코스피지수,일반 (1),https://kind.krx.co.kr/disclosure/etfisudetail.do?method=searchEftIsuDetail&isuCd=KR7402520001,data/krx/kind_details/KR7402520001.html,fabedef728e407303edb2efc8ab092857822d1ae105d78bd7a85b12450aea884,,,,
107560,KR7107560005,GIANT 현대차그룹,2008-12-24,2016-09-29,MKF 현대차그룹,일반 (1),https://kind.krx.co.kr/disclosure/etfisudetail.do?method=searchEftIsuDetail&isuCd=KR7107560005,data/krx/kind_details/KR7107560005.html,4575f91e345cea22476914aab431123246a2c9974de029c8eea47981394c2a60,,,,
138210,KR7138210000,GREAT GREEN,2011-01-27,2015-07-02,녹색산업지수,일반 (1),https://kind.krx.co.kr/disclosure/etfisudetail.do?method=searchEftIsuDetail&isuCd=KR7138210000,data/krx/kind_details/KR7138210000.html,46716ddc79e7d41895d6f0bf6282efdc8276e9e65f16aaa75a92bd48d3fdacb6,,,,
120210,KR7120210000,GREAT SRI,2009-12-15,2015-12-15,사회책임투자지수,일반 (1),https://kind.krx.co.kr/disclosure/etfisudetail.do?method=searchEftIsuDetail&isuCd=KR7120210000,data/krx/kind_details/KR7120210000.html,80eb0ec3dbf50cb90bc4febfca0e871d5888ffffd04b6e2a362c9d1a223660b1,,,,
293180,KR7293180006,HANARO 200,2018-03-30,,코스피 200,일반 (1),https://kind.krx.co.kr/disclosure/etfisudetail.do?method=searchEftIsuDetail&isuCd=KR7293180006,data/krx/kind_details/KR7293180006.html,318b98ce9978c42d00d4206668290b5e1c9e1e0cd72d628daae1c9c7c4bde0f1,,,,
407310,KR7407310002,HANARO 200 TOP10,2021-11-24,,KOSPI 200 Top 10 지수(시장가격),일반 (1),https://kind.krx.co.kr/disclosure/etfisudetail.do?method=searchEftIsuDetail&isuCd=KR7407310002,data/krx/kind_details/KR7407310002.html,61ed9b7848e6d842e303782d763d3b113ce89913b77ab891c67cc0fc1c209cfd,,,,
332930,KR7332930007,HANARO 200TR,2019-08-28,,코스피 200 TR지수,일반 (1),https://kind.krx.co.kr/disclosure/etfisudetail.do?method=searchEftIsuDetail&isuCd=KR7332930007,data/krx/kind_details/KR7332930007.html,9474df7530e9438c5d6197c151ba5baa07fff18b9bcb793051d969787d68f609,,,,
304780,KR7304780000,HANARO 200선물레버리지,2018-08-14,,코스피 200 선물레버리지지수,2X 레버리지 (2),https://kind.krx.co.kr/disclosure/etfisudetail.do?method=searchEftIsuDetail&isuCd=KR7304780000,data/krx/kind_details/KR7304780000.html,c7aeaa6263a2c50c0208c24a0660c4e0ee374777d241aa94b9384956f52c27c7,,,,
486780,KR7486780000,HANARO 200선물레버리지1.5X,2024-07-09,2025-09-16,코스피 200 선물 레버리지 1.5X 지수,1.5X 레버리지 (1.5),https://kind.krx.co.kr/disclosure/etfisudetail.do?method=searchEftIsuDetail&isuCd=KR7486780000,data/krx/kind_details/KR7486780000.html,51811da9e844e693d8beda2f88cde7c525f5718424b7cd5f483a6cbe92e6309a,,,,
306520,KR7306520008,HANARO 200선물인버스,2018-09-18,,코스피 200 선물인버스 지수,1X 인버스 (-1),https://kind.krx.co.kr/disclosure/etfisudetail.do?method=searchEftIsuDetail&isuCd=KR7306520008,data/krx/kind_details/KR7306520008.html,fdc539ed33efd0509c29a8481f0c2bf1b97cdfa1db332ed6a75348c22db3e46a,,,,
489570,KR7489570002,HANARO 25-12 은행채(AA+이상)액티브,2024-10-15,2025-12-08,KIS 은행채2512만기형 지수,일반 (1),https://kind.krx.co.kr/disclosure/etfisudetail.do?method=searchEftIsuDetail&isuCd=KR7489570002,data/krx/kind_details/KR7489570002.html,5c26dd0c6f3faa132dd2be4b6b98fb8feb905bacfc61af19fa8608a1907fca2c,,,,
0123S0,KR70123S0004,HANARO 26-12 은행채(AA+이상)액티브,2025-12-16,,KIS 은행채2612만기형 지수,일반 (1),https://kind.krx.co.kr/disclosure/etfisudetail.do?method=searchEftIsuDetail&isuCd=KR70123S0004,data/krx/kind_details/KR70123S0004.html,8c828e9fb5dd5d5379463dc9d5620fc17c5315c06ceb496f1e11c83f97f4d883,,,,
0091M0,KR70091M0008,HANARO 27-06 회사채(AA-이상)액티브,2025-08-26,,KIS 회사채(AA-이상)2706만기형지수(총수익),일반 (1),https://kind.krx.co.kr/disclosure/etfisudetail.do?method=searchEftIsuDetail&isuCd=KR70091M0008,data/krx/kind_details/KR70091M0008.html,ef5e53bfff531a590790242fe79c32841e2b2e109772c273549532cadddffb57,,,,
448490,KR7448490003,HANARO 32-10 국고채액티브,2022-11-22,,KAP 32-10 국고채 10년 총수익지수,일반 (1),https://kind.krx.co.kr/disclosure/etfisudetail.do?method=searchEftIsuDetail&isuCd=KR7448490003,data/krx/kind_details/KR7448490003.html,dd30cf16e80995db43e7e367ad496f988764c9b4dcdf42e67a10152b574565ff,,,,
454320,KR7454320003,HANARO CAPEX설비투자iSelect,2023-04-18,,iSelect CAPEX 설비투자 지수(시장가격),일반 (1),https://kind.krx.co.kr/disclosure/etfisudetail.do?method=searchEftIsuDetail&isuCd=KR7454320003,data/krx/kind_details/KR7454320003.html,70643d8df4dcd39c6e21685a427a7d516eb58421f55ed452bdfb832c39152bbf,,,,
471290,KR7471290007,HANARO CD금리액티브(합성),2023-11-14,2025-06-24,iSelect CD Index(총수익),일반 (1),https://kind.krx.co.kr/disclosure/etfisudetail.do?method=searchEftIsuDetail&isuCd=KR7471290007,data/krx/kind_details/KR7471290007.html,59b68a9aa09df853ee8b48699548d79c91caf8e9f896ec3410e465b676df8354,,,,
395290,KR7395290000,HANARO Fn K-POP&미디어,2021-07-30,,FnGuide K-POP&미디어 지수 (시장가격),일반 (1),https://kind.krx.co.kr/disclosure/etfisudetail.do?method=searchEftIsuDetail&isuCd=KR7395290000,data/krx/kind_details/KR7395290000.html,3024df6821ad10579a964f1e988f1e04e9b184a86177489fb023e4f3eccf57f5,,,,
395280,KR7395280001,HANARO Fn K-게임,2021-07-30,,FnGuide K-게임 지수 (시장가격),일반 (1),https://kind.krx.co.kr/disclosure/etfisudetail.do?method=searchEftIsuDetail&isuCd=KR7395280001,data/krx/kind_details/KR7395280001.html,903b8fc739e937c270f5f692e09dc92d9da51fffdfa99605f73ec406bc6aac66,,,,
368190,KR7368190005,HANARO Fn K-뉴딜디지털플러스,2020-11-10,,FnGuide K-뉴딜 디지털 플러스 지수,일반 (1),https://kind.krx.co.kr/disclosure/etfisudetail.do?method=searchEftIsuDetail&isuCd=KR7368190005,data/krx/kind_details/KR7368190005.html,d627e849c3345db2a2d39448850f8042b7078af4971cb93b7dea9b55f3c1e4a9,,,,
402460,KR7402460000,HANARO Fn K-메타버스MZ,2021-10-13,,FnGuide K-메타버스 MZ 지수(시장가격),일반 (1),https://kind.krx.co.kr/disclosure/etfisudetail.do?method=searchEftIsuDetail&isuCd=KR7402460000,data/krx/kind_details/KR7402460000.html,eda64559ecd699c0e385fdc556d02c391c74b23a2b37d90dc7c189605b4aa75c,,,,
395270,KR7395270002,HANARO Fn K-반도체,2021-07-30,,FnGuide K-반도체 지수 (시장가격),일반 (1),https://kind.krx.co.kr/disclosure/etfisudetail.do?method=searchEftIsuDetail&isuCd=KR7395270002,data/krx/kind_details/KR7395270002.html,20fb3d6744041579074abc490756f6bfaeefeceab5419c08d763a1aef5701328,,,,
438900,KR7438900003,HANARO Fn K-푸드,2022-08-17,,FnGuide K-푸드 지수 (시장가격),일반 (1),https://kind.krx.co.kr/disclosure/etfisudetail.do?method=searchEftIsuDetail&isuCd=KR7438900003,data/krx/kind_details/KR7438900003.html,10484f6bfd6e0b4fb6fbda8a0ad640af51fb4ecc81d72b7d166c82e0088900c7,,,,
367740,KR7367740008,HANARO Fn5G산업,2020-10-29,,,,https://data.krx.co.kr/comm/bldAttendant/getJsonData.cmd?bld=dbms/MDC/STAT/standard/MDCSTAT04601,data/krx/kind_details/KR7367740008.html,e3b0c44298fc1c149afbf4c8996fb92427ae41e4649b934ca495991b7852b855,listing_date_missing,https://data.krx.co.kr/comm/bldAttendant/getJsonData.cmd?bld=dbms/MDC/STAT/standard/MDCSTAT04601,data/krx/etf_authenticated_master.json,a212d774f6e92cd83e37826483d3e3532247f0a18afc0d68eff1db91f9e49e5f
407300,KR7407300003,HANARO Fn골프테마,2021-11-24,,FnGuide 골프 테마 지수(시장가격),일반 (1),https://kind.krx.co.kr/disclosure/etfisudetail.do?method=searchEftIsuDetail&isuCd=KR7407300003,data/krx/kind_details/KR7407300003.html,2010ad4dd0235ffe61aab8a022125703da26979110023c56ecc71536b3b37420,,,,
381560,KR7381560002,HANARO Fn전기&수소차,2021-04-02,,FnGuide 전기&수소차 지수 (시장가격),일반 (1),https://kind.krx.co.kr/disclosure/etfisudetail.do?method=searchEftIsuDetail&isuCd=KR7381560002,data/krx/kind_details/KR7381560002.html,e278184a73020f535054912b45db701c729433722ccf2c51e96b61ba364bac8a,,,,
441540,KR7441540002,HANARO Fn조선해운,2022-09-15,,FnGuide 조선해운지수,일반 (1),https://kind.krx.co.kr/disclosure/etfisudetail.do?method=searchEftIsuDetail&isuCd=KR7441540002,data/krx/kind_details/KR7441540002.html,576743108cc4855f8b5cda939f2ab917bceca9b27869c0e4f0a94feff1d4af85,,,,
381570,KR7381570001,HANARO Fn친환경에너지,2021-04-02,,FnGuide 친환경에너지 지수 (시장가격),일반 (1),https://kind.krx.co.kr/disclosure/etfisudetail.do?method=searchEftIsuDetail&isuCd=KR7381570001,data/krx/kind_details/KR7381570001.html,488c0c20ec37ab7aeb203805660d3cf535b01cd36391a43bed980538d7867e27,,,,
473380,KR7473380004,HANARO K-메디테크,2023-12-21,2025-03-26,iSelect K-메디테크 지수(PR),일반 (1),https://kind.krx.co.kr/disclosure/etfisudetail.do?method=searchEftIsuDetail&isuCd=KR7473380004,data/krx/kind_details/KR7473380004.html,ecf7c1143d5147329dcbbf35d72da9f169efc2a9b7fdcab980c3423b490d3e61,,,,
479850,KR7479850000,HANARO K-뷰티,2024-04-16,,FnGuide K-뷰티 지수,일반 (1),https://kind.krx.co.kr/disclosure/etfisudetail.do?method=searchEftIsuDetail&isuCd=KR7479850000,data/krx/kind_details/KR7479850000.html,62f34c2ec4a6e93bb0d33ecdba9ab9cf2d2caf083c9218984c8c769efbb4f19b,,,,
346000,KR7346000003,HANARO KAP초장기국고채,2020-01-16,2025-11-05,KAP 초장기 국고채 지수 (총수익),일반 (1),https://kind.krx.co.kr/disclosure/etfisudetail.do?method=searchEftIsuDetail&isuCd=KR7346000003,data/krx/kind_details/KR7346000003.html,61bc23fdce56382c99164c545307fd1f9c2673205ef98c28340cc203d1882600,,,,
453060,KR7453060006,HANARO KOFR금리액티브(합성),2023-03-14,,KOFR 지수,일반 (1),https://kind.krx.co.kr/disclosure/etfisudetail.do?method=searchEftIsuDetail&isuCd=KR7453060006,data/krx/kind_details/KR7453060006.html,f53f3a3d650c4e89a2c1805dfb213d4c9d0df19ae3a71c1a68f2edd572785820,,,,
304760,KR7304760002,HANARO KRX300,2018-08-14,,KRX 300,일반 (1),https://kind.krx.co.kr/disclosure/etfisudetail.do?method=searchEftIsuDetail&isuCd=KR7304760002,data/krx/kind_details/KR7304760002.html,ff2dd0e20ef627b4f6aefab679faa148baf4fd3c6d92c1d2db1f4a089e6c51ef,,,,
404470,KR7404470007,HANARO KRX기후변화솔루션,2021-10-29,2024-09-11,KRX 기후변화 솔루션지수,일반 (1),https://kind.krx.co.kr/disclosure/etfisudetail.do?method=searchEftIsuDetail&isuCd=KR7404470007,data/krx/kind_details/KR7404470007.html,18cc72635e0ca7d265f5a54d2cc4ff1a371673b3b4b60d710745cbe72d6d46ba,,,,
322410,KR7322410002,HANARO K고배당,2019-04-23,,FnGuide 고배당 알파 지수 (시장가격),일반 (1),https://kind.krx.co.kr/disclosure/etfisudetail.do?method=searchEftIsuDetail&isuCd=KR7322410002,data/krx/kind_details/KR7322410002.html,70182929666edc3c74fdb98e33236937583816a6b19ed61da122c0be0613fdf2,,,,
0155N0,KR70155N0000,HANARO K휴머노이드테마TOP10,2026-02-26,,iSelect K휴머노이드테마TOP10 지수,일반 (1),https://kind.krx.co.kr/disclosure/etfisudetail.do?method=searchEftIsuDetail&isuCd=KR70155N0000,data/krx/kind_details/KR70155N0000.html,069d783b5815db71616e503bcef57ba55249cdbe59a402c2eee4c6371f8e53b9,,,,
332940,KR7332940006,HANARO MSCI Korea TR,2019-08-28,,MSCI Korea TR Index,일반 (1),https://kind.krx.co.kr/disclosure/etfisudetail.do?method=searchEftIsuDetail&isuCd=KR7332940006,data/krx/kind_details/KR7332940006.html,db2c43e5e5ece3ec39a62262dd60f39e0983dddd6f7ba0f503203232a7d03190,,,,
322400,KR7322400003,HANARO e커머스,2019-04-23,,FnGuide E커머스 지수(시장가격),일반 (1),https://kind.krx.co.kr/disclosure/etfisudetail.do?method=searchEftIsuDetail&isuCd=KR7322400003,data/krx/kind_details/KR7322400003.html,f93569b4879fc2ac7e11cccc74971b0c079c13f3c56d02d02e0de3a751ef04d0,,,,
473640,KR7473640001,HANARO 글로벌금채굴기업,2024-01-18,,NYSE Arca Gold Miners Index (Price Return),일반 (1),https://kind.krx.co.kr/disclosure/etfisudetail.do?method=searchEftIsuDetail&isuCd=KR7473640001,data/krx/kind_details/KR7473640001.html,7e29deb0c44bbc542beaaf80a2a5e56a895aae31bffabab4c189364e6e71db09,,,,
354350,KR7354350001,HANARO 글로벌럭셔리S&P(합성),2020-05-12,,S&P Global Luxury Index,일반 (1),https://kind.krx.co.kr/disclosure/etfisudetail.do?method=searchEftIsuDetail&isuCd=KR7354350001,data/krx/kind_details/KR7354350001.html,d71b168ad9c556ec202ee9cd28c7dd52ccf95e7bef490b7b38b4267213d5c1da,,,,
464060,KR7464060003,HANARO 글로벌반도체TOP10 SOLACTIVE,2023-08-01,2025-11-05,Solactive Global Semiconductor Top 10 Index PR,일반 (1),https://kind.krx.co.kr/disclosure/etfisudetail.do?method=searchEftIsuDetail&isuCd=KR7464060003,data/krx/kind_details/KR7464060003.html,51e2b39bd75fae5589872afbb7fde836d39ef7ee6f563040f9f3acf81e42196c,,,,
432850,KR7432850006,HANARO 글로벌백신치료제MSCI,2022-06-08,2025-06-24,MSCI World IMI Virology Select Index,일반 (1),https://kind.krx.co.kr/disclosure/etfisudetail.do?method=searchEftIsuDetail&isuCd=KR7432850006,data/krx/kind_details/KR7432850006.html,8a951f88c4a27315120a9edf9b0a392fe4114cd0195e82b03b18a3610ed9983f,,,,
461340,KR7461340002,HANARO 글로벌생성형AI액티브,2023-07-11,,Solactive United States Technology 100 Index(Price Return),일반 (1),https://kind.krx.co.kr/disclosure/etfisudetail.do?method=searchEftIsuDetail&isuCd=KR7461340002,data/krx/kind_details/KR7461340002.html,81c22aebcfd84110cb0cc6eeeca7469db142b429ffb7c47ba75464194872b640,,,,
448510,KR7448510008,HANARO 글로벌신재생에너지MSCI(합성),2022-11-30,2025-03-26,MSCI ACWI IMI New Energy ESG Filtered (Price Return),일반 (1),https://kind.krx.co.kr/disclosure/etfisudetail.do?method=searchEftIsuDetail&isuCd=KR7448510008,data/krx/kind_details/KR7448510008.html,fe88d6715406e94fac0d8b3d3258a6738342562937669bdad06f93cb73eec2d8,,,,
424460,KR7424460004,HANARO 글로벌워터MSCI(합성),2022-04-19,2026-07-16,MSCI ACWI IMI Water ESG Filtered (Price Return),일반 (1),https://kind.krx.co.kr/disclosure/etfisudetail.do?method=searchEftIsuDetail&isuCd=KR7424460004,data/krx/kind_details/KR7424460004.html,431e3803cab42d7e383883f2055e3d9f26f1636e5ef946e9637b58d22f73a388,,,,
401590,KR7401590005,HANARO 글로벌탄소배출권선물ICE(합성),2021-09-30,,ICE Global Carbon Futures Index(Excess Return),일반 (1),https://kind.krx.co.kr/disclosure/etfisudetail.do?method=searchEftIsuDetail&isuCd=KR7401590005,data/krx/kind_details/KR7401590005.html,f9c5b82dc6a4f4e675161660aae6470b76ee5f1ebfe9dca26b51903da59a133f,,,,
0040S0,KR70040S0004,HANARO 글로벌피지컬AI액티브,2025-04-22,,Solactive Physical AI Index,일반 (1),https://kind.krx.co.kr/disclosure/etfisudetail.do?method=searchEftIsuDetail&isuCd=KR70040S0004,data/krx/kind_details/KR70040S0004.html,2dfc63ce71985904f271e36db71627b411537dc9b97f38f0bcb0997da85de6fe,,,,
314700,KR7314700006,HANARO 농업융복합산업,2018-12-21,,FnGuide 농업융복합산업지수(시장가격),일반 (1),https://kind.krx.co.kr/disclosure/etfisudetail.do?method=searchEftIsuDetail&isuCd=KR7314700006,data/krx/kind_details/KR7314700006.html,e94f92e6f92fa8cbd887d85b54d5bb43abdbb77d0eedef5814b2c5a8eaa2a67a,,,,
390950,KR7390950004,HANARO 단기채권액티브,2021-06-25,2025-03-26,KAP 단기 통안채 지수(총수익),일반 (1),https://kind.krx.co.kr/disclosure/etfisudetail.do?method=searchEftIsuDetail&isuCd=KR7390950004,data/krx/kind_details/KR7390950004.html,3a83575ff75c9fdc89220f17bc10e2827f82c6d735b261fab9120c945875e4ce,,,,
306540,KR7306540006,HANARO 단기통안채,2018-09-18,2021-07-02,KAP 단기 통안채 지수(총수익),일반 (1),https://kind.krx.co.kr/disclosure/etfisudetail.do?method=searchEftIsuDetail&isuCd=KR7306540006,data/krx/kind_details/KR7306540006.html,3dc3a162c51975fd5b671f2f141a6b580721f3e0c912ca5282e46da1f787f4b3,,,,
486830,KR7486830003,HANARO 머니마켓액티브,2024-07-16,,KIS-NH Amundi MMF지수,일반 (1),https://kind.krx.co.kr/disclosure/etfisudetail.do?method=searchEftIsuDetail&isuCd=KR7486830003,data/krx/kind_details/KR7486830003.html,1065ca9bf7f2a96e30162e125c160501952b285df92a1cfee0edc2cf7d964b38,,,,
0215T0,KR70215T0002,HANARO 미국AI광통신TOP10,2026-07-14,,Indxx US AI Optical Communication TOP10 Index(PR),일반 (1),https://kind.krx.co.kr/disclosure/etfisudetail.do?method=searchEftIsuDetail&isuCd=KR70215T0002,data/krx/kind_details/KR70215T0002.html,fae4d9aa7362067019f9a494d8e0fa8e95f057d07921cb1b15c5911f4cfce4c8,,,,
0181B0,KR70181B0002,HANARO 미국AI메모리반도체TOP4+,2026-05-12,,Solactive US AI Memory Semiconductor Top4+ Index,일반 (1),https://kind.krx.co.kr/disclosure/etfisudetail.do?method=searchEftIsuDetail&isuCd=KR70181B0002,data/krx/kind_details/KR70181B0002.html,9818d5ac5c86ca71735bfd6f772297f40e9161d60df0a63e69c9c388068acc3e,,,,
432840,KR7432840007,HANARO 미국S&P500,2022-06-08,,S&P 500,일반 (1),https://kind.krx.co.kr/disclosure/etfisudetail.do?method=searchEftIsuDetail&isuCd=KR7432840007,data/krx/kind_details/KR7432840007.html,2a3ed3f8fa1eefc9ce6b652da830635c577ac3921acf1da3495be5038c9904a7,,,,
0219Z0,KR70219Z0000,HANARO 미국S&P500액티브,2026-08-04,,S&P 500,일반 (1),https://kind.krx.co.kr/disclosure/etfisudetail.do?method=searchEftIsuDetail&isuCd=KR70219Z0000,data/krx/kind_details/KR70219Z0000.html,db8a1f728460c0425f2eaa8963147075535381d6d5733cd553b82817643bb8fe,,,,
419170,KR7419170006,HANARO 미국메타버스iSelect,2022-02-22,2025-06-24,iSelect US 메타버스 지수(시장가격),일반 (1),https://kind.krx.co.kr/disclosure/etfisudetail.do?method=searchEftIsuDetail&isuCd=KR7419170006,data/krx/kind_details/KR7419170006.html,d43fe2e4891a68a3353f569fac0796cb0e715bcc2d86555eef58a8293dc6690f,,,,
472490,KR7472490002,HANARO 미국애그테크,2023-11-28,2025-06-24,iSelect 미국 애그테크 지수 (PR),일반 (1),https://kind.krx.co.kr/disclosure/etfisudetail.do?method=searchEftIsuDetail&isuCd=KR7472490002,data/krx/kind_details/KR7472490002.html,8661ffc9472db1aef788b5f591b510795e682889e1eaa500825736a857e4c0f6,,,,
498050,KR7498050004,HANARO 바이오코리아액티브,2024-11-26,,iSelect K-바이오헬스케어,일반 (1),https://kind.krx.co.kr/disclosure/etfisudetail.do?method=searchEftIsuDetail&isuCd=KR7498050004,data/krx/kind_details/KR7498050004.html,dd401a558351be3fba313d26bc6dfabdc41580b6d5c821978339b3f76544eca3,,,,
476260,KR7476260005,HANARO 반도체핵심공정주도주,2024-02-27,,FnGuide 반도체 핵심공정 주도주 지수,일반 (1),https://kind.krx.co.kr/disclosure/etfisudetail.do?method=searchEftIsuDetail&isuCd=KR7476260005,data/krx/kind_details/KR7476260005.html,652ed3088412c0c1a4c4a87354086f6d3d7c8312bdfc2a304586517ee87ae298,,,,
434730,KR7434730008,HANARO 원자력iSelect,2022-06-28,,iSelect 원자력지수 (시장가격),일반 (1),https://kind.krx.co.kr/disclosure/etfisudetail.do?method=searchEftIsuDetail&isuCd=KR7434730008,data/krx/kind_details/KR7434730008.html,b53a7f727f273b58b8e7e92bd46f043ad233f79f0b56f36ff1ab0134f3808efc,,,,
0082F0,KR70082F0008,HANARO 유럽방산,2025-07-29,,Stoxx 유럽 방산 지수,일반 (1),https://kind.krx.co.kr/disclosure/etfisudetail.do?method=searchEftIsuDetail&isuCd=KR70082F0008,data/krx/kind_details/KR70082F0008.html,4add12a10b12526a205e43bc8192ff67b3fb65289fde068b590e4526d268e95e,,,,
456100,KR7456100007,HANARO 유로존국채25년플러스(합성 H),2023-05-16,2024-12-13,Bloomberg Euro Treasury 50bn 25+ Year Bond Index,일반 (1),https://kind.krx.co.kr/disclosure/etfisudetail.do?method=searchEftIsuDetail&isuCd=KR7456100007,data/krx/kind_details/KR7456100007.html,40538b40303451ea62a13210a470839b62e8e021c6dbc3e69b058d51d81fd732,,,,
491820,KR7491820007,HANARO 전력설비투자,2024-09-24,,iSelect 전력설비투자 지수,일반 (1),https://kind.krx.co.kr/disclosure/etfisudetail.do?method=searchEftIsuDetail&isuCd=KR7491820007,data/krx/kind_details/KR7491820007.html,d0f0432b31cdd169c2dec86eb00b48e8651ab32a3f3cabb1f98ccb5108e49269,,,,
461500,KR7461500001,HANARO 종합채권(AA-이상)액티브,2023-10-26,,KAP 종합채권 총수익지수(AA-이상),일반 (1),https://kind.krx.co.kr/disclosure/etfisudetail.do?method=searchEftIsuDetail&isuCd=KR7461500001,data/krx/kind_details/KR7461500001.html,93cfec7b703d6b55c432690982ded1a9631b4bd3dda900a7c01f92c9f26cf8c9,,,,
482870,KR7482870003,HANARO 주주가치성장코리아액티브,2024-06-11,2025-11-26,iSelect 주주가치성장 지수,일반 (1),https://kind.krx.co.kr/disclosure/etfisudetail.do?method=searchEftIsuDetail&isuCd=KR7482870003,data/krx/kind_details/KR7482870003.html,649590d5333daec37b594c5d29669ea2dc5be68eade18b4e5997f3a562929337,,,,
0191W0,KR70191W0005,HANARO 중기종합채권(A-이상)액티브,2026-05-19,,KIS 중기종합채권시장 A-이상 총수익지수,일반 (1),https://kind.krx.co.kr/disclosure/etfisudetail.do?method=searchEftIsuDetail&isuCd=KR70191W0005,data/krx/kind_details/KR70191W0005.html,5ee308c484770d28afe6fb2ec9096725af13a62d904efd11ca6c12db4949ecc6,,,,
0111J0,KR70111J0009,HANARO 증권고배당TOP3플러스,2025-10-28,,FnGuide 증권 고배당 TOP3 플러스 지수,일반 (1),https://kind.krx.co.kr/disclosure/etfisudetail.do?method=searchEftIsuDetail&isuCd=KR70111J0009,data/krx/kind_details/KR70111J0009.html,ecc2488a6ea66c4bbd3951f8143d1a0089f56cb15a5a3b9e4bfc5e63ce8aa7b3,,,,
495750,KR7495750002,HANARO 코리아밸류업,2024-11-04,,코리아 밸류업 지수,일반 (1),https://kind.krx.co.kr/disclosure/etfisudetail.do?method=searchEftIsuDetail&isuCd=KR7495750002,data/krx/kind_details/KR7495750002.html,64886237776ae1fdf02c61e272f3575e8e1944fdc532e6735222a79dc6c02d1b,,,,
304770,KR7304770001,HANARO 코스닥150,2018-08-14,,코스닥 150,일반 (1),https://kind.krx.co.kr/disclosure/etfisudetail.do?method=searchEftIsuDetail&isuCd=KR7304770001,data/krx/kind_details/KR7304770001.html,ab5161e935ef5a27c456e29069859b7a6986d32eed7faed9fcb2fb6dd956c526,,,,
306530,KR7306530007,HANARO 코스닥150선물레버리지,2018-09-18,,F-코스닥150 레버리지지수,2X 레버리지 (2),https://kind.krx.co.kr/disclosure/etfisudetail.do?method=searchEftIsuDetail&isuCd=KR7306530007,data/krx/kind_details/KR7306530007.html,2f004c38fe6088f106ca94f2617eff309a1061c6415c820c8374bac44621dc31,,,,
486790,KR7486790009,HANARO 코스닥150선물레버리지1.5X,2024-07-09,2025-09-16,코스닥 150 선물 레버리지 1.5X 지수,1.5X 레버리지 (1.5),https://kind.krx.co.kr/disclosure/etfisudetail.do?method=searchEftIsuDetail&isuCd=KR7486790009,data/krx/kind_details/KR7486790009.html,23bd053888de5989404bfae35ebe3875f2b0c625b586b7e7dcc596b31daac0c7,,,,
375760,KR7375760006,HANARO 탄소효율그린뉴딜,2021-02-05,,KRX/S&P 탄소효율 그린뉴딜지수,일반 (1),https://kind.krx.co.kr/disclosure/etfisudetail.do?method=searchEftIsuDetail&isuCd=KR7375760006,data/krx/kind_details/KR7375760006.html,4d8ba54a1e9bb5de42dfb12f0c33a025d141f343029fd7f133d80289b36ef949,,,,
110550,KR7110550001,HIT 골드,2009-11-05,2011-12-19,LBMA PM FIX - Gold,일반 (1),https://kind.krx.co.kr/disclosure/etfisudetail.do?method=searchEftIsuDetail&isuCd=KR7110550001,data/krx/kind_details/KR7110550001.html,b9bf7c5e55094015c6b56bbe1a03959ad0813b3c8210c945a83fb862d71ba573,,,,
124090,KR7124090002,HIT 보험,2010-05-07,2011-12-19,MKF 보험주 TOP10 지수,일반 (1),https://kind.krx.co.kr/disclosure/etfisudetail.do?method=searchEftIsuDetail&isuCd=KR7124090002,data/krx/kind_details/KR7124090002.html,55e9dbb18233148152a169f7a3190f1321a2b51bbb79110bbd4a136cb3db62ce,,,,
491700,KR7491700001,HK 200,2024-09-10,,코스피 200,일반 (1),https://kind.krx.co.kr/disclosure/etfisudetail.do?method=searchEftIsuDetail&isuCd=KR7491700001,data/krx/kind_details/KR7491700001.html,aa2bf2600dda70fe2426377a8180e75563cb8bdf62bcce1d3d1b4f7fb1cc02dc,,,,
0000Y0,KR70000Y0004,HK 26-12 회사채(AA-이상)액티브,2024-12-24,,KAP 26-12 크레딧 채권 총수익지수(AA-이상),일반 (1),https://kind.krx.co.kr/disclosure/etfisudetail.do?method=searchEftIsuDetail&isuCd=KR70000Y0004,data/krx/kind_details/KR70000Y0004.html,b56b2ce6f720d509489001f4febd15b397806606989b92645526b88387eb1ce6,,,,
215620,KR7215620006,HK S&P코리아로우볼,2015-03-25,,S&P Korea 저변동성 지수,일반 (1),https://kind.krx.co.kr/disclosure/etfisudetail.do?method=searchEftIsuDetail&isuCd=KR7215620006,data/krx/kind_details/KR7215620006.html,d5ecd13f4668f86b75559528923f7c149daa49c1e6d1b3e39d2dae967511a602,,,,
0113P0,KR70113P0009,HK 머니마켓액티브,2025-09-30,,KAP 머니마켓 지수(총수익),일반 (1),https://kind.krx.co.kr/disclosure/etfisudetail.do?method=searchEftIsuDetail&isuCd=KR70113P0009,data/krx/kind_details/KR70113P0009.html,558c4c55326707e008654ed44466f0b15298c3e27bbef010cd88ad96065362a1,,,,
391670,KR7391670007,HK 베스트일레븐액티브,2021-07-06,,코스피 200,일반 (1),https://kind.krx.co.kr/disclosure/etfisudetail.do?method=searchEftIsuDetail&isuCd=KR7391670007,data/krx/kind_details/KR7391670007.html,5dd1eb5fa95438d22cb7eaef1f5bdf759d3d5a960b91b7caacd3124e3a49c17b,,,,
472920,KR7472920008,HK 종합채권(AA-이상)액티브,2023-11-28,,KAP 종합채권 AA- 이상 지수(총수익),일반 (1),https://kind.krx.co.kr/disclosure/etfisudetail.do?method=searchEftIsuDetail&isuCd=KR7472920008,data/krx/kind_details/KR7472920008.html,aaf43b85b27f8e9c1f3e31de0abf3448d1eef902fb6fd88ef086181868558e66,,,,
391680,KR7391680006,HK 하이볼액티브,2021-07-06,2024-12-10,코스피 200,일반 (1),https://kind.krx.co.kr/disclosure/etfisudetail.do?method=searchEftIsuDetail&isuCd=KR7391680006,data/krx/kind_details/KR7391680006.html,c2c8a994d646a447fee5bf300524e57a8f564f45ad5ea868e226e67bcfbdb341,,,,
472840,KR7472840008,IBK 200,2023-12-21,,코스피 200,일반 (1),https://kind.krx.co.kr/disclosure/etfisudetail.do?method=searchEftIsuDetail&isuCd=KR7472840008,data/krx/kind_details/KR7472840008.html,493487fac37df29080cc504ecc9fb8188517a90630d9680559c5c77bb19defbc,,,,
0005G0,KR70005G0001,IBK K-AI반도체코어테크,2025-01-21,,FnGuide K-AI반도체 코어테크 지수,일반 (1),https://kind.krx.co.kr/disclosure/etfisudetail.do?method=searchEftIsuDetail&isuCd=KR70005G0001,data/krx/kind_details/KR70005G0001.html,3fc9471d661ec7ee44ce25541ec7d6fb1f2b22e727b26c8acef9a60926b3b0ff,,,,
0178H0,KR70178H0001,IBK 미국AI TOP10국채혼합50,2026-04-28,,FnGuide 미국AI TOP10국채혼합 지수,일반 (1),https://kind.krx.co.kr/disclosure/etfisudetail.do?method=searchEftIsuDetail&isuCd=KR70178H0001,data/krx/kind_details/KR70178H0001.html,b0dd4d91b54b6cdbb2b5c96dae76645ff7fd23c817ebdbdbd4b4e33434765b23,,,,
0135Y0,KR70135Y0002,IBK 중기종합채권(AA-이상)액티브,2025-12-16,,"KIS 중기종합채권 (1~5Y, AA-이상, 총수익)",일반 (1),https://kind.krx.co.kr/disclosure/etfisudetail.do?method=searchEftIsuDetail&isuCd=KR70135Y0002,data/krx/kind_details/KR70135Y0002.html,30fd7e77b4b5cb29e0e5fa616aa31511f4308ed180035242ead52da232bd55a6,,,,
0221V0,KR70221V0000,IBK 초단기채권액티브,2026-07-21,,KIS 단기자금 총수익지수,일반 (1),https://kind.krx.co.kr/disclosure/etfisudetail.do?method=searchEftIsuDetail&isuCd=KR70221V0000,data/krx/kind_details/KR70221V0000.html,ecdececfab0d5e813c46675bf52c4bac5e6f99f10d28e3ca4babbafbcf0e5e7e,,,,
0191S0,KR70191S0001,IBK 코스닥150,2026-05-19,,코스닥 150,일반 (1),https://kind.krx.co.kr/disclosure/etfisudetail.do?method=searchEftIsuDetail&isuCd=KR70191S0001,data/krx/kind_details/KR70191S0001.html,db753ec35e6fa2625eabf0a6f564535d1ee97696bbc162fa4e4fdaee8aded405,,,,
0208N0,KR70208N0007,IBK 코스피액티브,2026-06-23,,코스피지수,일반 (1),https://kind.krx.co.kr/disclosure/etfisudetail.do?method=searchEftIsuDetail&isuCd=KR70208N0007,data/krx/kind_details/KR70208N0007.html,4d8a18565018c10aecefca241cf43a2ea3bc0c8573cb3372fa1eb69be4d40556,,,,
285000,KR7285000006,KBSTAR 200IT,2017-12-08,2024-06-26,코스피 200 정보기술,일반 (1),https://kind.krx.co.kr/disclosure/etfisudetail.do?method=searchEftIsuDetail&isuCd=KR7285000006,data/krx/kind_details/KR7285000006.html,bc68ba20b302810d4d1a274c947350ba5052ba06d4dd5486b3041688d61eebf7,,,,
287300,KR7287300008,KBSTAR 200건설,2017-12-22,2024-06-26,코스피 200 건설,일반 (1),https://kind.krx.co.kr/disclosure/etfisudetail.do?method=searchEftIsuDetail&isuCd=KR7287300008,data/krx/kind_details/KR7287300008.html,c2e4690421e06d8f3cfe6335fce01218e92343c5b6bf2dc05c552d6402b23b05,,,,
287310,KR7287310007,KBSTAR 200경기소비재,2017-12-22,2024-06-26,코스피 200 경기소비재,일반 (1),https://kind.krx.co.kr/disclosure/etfisudetail.do?method=searchEftIsuDetail&isuCd=KR7287310007,data/krx/kind_details/KR7287310007.html,3761a733ea25b7ce86be345ee1e3989477f046f77fd004e30dc3b95527640eef,,,,
287320,KR7287320006,KBSTAR 200산업재,2017-12-22,2024-06-26,코스피 200 산업재,일반 (1),https://kind.krx.co.kr/disclosure/etfisudetail.do?method=searchEftIsuDetail&isuCd=KR7287320006,data/krx/kind_details/KR7287320006.html,af7487a6a053b2fccee1803246cb359bb0ac48bf44f423b238f401ed53916dad,,,,
287330,KR7287330005,KBSTAR 200생활소비재,2017-12-22,2024-06-26,코스피 200 생활소비재,일반 (1),https://kind.krx.co.kr/disclosure/etfisudetail.do?method=searchEftIsuDetail&isuCd=KR7287330005,data/krx/kind_details/KR7287330005.html,13ce2ec36427ab34bdb23bb4077f9eee3645e83232eec404e36ced39fcc04974,,,,
284990,KR7284990009,KBSTAR 200에너지화학,2017-12-08,2024-06-26,코스피 200 에너지/화학,일반 (1),https://kind.krx.co.kr/disclosure/etfisudetail.do?method=searchEftIsuDetail&isuCd=KR7284990009,data/krx/kind_details/KR7284990009.html,1e6c82fc067a8aadb3c104182743ff3c3a85d90433ee5b5e29daacc65d998b4a,,,,
285010,KR7285010005,KBSTAR 200중공업,2017-12-08,2024-06-26,코스피 200 중공업,일반 (1),https://kind.krx.co.kr/disclosure/etfisudetail.do?method=searchEftIsuDetail&isuCd=KR7285010005,data/krx/kind_details/KR7285010005.html,b786a8e0197cfa5cac09f876cfd83e02889b9b26ac99ef5b825e36061d9ad6b2,,,,
285020,KR7285020004,KBSTAR 200철강소재,2017-12-08,2024-06-26,코스피 200 철강/소재,일반 (1),https://kind.krx.co.kr/disclosure/etfisudetail.do?method=searchEftIsuDetail&isuCd=KR7285020004,data/krx/kind_details/KR7285020004.html,6c526c5d7951e01c18e72dbfdec1605f2c37e2d8370892d2310895b31498e78e,,,,
315480,KR7315480004,KBSTAR 200커뮤니케이션서비스,2019-01-15,2024-06-26,코스피 200 커뮤니케이션서비스,일반 (1),https://kind.krx.co.kr/disclosure/etfisudetail.do?method=searchEftIsuDetail&isuCd=KR7315480004,data/krx/kind_details/KR7315480004.html,42f41bde6ccb3a53d2659142ca5373cc0f0be03e51f3f48ac1ec85bde5843db6,,,,
448590,KR7448590000,KBSTAR 23-11 회사채(AA-이상)액티브,2022-11-22,2023-11-21,KIS 2023년 만기도래 크레딧 종합채권 지수(AA-이상)(시장가격),일반 (1),https://kind.krx.co.kr/disclosure/etfisudetail.do?method=searchEftIsuDetail&isuCd=KR7448590000,data/krx/kind_details/KR7448590000.html,5c676cab5ed4fecca18ba7026010fa0ce65ab00ae635bb01abc5046e8c53a2fb,,,,
368200,KR7368200002,KBSTAR Fn K-뉴딜디지털플러스,2020-11-10,2024-04-26,FnGuide K-뉴딜 디지털 플러스 지수,일반 (1),https://kind.krx.co.kr/disclosure/etfisudetail.do?method=searchEftIsuDetail&isuCd=KR7368200002,data/krx/kind_details/KR7368200002.html,b96e540e22790f54012c6b255dec08001ac68b349c56a2404115ab5596856b74,,,,
300300,KR7300300001,KBSTAR KQ모멘텀로우볼,2018-07-18,2020-08-04,FnGuide KQ 모멘텀&로우볼 지수(시장가격 지수),일반 (1),https://kind.krx.co.kr/disclosure/etfisudetail.do?method=searchEftIsuDetail&isuCd=KR7300300001,data/krx/kind_details/KR7300300001.html,ac39ee5ee814c7f9039991b0dfcf32256a9aa1174b1b5ed193198446a0e34dee,,,,
300310,KR7300310000,KBSTAR KQ모멘텀밸류,2018-07-18,2020-08-04,FnGuide KQ 모멘텀&밸류 지수(시장가격 지수),일반 (1),https://kind.krx.co.kr/disclosure/etfisudetail.do?method=searchEftIsuDetail&isuCd=KR7300310000,data/krx/kind_details/KR7300310000.html,79198986e13e0a59e3dcdb84ec83cef393bdb273a6bfa9f66266c1a322bd6ef3,,,,
307010,KR7307010009,KBSTAR KRX300레버리지,2018-10-16,2024-04-26,KRX300레버리지,2X 레버리지 (2),https://kind.krx.co.kr/disclosure/etfisudetail.do?method=searchEftIsuDetail&isuCd=KR7307010009,data/krx/kind_details/KR7307010009.html,235751705b2c0ed522c525064e1182324113ba13fc759a99608bce6899d2f501,,,,
319870,KR7319870002,KBSTAR KRX300미국달러선물혼합,2019-03-19,2024-06-26,KRX300 미국달러 선물혼합 지수,일반 (1),https://kind.krx.co.kr/disclosure/etfisudetail.do?method=searchEftIsuDetail&isuCd=KR7319870002,data/krx/kind_details/KR7319870002.html,ee2b0890a8baa42198a6db950ecd5425f77afa7751bb211cf7f57df5872ceeba,,,,
307020,KR7307020008,KBSTAR KRX300선물인버스,2018-10-16,2020-12-24,KRX300 선물인버스 지수,1X 인버스 (-1),https://kind.krx.co.kr/disclosure/etfisudetail.do?method=searchEftIsuDetail&isuCd=KR7307020008,data/krx/kind_details/KR7307020008.html,fa3fa2c42afb19c1b93379b15cebf5c1a193250847b4bdcc1450c2682e762504,,,,
342500,KR7342500006,KBSTAR KRX국채선물3년10년스티프너,2019-12-19,2021-12-20,국채선물 3년/10년 일드커브 스티프닝 지수(총수익지수),일반 (1),https://kind.krx.co.kr/disclosure/etfisudetail.do?method=searchEftIsuDetail&isuCd=KR7342500006,data/krx/kind_details/KR7342500006.html,7428520d168842d38b62d046b14ad50f9cfaecf2919af6ee862e1a98ff2a3ed4,,,,
342600,KR7342600004,KBSTAR KRX국채선물3년10년스티프너2X,2019-12-19,2021-12-20,국채선물 3년/10년 일드커브 스티프닝 레버리지 지수(총수익지수),2X 레버리지 (2),https://kind.krx.co.kr/disclosure/etfisudetail.do?method=searchEftIsuDetail&isuCd=KR7342600004,data/krx/kind_details/KR7342600004.html,3d3a8f026c5832443760eaa0186c605e5f29031cbaa25b22377bb4cf516e5900,,,,
342610,KR7342610003,KBSTAR KRX국채선물3년10년플래트너,2019-12-19,2021-12-20,국채선물 3년/10년 일드커브 플래트닝 지수(총수익지수),일반 (1),https://kind.krx.co.kr/disclosure/etfisudetail.do?method=searchEftIsuDetail&isuCd=KR7342610003,data/krx/kind_details/KR7342610003.html,c11faf30fdf8f0173efca12c78fe40fe9d5a0b93b261d9e1eea9fda9acb8088c,,,,
342620,KR7342620002,KBSTAR KRX국채선물3년10년플래트너2X,2019-12-19,2021-12-20,국채선물 3년/10년 일드커브 플래트닝 레버리지 지수(총수익지수),2X 레버리지 (2),https://kind.krx.co.kr/disclosure/etfisudetail.do?method=searchEftIsuDetail&isuCd=KR7342620002,data/krx/kind_details/KR7342620002.html,23d16a6fdae53a0d636d96c3070e47772adc97e1e279bd976de5488e8f2d6cc4,,,,
403990,KR7403990005,KBSTAR KRX기후변화솔루션,2021-10-29,2024-06-26,KRX 기후변화 솔루션지수,일반 (1),https://kind.krx.co.kr/disclosure/etfisudetail.do?method=searchEftIsuDetail&isuCd=KR7403990005,data/krx/kind_details/KR7403990005.html,6cd3b6220802ffb0dbb47e33eb669d60e5ba9913c649d73c62ca667783f1d565,,,,
123760,KR7123760001,KBSTAR 레버리지,2010-04-09,2016-10-25,코스피 200 레버리지지수,2X 레버리지 (2),https://kind.krx.co.kr/disclosure/etfisudetail.do?method=searchEftIsuDetail&isuCd=KR7123760001,data/krx/kind_details/KR7123760001.html,925c143903692a9ef545f5c001c0adde3a0861d481f69b1089eda1455232f319,,,,
252730,KR7252730007,KBSTAR 모멘텀로우볼,2016-10-14,2024-06-26,FnGuide 모멘텀&로우볼 지수,일반 (1),https://kind.krx.co.kr/disclosure/etfisudetail.do?method=searchEftIsuDetail&isuCd=KR7252730007,data/krx/kind_details/KR7252730007.html,78dd8bf84902c27ce9d984fdcb7d513b6ebd8e6000ec181692b7dcae937b49b1,,,,
252720,KR7252720008,KBSTAR 모멘텀밸류,2016-10-14,2024-06-26,FnGuide 모멘텀&밸류 지수,일반 (1),https://kind.krx.co.kr/disclosure/etfisudetail.do?method=searchEftIsuDetail&isuCd=KR7252720008,data/krx/kind_details/KR7252720008.html,eedd11caf2009cf30bb642cfec7b7b12524d666d165a01346d4f320187f30994,,,,
267500,KR7267500007,KBSTAR 미국장기국채선물인버스2X(합성 H),2017-04-20,2024-06-26,S&P U.S. Treasury Bond Futures 2X Inverse Index ER,2X 인버스 (-2),https://kind.krx.co.kr/disclosure/etfisudetail.do?method=searchEftIsuDetail&isuCd=KR7267500007,data/krx/kind_details/KR7267500007.html,ca109711dfbca884defb9abea60aea3553ac431941047f08cbe9bdbda8bc6fca,,,,
196220,KR7196220008,KBSTAR 일본TOPIX레버리지(H),2014-06-16,2020-04-27,TOPIX Leveraged Index,2X 레버리지 (2),https://kind.krx.co.kr/disclosure/etfisudetail.do?method=searchEftIsuDetail&isuCd=KR7196220008,data/krx/kind_details/KR7196220008.html,e707ce3963187e484e6cee952f3b2f351640d5e62c75cb96ca989c65a73969a6,,,,
300280,KR7300280005,KBSTAR 중소형모멘텀로우볼,2018-07-18,2021-05-07,FnGuide 중소형모멘텀&로우볼 지수(시장가격 지수),일반 (1),https://kind.krx.co.kr/disclosure/etfisudetail.do?method=searchEftIsuDetail&isuCd=KR7300280005,data/krx/kind_details/KR7300280005.html,cd7e548a9ad013a3efc785e3bf6e17c880d087bb2f969f59908e6a2b5714e2c8,,,,
300290,KR7300290004,KBSTAR 중소형모멘텀밸류,2018-07-18,2021-05-07,FnGuide 중소형모멘텀&밸류 지수(시장가격 지수),일반 (1),https://kind.krx.co.kr/disclosure/etfisudetail.do?method=searchEftIsuDetail&isuCd=KR7300290004,data/krx/kind_details/KR7300290004.html,b964f8c31672574ac4cad7f05376d8590bc45d8f1745c4bcb4b02d3967f4028c,,,,
283930,KR7283930006,KBSTAR 지주회사,2017-11-30,2020-04-27,WISE 지주회사테마지수(시장가격지수),일반 (1),https://kind.krx.co.kr/disclosure/etfisudetail.do?method=searchEftIsuDetail&isuCd=KR7283930006,data/krx/kind_details/KR7283930006.html,9803a8ddd368b08eb9b3725e0d2115f6b5a1c70fdd3ec10aa7aac23f69ce924e,,,,
361590,KR7361590003,KBSTAR 코스피ex200,2020-08-21,2022-04-20,코스피200제외 코스피지수,일반 (1),https://kind.krx.co.kr/disclosure/etfisudetail.do?method=searchEftIsuDetail&isuCd=KR7361590003,data/krx/kind_details/KR7361590003.html,cff51aeef8042b4590017a392b2267e945957e70a40dd44fc5f36f3fd7e95ce5,,,,
483570,KR7483570008,KCGI 미국S&P500 TOP10,2024-05-28,,S&P500 Top10 25% Capped Index(PR),일반 (1),https://kind.krx.co.kr/disclosure/etfisudetail.do?method=searchEftIsuDetail&isuCd=KR7483570008,data/krx/kind_details/KR7483570008.html,f4bd962ff0ec8f2262c34ebc9673085bd8665e0ec617d9fc02c0318dcdd44e5d,,,,
407170,KR7407170000,KCGI 스마트커머스액티브,2021-11-16,2025-09-18,FnGuide 스마트커머스 지수,일반 (1),https://kind.krx.co.kr/disclosure/etfisudetail.do?method=searchEftIsuDetail&isuCd=KR7407170000,data/krx/kind_details/KR7407170000.html,a947c8b16ceac9333fd977af96fbfa038deed9ed715ccbb82906f67d4ad3dbed,,,,
407160,KR7407160001,KCGI 테크미디어텔레콤액티브,2021-11-16,2025-09-18,FnGuide TMT 지수,일반 (1),https://kind.krx.co.kr/disclosure/etfisudetail.do?method=searchEftIsuDetail&isuCd=KR7407160001,data/krx/kind_details/KR7407160001.html,a74c771e8eddf9eafdaba6970a7da92f8850d70de215b0d57bdfb48f3e923994,,,,
368470,KR7368470001,KINDEX Fn K-뉴딜디지털플러스,2020-11-10,2022-09-16,FnGuide K-뉴딜 디지털 플러스 지수,일반 (1),https://kind.krx.co.kr/disclosure/etfisudetail.do?method=searchEftIsuDetail&isuCd=KR7368470001,data/krx/kind_details/KR7368470001.html,7064092f28c6013f3b098050e98ab9154b928df1975956dfe68c665654381455,,,,
232590,KR7232590000,KINDEX 골드선물 인버스2X(합성 H),2015-12-03,2019-09-20,S&P WCI GOLD 2X Inversed Index(Excess Return),2X 인버스 (-2),https://kind.krx.co.kr/disclosure/etfisudetail.do?method=searchEftIsuDetail&isuCd=KR7232590000,data/krx/kind_details/KR7232590000.html,d27007a89e477d3d013fe5ed242d577cf106e685ba52688d7764ea17c28bb3ed,,,,
211260,KR7211260005,KINDEX 배당성장,2014-12-17,2021-09-27,코스피 배당성장 50,일반 (1),https://kind.krx.co.kr/disclosure/etfisudetail.do?method=searchEftIsuDetail&isuCd=KR7211260005,data/krx/kind_details/KR7211260005.html,323940363bd9f14e35487a0a9f4c5aba956c2bb523aa2a03ad40a0c022d74d87,,,,
181450,KR7181450008,KINDEX 선진국하이일드(합성 H),2013-08-01,2016-04-29,Markit iBoxx USD Liquid High Yield Index,일반 (1),https://kind.krx.co.kr/disclosure/etfisudetail.do?method=searchEftIsuDetail&isuCd=KR7181450008,data/krx/kind_details/KR7181450008.html,112e93770ee409ef3bc408b51d55be386d28b02d5217b2a157b914c5cd4b1166,,,,
105270,KR7105270003,KINDEX 성장대형F15,2008-09-25,2016-04-29,MKF F-Shares 15 VW Index,일반 (1),https://kind.krx.co.kr/disclosure/etfisudetail.do?method=searchEftIsuDetail&isuCd=KR7105270003,data/krx/kind_details/KR7105270003.html,895d8611b505abe326b4dab51f6493153246e6d05802664b7b8483d3358a5a4b,,,,
227930,KR7227930005,KINDEX 코스닥 150,2015-10-01,2017-04-26,코스닥 150,일반 (1),https://kind.krx.co.kr/disclosure/etfisudetail.do?method=searchEftIsuDetail&isuCd=KR7227930005,data/krx/kind_details/KR7227930005.html,45b4f853256e67504d673e3edc64c3e18a2d63e713392730064f50c7b69ee168,,,,
234790,KR7234790004,KINDEX 코스닥150 레버리지,2015-12-17,2017-04-26,코스닥 150 레버리지지수,2X 레버리지 (2),https://kind.krx.co.kr/disclosure/etfisudetail.do?method=searchEftIsuDetail&isuCd=KR7234790004,data/krx/kind_details/KR7234790004.html,ade6b7672e1ac80d28de666eb4e33d38bbbddf2b9f8dc978fed6e06991673394,,,,
108440,KR7108440009,KINDEX 코스닥스타,2009-01-22,2016-04-29,,,https://kind.krx.co.kr/disclosure/etfisudetail.do?method=searchEftIsuDetail&isuCd=KR7108440009,data/krx/kind_details/KR7108440009.html,cb49c598f2acdd309f71930060adac25cb624d89615205ad536650a2015c3b90,,,,
069660,KR7069660009,KIWOOM 200,2002-10-14,,코스피 200,일반 (1),https://kind.krx.co.kr/disclosure/etfisudetail.do?method=searchEftIsuDetail&isuCd=KR7069660009,data/krx/kind_details/KR7069660009.html,aec349913443803537b4ffaa5c620cc97b9399ebbac1a2185cf0334f8f00d2c5,,,,
294400,KR7294400007,KIWOOM 200TR,2018-04-23,,코스피 200 TR지수,일반 (1),https://kind.krx.co.kr/disclosure/etfisudetail.do?method=searchEftIsuDetail&isuCd=KR7294400007,data/krx/kind_details/KR7294400007.html,c442d0d714a716e309f6942104b391b636a1ada792c8c2c479bae9a3d53cb890,,,,
253250,KR7253250005,KIWOOM 200선물레버리지,2016-09-12,,코스피 200 선물레버리지지수,2X 레버리지 (2),https://kind.krx.co.kr/disclosure/etfisudetail.do?method=searchEftIsuDetail&isuCd=KR7253250005,data/krx/kind_details/KR7253250005.html,b111dc4b49a7d6f408680205d9796f0aec584b21608e4916350d47757d0c20e1,,,,
253240,KR7253240006,KIWOOM 200선물인버스,2016-09-12,,코스피 200 선물인버스 지수,1X 인버스 (-1),https://kind.krx.co.kr/disclosure/etfisudetail.do?method=searchEftIsuDetail&isuCd=KR7253240006,data/krx/kind_details/KR7253240006.html,1a9ff92a7ba3fec8aa6ea644de80fc43a164d0837c626e7dc0ccda387ba51560,,,,
253230,KR7253230007,KIWOOM 200선물인버스2X,2016-09-22,,코스피 200 선물인버스 -2X 지수,2X 인버스 (-2),https://kind.krx.co.kr/disclosure/etfisudetail.do?method=searchEftIsuDetail&isuCd=KR7253230007,data/krx/kind_details/KR7253230007.html,a180d27df82cfa47b31675cf023d1b8352b9b64005690f4ae74e9ec895ac0d79,,,,
467620,KR7467620001,KIWOOM 25-09 미국채권(AA-이상)액티브,2023-10-17,2025-09-26,USD AA3 Above Select September 2025 Maturity Index(Total Return),일반 (1),https://kind.krx.co.kr/disclosure/etfisudetail.do?method=searchEftIsuDetail&isuCd=KR7467620001,data/krx/kind_details/KR7467620001.html,1627740d5f8caaaf30c63f9a2216523253ff16fd83ae204b80bc556cafa78bc7,,,,
489870,KR7489870006,KIWOOM 25-09 회사채(AA-이상)액티브,2024-09-24,2025-09-26,KIS 2509 만기형 크레딧 종합채권 지수(AA-이상) (총수익 지수),일반 (1),https://kind.krx.co.kr/disclosure/etfisudetail.do?method=searchEftIsuDetail&isuCd=KR7489870006,data/krx/kind_details/KR7489870006.html,f5c9e98c69d469b57092021e17850667a40e09ba616038d098c88d15eea36b05,,,,
464240,KR7464240001,KIWOOM 26-09회사채(AA-이상)액티브,2023-08-17,,KIS 2609 만기형 크레딧 종합채권 지수(AA-이상)(총수익지수),일반 (1),https://kind.krx.co.kr/disclosure/etfisudetail.do?method=searchEftIsuDetail&isuCd=KR7464240001,data/krx/kind_details/KR7464240001.html,58f319d47a94ddb0ae09bad17f463d9644dfcfccc3efa4c9c46385c7406fe3d1,,,,
458210,KR7458210002,KIWOOM CD금리액티브(합성),2023-05-23,,FnGuide CD91일 금리투자 지수(총수익),일반 (1),https://kind.krx.co.kr/disclosure/etfisudetail.do?method=searchEftIsuDetail&isuCd=KR7458210002,data/krx/kind_details/KR7458210002.html,8287cc2ee1a8554e9e733b142b9709675a692e6ee2d0bfbd5e7dfb7a13ee8734,,,,
460280,KR7460280001,KIWOOM Fn유전자혁신기술,2023-06-27,2026-03-26,FnGuide 유전자혁신기술 지수(시장가격),일반 (1),https://kind.krx.co.kr/disclosure/etfisudetail.do?method=searchEftIsuDetail&isuCd=KR7460280001,data/krx/kind_details/KR7460280001.html,5f30426f2c26b180a7b1df0740610976ec082975632e8e6358d61257bafbdd09,,,,
488200,KR7488200007,KIWOOM K-2차전지북미공급망,2024-07-23,,Solactive K-Battery North America Supply Chain 지수,일반 (1),https://kind.krx.co.kr/disclosure/etfisudetail.do?method=searchEftIsuDetail&isuCd=KR7488200007,data/krx/kind_details/KR7488200007.html,c28439e0f317e30ba004bdf39eb0359604acd4d610a5c6a504b95cb5063c006e,,,,
488210,KR7488210006,KIWOOM K-반도체북미공급망,2024-07-23,,Solactive K-Semiconductor North America Supply Chain 지수,일반 (1),https://kind.krx.co.kr/disclosure/etfisudetail.do?method=searchEftIsuDetail&isuCd=KR7488210006,data/krx/kind_details/KR7488210006.html,f92021090b5e8555c5e37dfc0afbb7142467c3089e0da6ac0e2d7e36f1ca104b,,,,
100910,KR7100910009,KIWOOM KRX100,2008-01-23,,KRX 100,일반 (1),https://kind.krx.co.kr/disclosure/etfisudetail.do?method=searchEftIsuDetail&isuCd=KR7100910009,data/krx/kind_details/KR7100910009.html,2fc06ed166379ac33a6b95aa51f2e47cb5da8cb1b10f87b86e2b742ba77913ff,,,,
450120,KR7450120001,KIWOOM SK그룹대표주,2022-12-23,2025-06-04,FnGuide SK그룹대표주 지수,일반 (1),https://kind.krx.co.kr/disclosure/etfisudetail.do?method=searchEftIsuDetail&isuCd=KR7450120001,data/krx/kind_details/KR7450120001.html,57993ac7d0fff6828175225fa58d8e9f0b5f035bf9cab9cba44b3ed80236a706,,,,
0194R0,KR70194R0009,KIWOOM SK하이닉스선물단일종목레버리지,2026-05-27,,KRX SK하이닉스 선물 레버리지 지수,2X 레버리지 (2),https://kind.krx.co.kr/disclosure/etfisudetail.do?method=searchEftIsuDetail&isuCd=KR70194R0009,data/krx/kind_details/KR70194R0009.html,43b45c4cf569fdc368e248cb66ef2639b7a708340f43c8696e701144c12afb1e,,,,
435530,KR7435530001,KIWOOM TDF2030액티브 적격,2022-06-30,,Dow Jones Target 2030 Index (Total Return),일반 (1),https://kind.krx.co.kr/disclosure/etfisudetail.do?method=searchEftIsuDetail&isuCd=KR7435530001,data/krx/kind_details/KR7435530001.html,cec28dc11f97dd12f0a77663b091a070783c4b99b27d73b42ef279d0a44508a0,,,,
435540,KR7435540000,KIWOOM TDF2040액티브 적격,2022-06-30,,Dow Jones Target 2040 Index (Total Return),일반 (1),https://kind.krx.co.kr/disclosure/etfisudetail.do?method=searchEftIsuDetail&isuCd=KR7435540000,data/krx/kind_details/KR7435540000.html,3c3bb952380fa6854756734783eca7f950dda4c440fc86e95f64cf6d3e9760c1,,,,
435550,KR7435550009,KIWOOM TDF2050액티브 적격,2022-06-30,,Dow Jones Target 2050 Index (Total Return),일반 (1),https://kind.krx.co.kr/disclosure/etfisudetail.do?method=searchEftIsuDetail&isuCd=KR7435550009,data/krx/kind_details/KR7435550009.html,2c0797a263d274e44be5e4706b44ec8b21629a555e0b7c5892ea8a14b41fe4a7,,,,
148070,KR7148070006,KIWOOM 국고채10년,2011-10-20,,KIS 국고채 10년(총수익),일반 (1),https://kind.krx.co.kr/disclosure/etfisudetail.do?method=searchEftIsuDetail&isuCd=KR7148070006,data/krx/kind_details/KR7148070006.html,25728a8eaeef3c703610c166f3bbcb5624b20d1763bc6479b562b531a3ba2329,,,,
167860,KR7167860006,KIWOOM 국고채10년레버리지,2012-10-30,,KIS 10년 국고채 레버리지 지수,2X 레버리지 (2),https://kind.krx.co.kr/disclosure/etfisudetail.do?method=searchEftIsuDetail&isuCd=KR7167860006,data/krx/kind_details/KR7167860006.html,84fe0cabe77d6cde6ef10402255f811c56e5386f3f47622f9f777365089a5cc7,,,,
471460,KR7471460006,KIWOOM 국고채30년액티브,2023-11-07,,KIS-키움 국고채30년 지수(총수익지수),일반 (1),https://kind.krx.co.kr/disclosure/etfisudetail.do?method=searchEftIsuDetail&isuCd=KR7471460006,data/krx/kind_details/KR7471460006.html,1238ede5b5dfa965ed9238778bf725a33fedbb4c68960f4f676f65f18356a780,,,,
114470,KR7114470008,KIWOOM 국고채3년,2009-07-31,,KTB index(시장가격),일반 (1),https://kind.krx.co.kr/disclosure/etfisudetail.do?method=searchEftIsuDetail&isuCd=KR7114470008,data/krx/kind_details/KR7114470008.html,66d47c299527de5aed46ea19b3486c11e40c835c39dd28b38994f4729986ca52,,,,
473490,KR7473490001,KIWOOM 글로벌AI반도체,2023-12-21,,Solactive Global AI Semiconductor Index (Price Return),일반 (1),https://kind.krx.co.kr/disclosure/etfisudetail.do?method=searchEftIsuDetail&isuCd=KR7473490001,data/krx/kind_details/KR7473490001.html,6a40df6e5aab3adecf4b0f2098b0331d93bb928545da7311e962112fdf826898,,,,
437550,KR7437550007,KIWOOM 글로벌리츠이지스액티브,2022-07-29,2025-06-04,S&P Global REIT Index,일반 (1),https://kind.krx.co.kr/disclosure/etfisudetail.do?method=searchEftIsuDetail&isuCd=KR7437550007,data/krx/kind_details/KR7437550007.html,ee287159188f6a6586e927ba40d8aa53d587f4f4a6fd70620947b4a82e525d17,,,,
489860,KR7489860007,KIWOOM 글로벌전력GRID인프라,2024-08-27,,NASDAQ OMX Clean Edge Smart Grid Infrastructure Index,일반 (1),https://kind.krx.co.kr/disclosure/etfisudetail.do?method=searchEftIsuDetail&isuCd=KR7489860007,data/krx/kind_details/KR7489860007.html,1066b1d167cfe240c7cf7620aa91e332650a73a45885d81ea6f7b8c7fe695fbc,,,,
473500,KR7473500007,KIWOOM 글로벌전력반도체,2023-12-21,2025-06-04,Solactive Global Power Semiconductor Index (Price Return),일반 (1),https://kind.krx.co.kr/disclosure/etfisudetail.do?method=searchEftIsuDetail&isuCd=KR7473500007,data/krx/kind_details/KR7473500007.html,06272003ac7fb1c1776e175fba33c09cc99e4c5c6d4ec3f9125769a8574f0930,,,,
394350,KR7394350003,KIWOOM 글로벌퓨처모빌리티,2021-07-20,2026-03-26,MSCI ACWI IMI 퓨처모빌리티 ESG 지수(시장가격),일반 (1),https://kind.krx.co.kr/disclosure/etfisudetail.do?method=searchEftIsuDetail&isuCd=KR7394350003,data/krx/kind_details/KR7394350003.html,3f6f32d2c4cb2e2c62bc1598fdbfe1195ccdc32a017507da4b29ae5f52227b74,,,,
130730,KR7130730005,KIWOOM 단기자금,2010-07-29,,MK 머니마켓 지수(총수익),일반 (1),https://kind.krx.co.kr/disclosure/etfisudetail.do?method=searchEftIsuDetail&isuCd=KR7130730005,data/krx/kind_details/KR7130730005.html,c9dcd16ad7067eeda95b5107d0825b4cd5eb6306f10eaf0162c3e57145549281,,,,
419890,KR7419890009,KIWOOM 단기채권ESG액티브,2022-03-03,,KIS ESG 9M~1.5Y,일반 (1),https://kind.krx.co.kr/disclosure/etfisudetail.do?method=searchEftIsuDetail&isuCd=KR7419890009,data/krx/kind_details/KR7419890009.html,f5b09d7996cc726f81e3946d350b61df9d2bb44b6b42382979b4fdfa004c10a0,,,,
411860,KR7411860000,KIWOOM 독일DAX,2021-12-22,,DAX Index(PR),일반 (1),https://kind.krx.co.kr/disclosure/etfisudetail.do?method=searchEftIsuDetail&isuCd=KR7411860000,data/krx/kind_details/KR7411860000.html,c3c9ad46884c837176ce76a7dbb943b99455aaec209f493ed497dd7e3fe69346,,,,
429870,KR7429870009,KIWOOM 리츠이지스액티브,2022-05-24,2025-06-04,iSelect 리츠 지수,일반 (1),https://kind.krx.co.kr/disclosure/etfisudetail.do?method=searchEftIsuDetail&isuCd=KR7429870009,data/krx/kind_details/KR7429870009.html,b9b3375bb32e8cf015a62b155a280156d4740bd9e7e9ff26422567468e21964e,,,,
476450,KR7476450002,KIWOOM 머니마켓액티브,2024-02-29,,KIS-키움 MMF지수(총수익지수),일반 (1),https://kind.krx.co.kr/disclosure/etfisudetail.do?method=searchEftIsuDetail&isuCd=KR7476450002,data/krx/kind_details/KR7476450002.html,5c0264cce4d659f4491985a2bf8035b0f6d1f14b74badea327597fece393bf71,,,,
430500,KR7430500009,KIWOOM 물가채KIS,2022-05-31,,KIS TIPS 지수 (Total Return),일반 (1),https://kind.krx.co.kr/disclosure/etfisudetail.do?method=searchEftIsuDetail&isuCd=KR7430500009,data/krx/kind_details/KR7430500009.html,1f8b6ff10d1457b4f8b3fa28072f13a05a7764cd734027ba0f8d23d0d3446e03,,,,
0190M0,KR70190M0008,KIWOOM 미국AI테크하이베타,2026-05-12,,Akros 미국AI&프론티어테크 하이베타 지수,일반 (1),https://kind.krx.co.kr/disclosure/etfisudetail.do?method=searchEftIsuDetail&isuCd=KR70190M0008,data/krx/kind_details/KR70190M0008.html,103b072f7cd966d69f61c2ddc2ea2c7fa86793ae09ad440065b6b82751bc4931,,,,
0224D0,KR70224D0009,KIWOOM 미국CPU반도체TOP4+,2026-07-28,,iSelect 미국CPU반도체TOP4 지수,일반 (1),https://kind.krx.co.kr/disclosure/etfisudetail.do?method=searchEftIsuDetail&isuCd=KR70224D0009,data/krx/kind_details/KR70224D0009.html,b6fb234396b98ffe8fe846e0800bbab20dd684e5b1ce444794f2068345f055e9,,,,
426330,KR7426330007,KIWOOM 미국ETF산업STOXX,2022-04-26,2026-03-26,STOXX USA ETF Industry Index (KRW),일반 (1),https://kind.krx.co.kr/disclosure/etfisudetail.do?method=searchEftIsuDetail&isuCd=KR7426330007,data/krx/kind_details/KR7426330007.html,a644731206c44e7e69e732ab311ed7b1e9f9c9441b17471b2a1dfcd9c2207b8e,,,,
449770,KR7449770007,KIWOOM 미국S&P500,2022-12-20,,S&P 500,일반 (1),https://kind.krx.co.kr/disclosure/etfisudetail.do?method=searchEftIsuDetail&isuCd=KR7449770007,data/krx/kind_details/KR7449770007.html,0fcdcb8ceb8700cae61f8f8b69e15a14901e0260a0dc9fc33f0a18904a697219,,,,
0127V0,KR70127V0005,KIWOOM 미국S&P500 TOP10&배당다우비중전환,2025-11-11,,S&P500 TOP10 생애배당다우존스 2040 지수,일반 (1),https://kind.krx.co.kr/disclosure/etfisudetail.do?method=searchEftIsuDetail&isuCd=KR70127V0005,data/krx/kind_details/KR70127V0005.html,9512fb46af682edf13a9957759d30ce8a12bd6407a8aff6ffe0742625da3fabd,,,,
0137W0,KR70137W0002,KIWOOM 미국S&P500&GOLD,2025-12-09,,S&P500 & S&P GSCI 금현물 90/10 혼합지수,일반 (1),https://kind.krx.co.kr/disclosure/etfisudetail.do?method=searchEftIsuDetail&isuCd=KR70137W0002,data/krx/kind_details/KR70137W0002.html,8d3fafffd38c5bf4194f906382aec7b946ab1be682c3e3a2947d92703dcbe5d0,,,,
0127T0,KR70127T0009,KIWOOM 미국S&P500&배당다우존스비중전환,2025-11-11,,S&P500 생애배당다우존스 2040 지수,일반 (1),https://kind.krx.co.kr/disclosure/etfisudetail.do?method=searchEftIsuDetail&isuCd=KR70127T0009,data/krx/kind_details/KR70127T0009.html,49d570b7d9bbce05a4b48930ec8ba2328a11559da2cd744f9f7bf14802ccc553,,,,
449780,KR7449780006,KIWOOM 미국S&P500(H),2022-12-20,,S&P 500,일반 (1),https://kind.krx.co.kr/disclosure/etfisudetail.do?method=searchEftIsuDetail&isuCd=KR7449780006,data/krx/kind_details/KR7449780006.html,fe3aa70ac1158d4725567bc5bd97cb7a32caa6c8948ff3708f8c700a99be20a5,,,,
0137V0,KR70137V0003,KIWOOM 미국S&P500모멘텀,2025-12-09,,S&P500 모멘텀 지수,일반 (1),https://kind.krx.co.kr/disclosure/etfisudetail.do?method=searchEftIsuDetail&isuCd=KR70137V0003,data/krx/kind_details/KR70137V0003.html,2a944406674b6b64fc35738a651624340e49bfad33ced53ac083b8921e5f3187,,,,
0107F0,KR70107F0009,KIWOOM 미국고배당&AI테크,2025-09-23,,Akros 미국AI테크TOP10&미국고배당3070 지수,일반 (1),https://kind.krx.co.kr/disclosure/etfisudetail.do?method=searchEftIsuDetail&isuCd=KR70107F0009,data/krx/kind_details/KR70107F0009.html,e8afb98c643c34bf1b3d52e63d8c3e0d5e1fcb91130b562246527ad996f3f604,,,,
453080,KR7453080004,KIWOOM 미국나스닥100(H),2023-03-14,,NASDAQ 100,일반 (1),https://kind.krx.co.kr/disclosure/etfisudetail.do?method=searchEftIsuDetail&isuCd=KR7453080004,data/krx/kind_details/KR7453080004.html,bdcba5c944e9dc9b7d4af7ffb6c41ea9153bedc9ffdad8b5dad41f6e3dcf4480,,,,
460270,KR7460270002,KIWOOM 미국달러SOFR금리액티브(합성),2023-06-20,,Solactive SOFR Daily Total Return Index,일반 (1),https://kind.krx.co.kr/disclosure/etfisudetail.do?method=searchEftIsuDetail&isuCd=KR7460270002,data/krx/kind_details/KR7460270002.html,a121d31266cb9eb9fcff1ebd1028b2cb465566017aae36c422c74337e3d50acb,,,,
138230,KR7138230008,KIWOOM 미국달러선물,2011-02-24,,미국달러 선물지수,일반 (1),https://kind.krx.co.kr/disclosure/etfisudetail.do?method=searchEftIsuDetail&isuCd=KR7138230008,data/krx/kind_details/KR7138230008.html,7acccbe45e8e4b5820fd13806ee977f9fcdbb042b403bfbd79150518528c82af,,,,
225800,KR7225800002,KIWOOM 미국달러선물레버리지,2015-08-10,,미국달러 선물 레버리지지수,2X 레버리지 (2),https://kind.krx.co.kr/disclosure/etfisudetail.do?method=searchEftIsuDetail&isuCd=KR7225800002,data/krx/kind_details/KR7225800002.html,42a86d54b3a7921fc56fcd16731e31456c59c1cf0f657f5bdb1a160410e407eb,,,,
139660,KR7139660005,KIWOOM 미국달러선물인버스,2011-04-01,,미국달러 선물 인버스지수,1X 인버스 (-1),https://kind.krx.co.kr/disclosure/etfisudetail.do?method=searchEftIsuDetail&isuCd=KR7139660005,data/krx/kind_details/KR7139660005.html,50edcd28c94d5ddae76fb9a87c66188e9a37ae42eee38374554a30a525efd1b7,,,,
230480,KR7230480006,KIWOOM 미국달러선물인버스2X,2015-11-16,,미국달러 선물 인버스-2X지수,2X 인버스 (-2),https://kind.krx.co.kr/disclosure/etfisudetail.do?method=searchEftIsuDetail&isuCd=KR7230480006,data/krx/kind_details/KR7230480006.html,ed11e09dd32081177fa02310ecfb03858953192b6fbb7bc0ad0f83bcbecd2c3b,,,,
0084E0,KR70084E0007,KIWOOM 미국대형주500월간목표헤지액티브,2025-10-21,,Akros 미국대형주500 월간방어적배분 지수(TR),일반 (1),https://kind.krx.co.kr/disclosure/etfisudetail.do?method=searchEftIsuDetail&isuCd=KR70084E0007,data/krx/kind_details/KR70084E0007.html,54d117a7564e95815c64c7c688bcb54391f4548b3bbcf854fb031cd522e5bde1,,,,
373790,KR7373790005,KIWOOM 미국방어배당성장나스닥,2020-12-24,,Nasdaq US Low Volatility Dividend Achievers Index,일반 (1),https://kind.krx.co.kr/disclosure/etfisudetail.do?method=searchEftIsuDetail&isuCd=KR7373790005,data/krx/kind_details/KR7373790005.html,bcecb7650c2a841149426f30931c6bbe038e3b0ad5da2c469a376be23c27287f,,,,
483030,KR7483030003,KIWOOM 미국블록버스터바이오테크의약품+,2024-05-28,,Solactive Blockbuster Biotech Drugs Index(PR),일반 (1),https://kind.krx.co.kr/disclosure/etfisudetail.do?method=searchEftIsuDetail&isuCd=KR7483030003,data/krx/kind_details/KR7483030003.html,48e3e60cc6c0f530f2960e035bb6e103a5a1cea0bd53d0c2a54c6d46e03694c9,,,,
459790,KR7459790002,KIWOOM 미국성장기업30액티브,2023-06-27,,MSCI USA Index(Price Return),일반 (1),https://kind.krx.co.kr/disclosure/etfisudetail.do?method=searchEftIsuDetail&isuCd=KR7459790002,data/krx/kind_details/KR7459790002.html,f8ec86e1c75631033647e902d70a91e282e28817dc5a828dc845beca26e9ef49,,,,
0174R0,KR70174R0003,KIWOOM 미국성장다우존스,2026-03-31,,미국성장다우존스 지수,일반 (1),https://kind.krx.co.kr/disclosure/etfisudetail.do?method=searchEftIsuDetail&isuCd=KR70174R0003,data/krx/kind_details/KR70174R0003.html,3beed843237284b66623cbd3ca496aa0fc2aa96d331cc872246b671bbb9569b3,,,,
498270,KR7498270008,KIWOOM 미국양자컴퓨팅,2024-12-17,,Solactive U.S. Quantum Computing Index(PR),일반 (1),https://kind.krx.co.kr/disclosure/etfisudetail.do?method=searchEftIsuDetail&isuCd=KR7498270008,data/krx/kind_details/KR7498270008.html,45856db303238fc4371cd52a219d132193cf5fbb2c656bcfcf419d2124bc2bad,,,,
0207Z0,KR70207Z0004,KIWOOM 미국우주데이터센터인프라,2026-06-16,,iSelect 미국 우주데이터센터인프라 지수,일반 (1),https://kind.krx.co.kr/disclosure/etfisudetail.do?method=searchEftIsuDetail&isuCd=KR70207Z0004,data/krx/kind_details/KR70207Z0004.html,2f097e68814c06fa8a8ff320f29d01d869465ccc2c8c23fda8a9296a450328c7,,,,
0216K0,KR70216K0000,KIWOOM 미국우주테크TOP2채권혼합50,2026-07-07,,Akros 미국 우주 Top 2 채권혼합 지수,일반 (1),https://kind.krx.co.kr/disclosure/etfisudetail.do?method=searchEftIsuDetail&isuCd=KR70216K0000,data/krx/kind_details/KR70216K0000.html,e254447835cc3d0f1a8cb973e16fca272eab7c02f8d90b16916e30de6709aa27,,,,
474800,KR7474800000,KIWOOM 미국원유에너지기업,2024-01-16,,MSCI US IMI Energy 25/50 Index(Price Return),일반 (1),https://kind.krx.co.kr/disclosure/etfisudetail.do?method=searchEftIsuDetail&isuCd=KR7474800000,data/krx/kind_details/KR7474800000.html,a3bba18775addfdd0e562ad6dca0181d5eafde487e28f6929a6596efefe99712,,,,
0084D0,KR70084D0008,KIWOOM 미국테크100월간목표헤지액티브,2025-07-22,,Akros 미국테크100 월간방어적배분 지수(TR),일반 (1),https://kind.krx.co.kr/disclosure/etfisudetail.do?method=searchEftIsuDetail&isuCd=KR70084D0008,data/krx/kind_details/KR70084D0008.html,f4f0e5a5cfeda19b7f287a573ff7bbd4573431989edf97c1db0fbd2ead4067b8,,,,
104520,KR7104520002,KIWOOM 블루칩,2008-07-29,,MKF 블루칩,일반 (1),https://kind.krx.co.kr/disclosure/etfisudetail.do?method=searchEftIsuDetail&isuCd=KR7104520002,data/krx/kind_details/KR7104520002.html,bc90b92125e98f161df5d9a94df760efe56f883a6ee840c6722b8483e01660dd,,,,
0234N0,KR70234N0005,KIWOOM 삼성SK그룹TOP4+,2026-09-01,,Akros 삼성SK그룹 TOP4+ 지수,일반 (1),https://kind.krx.co.kr/disclosure/etfisudetail.do?method=searchEftIsuDetail&isuCd=KR70234N0005,data/krx/kind_details/KR70234N0005.html,e205bfb8c22f235bd9e15cc43168690c7f9949bde58cffff873e97ab89c6d077,,,,
0183V0,KR70183V0006,KIWOOM 삼성전자&SK하이닉스채권혼합50,2026-04-21,,FnGuide 삼성전자 & SK하이닉스 채권혼합 지수,일반 (1),https://kind.krx.co.kr/disclosure/etfisudetail.do?method=searchEftIsuDetail&isuCd=KR70183V0006,data/krx/kind_details/KR70183V0006.html,cec2932c707f33e230e581fdb285a602b17181616160cda55596df27b41834e5,,,,
0194N0,KR70194N0003,KIWOOM 삼성전자선물단일종목레버리지,2026-05-27,,KRX 삼성전자 선물 레버리지 지수,2X 레버리지 (2),https://kind.krx.co.kr/disclosure/etfisudetail.do?method=searchEftIsuDetail&isuCd=KR70194N0003,data/krx/kind_details/KR70194N0003.html,a9871385648da2f99f8d5a9a00db7e23f97fc01c3d4a2f359374a4675ab5d5d0,,,,
0015E0,KR70015E0001,KIWOOM 엔비디아미국30년국채혼합액티브(H),2025-02-11,,Bloomberg Blended NVIDIA and US Long Treasury Bond Index,일반 (1),https://kind.krx.co.kr/disclosure/etfisudetail.do?method=searchEftIsuDetail&isuCd=KR70015E0001,data/krx/kind_details/KR70015E0001.html,cac62521a1b14ef99d2db8122381a0a52639ca4addf9516cdc981f4262f06b74,,,,
483020,KR7483020004,KIWOOM 의료AI,2024-05-28,,FnGuide 의료AI 지수,일반 (1),https://kind.krx.co.kr/disclosure/etfisudetail.do?method=searchEftIsuDetail&isuCd=KR7483020004,data/krx/kind_details/KR7483020004.html,f809ebfd542d8fc881f350b1f5ed2c69372af354d217ffa7b48ca163f8d07b42,,,,
200250,KR7200250009,KIWOOM 인도Nifty50(합성),2014-06-26,,Nifty 50 Index,일반 (1),https://kind.krx.co.kr/disclosure/etfisudetail.do?method=searchEftIsuDetail&isuCd=KR7200250009,data/krx/kind_details/KR7200250009.html,3a51055aadff34ed694ca0889690c49b5818a3b0eb41dcca260b6770d4b36a47,,,,
454780,KR7454780008,KIWOOM 종합채권(AA-이상)액티브,2023-04-11,,KIS 종합 채권시장지수(AA-이상)(총수익지수),일반 (1),https://kind.krx.co.kr/disclosure/etfisudetail.do?method=searchEftIsuDetail&isuCd=KR7454780008,data/krx/kind_details/KR7454780008.html,85976a72ad5a80a8e3c64e4bc1dc297054ee8c27ff55fa1a4df9e6eac016f04b,,,,
441330,KR7441330008,KIWOOM 차이나A50커넥트MSCI,2022-09-20,2026-03-26,MSCI China A50 Connect Index,일반 (1),https://kind.krx.co.kr/disclosure/etfisudetail.do?method=searchEftIsuDetail&isuCd=KR7441330008,data/krx/kind_details/KR7441330008.html,7ebf0bc3569511bf3887d14c1507ec66e3ee26e17e0ca246fe7266c7c9b3592f,,,,
454180,KR7454180001,KIWOOM 차이나내수소비TOP CSI,2023-04-04,,CSI SH-HK-SZ Consumer Top Index,일반 (1),https://kind.krx.co.kr/disclosure/etfisudetail.do?method=searchEftIsuDetail&isuCd=KR7454180001,data/krx/kind_details/KR7454180001.html,d117d412dfa5c16c12133fd9bb84f1b5fc23bdf237ad3e77f31e0dd44138c1c8,,,,
104530,KR7104530001,KIWOOM 코리아고배당,2008-07-29,,MKF 웰스 고배당 20,일반 (1),https://kind.krx.co.kr/disclosure/etfisudetail.do?method=searchEftIsuDetail&isuCd=KR7104530001,data/krx/kind_details/KR7104530001.html,d31152fae2a66966bcdeb1c4fba92736e82c05f09006054de30f1607cee5ec2c,,,,
496090,KR7496090002,KIWOOM 코리아밸류업,2024-11-04,,코리아 밸류업 지수,일반 (1),https://kind.krx.co.kr/disclosure/etfisudetail.do?method=searchEftIsuDetail&isuCd=KR7496090002,data/krx/kind_details/KR7496090002.html,abbb15ad2556745e9ebb945f5afd1a400834a8e8017cac8cd3e5191dc8407a87,,,,
469790,KR7469790000,KIWOOM 코리아테크TOP10,2023-10-31,,Solactive K-TechTOP10 Index(PR),일반 (1),https://kind.krx.co.kr/disclosure/etfisudetail.do?method=searchEftIsuDetail&isuCd=KR7469790000,data/krx/kind_details/KR7469790000.html,90b6489d3b0a0e528f7af34e38fdbd133a5a3c3f15ecdd0ba7f298f714e9e61e,,,,
316670,KR7316670009,KIWOOM 코스닥150,2019-01-22,,코스닥 150,일반 (1),https://kind.krx.co.kr/disclosure/etfisudetail.do?method=searchEftIsuDetail&isuCd=KR7316670009,data/krx/kind_details/KR7316670009.html,e18afe436070b6a6aa7ca401c1a6632e6cff7564fa76b662c7442503e48cb3d6,,,,
291630,KR7291630002,KIWOOM 코스닥150선물레버리지,2018-03-16,,F-코스닥150 레버리지지수,2X 레버리지 (2),https://kind.krx.co.kr/disclosure/etfisudetail.do?method=searchEftIsuDetail&isuCd=KR7291630002,data/krx/kind_details/KR7291630002.html,a1ccd65de551eddf126440fa5d058cf8970c95c50702fdf01ce6cb54b00beaa3,,,,
291620,KR7291620003,KIWOOM 코스닥150선물인버스,2018-03-16,,F-코스닥150 인버스지수,1X 인버스 (-1),https://kind.krx.co.kr/disclosure/etfisudetail.do?method=searchEftIsuDetail&isuCd=KR7291620003,data/krx/kind_details/KR7291620003.html,306099356c01c863e397bee8d012e013e069ecadedbb3b339b0a414990445b1d,,,,
0198A0,KR70198A0004,KIWOOM 코스닥150커버드콜액티브,2026-06-30,,코스닥150 위클리고정30% 커버드콜지수,일반 (1),https://kind.krx.co.kr/disclosure/etfisudetail.do?method=searchEftIsuDetail&isuCd=KR70198A0004,data/krx/kind_details/KR70198A0004.html,c837b51f50c10cee642865e5f6395832ea8bc08b3233c608c4d1f5e8b3e33dc2,,,,
467540,KR7467540001,KIWOOM 코스닥글로벌,2023-10-24,2025-06-04,코스닥 글로벌 지수,일반 (1),https://kind.krx.co.kr/disclosure/etfisudetail.do?method=searchEftIsuDetail&isuCd=KR7467540001,data/krx/kind_details/KR7467540001.html,277feab71308ab7f9512889a4b5683fe8a337bb498e4179fffc0d915a57f80f6,,,,
153270,KR7153270004,KIWOOM 코스피100,2012-02-28,,코스피 100,일반 (1),https://kind.krx.co.kr/disclosure/etfisudetail.do?method=searchEftIsuDetail&isuCd=KR7153270004,data/krx/kind_details/KR7153270004.html,e7d365b52d1fc3927f894f54d9a52823d7443313eb3532595e277d12d2fe43fd,,,,
122260,KR7122260003,KIWOOM 통안채1년,2010-01-14,,MK 통안채지수(총수익),일반 (1),https://kind.krx.co.kr/disclosure/etfisudetail.do?method=searchEftIsuDetail&isuCd=KR7122260003,data/krx/kind_details/KR7122260003.html,b48a661ff482aed592b2dc5c977dfa2216e8447ed20b9c90f20d31c413de31d0,,,,
0015F0,KR70015F0000,KIWOOM 팔란티어미국30년국채혼합액티브(H),2025-02-11,,Bloomberg Blended PALANTIR and US Long Treasury Bond Index,일반 (1),https://kind.krx.co.kr/disclosure/etfisudetail.do?method=searchEftIsuDetail&isuCd=KR70015F0000,data/krx/kind_details/KR70015F0000.html,ba495358b7823cafe112476643e1e03c3542f8ec5bd71cd9d8617a04f904a9e8,,,,
0097L0,KR70097L0003,KIWOOM 한국고배당&미국AI테크,2025-09-02,,Akros 미국AI테크TOP10&한국고배당3070 지수,일반 (1),https://kind.krx.co.kr/disclosure/etfisudetail.do?method=searchEftIsuDetail&isuCd=KR70097L0003,data/krx/kind_details/KR70097L0003.html,83ec4e465a38d5a13890fcaf507ca2bb5053274b3d7013ff747c27f41ae9ff1e,,,,
0220A0,KR70220A0006,KIWOOM 현대차그룹TOP3채권혼합50,2026-07-14,,FnGuide 현대차그룹TOP3 채권혼합 지수,일반 (1),https://kind.krx.co.kr/disclosure/etfisudetail.do?method=searchEftIsuDetail&isuCd=KR70220A0006,data/krx/kind_details/KR70220A0006.html,c7ece44b59c06da9d8b26d169640733b9d615d34df46e64ad1ab0038e25844bc,,,,
105450,KR7105450001,KODEX 15,2008-09-25,2010-04-14,MKF F-Shares 15 PW Index,일반 (1),https://kind.krx.co.kr/disclosure/etfisudetail.do?method=searchEftIsuDetail&isuCd=KR7105450001,data/krx/kind_details/KR7105450001.html,2a478c7eca51beae527f91bc40a3cc1a5040c507a8b745af24d31eb70d7f6429,,,,
069500,KR7069500007,KODEX 200,2002-10-14,,코스피 200,일반 (1),https://kind.krx.co.kr/disclosure/etfisudetail.do?method=searchEftIsuDetail&isuCd=KR7069500007,data/krx/kind_details/KR7069500007.html,5989c07cfe83fc4df2855ecb45d951e7358d58afb20b3f467a61f4e98c8cbe45,,,,
226980,KR7226980001,KODEX 200 중소형,2015-09-01,,코스피 200 중소형주지수,일반 (1),https://kind.krx.co.kr/disclosure/etfisudetail.do?method=searchEftIsuDetail&isuCd=KR7226980001,data/krx/kind_details/KR7226980001.html,3aee144bf73c05c98de1463f19d77281b852409fd4e290f4a8eb7bf5d884ca90,,,,
337160,KR7337160006,KODEX 200ESG,2019-11-14,,코스피 200 ESG 지수,일반 (1),https://kind.krx.co.kr/disclosure/etfisudetail.do?method=searchEftIsuDetail&isuCd=KR7337160006,data/krx/kind_details/KR7337160006.html,ac27e678185b39fea77e7f1554aadc61dbdd2bd4961c6eec794bb6a603560d72,,,,
363580,KR7363580002,KODEX 200IT TR,2020-09-25,,코스피 200 정보기술 TR,일반 (1),https://kind.krx.co.kr/disclosure/etfisudetail.do?method=searchEftIsuDetail&isuCd=KR7363580002,data/krx/kind_details/KR7363580002.html,27908e86b459fcd30f64df00d9be0f59cb33a5b5921a39ad36635e1b84a0d507,,,,
278530,KR7278530001,KODEX 200TR,2017-11-21,,코스피 200 TR지수,일반 (1),https://kind.krx.co.kr/disclosure/etfisudetail.do?method=searchEftIsuDetail&isuCd=KR7278530001,data/krx/kind_details/KR7278530001.html,08a6813a48d2a73e0cbe0f2447ef7d6851d5bd52bca10c53aceb914b6ba7cae2,,,,
337150,KR7337150007,KODEX 200exTOP,2019-11-14,,코스피 200 초대형제외 지수,일반 (1),https://kind.krx.co.kr/disclosure/etfisudetail.do?method=searchEftIsuDetail&isuCd=KR7337150007,data/krx/kind_details/KR7337150007.html,22450751db6254c4b8daa73cb02905142f46cb3f60c3d05520b66b39512b90f3,,,,
223190,KR7223190000,KODEX 200가치저변동,2015-06-26,,코스피 200 가치저변동성 지수,일반 (1),https://kind.krx.co.kr/disclosure/etfisudetail.do?method=searchEftIsuDetail&isuCd=KR7223190000,data/krx/kind_details/KR7223190000.html,f6b4d61c62a177785f44674dc288a88fee35c98bf121352b0d9a928fa9c86668,,,,
252650,KR7252650007,KODEX 200동일가중,2016-09-20,,코스피 200 동일가중지수,일반 (1),https://kind.krx.co.kr/disclosure/etfisudetail.do?method=searchEftIsuDetail&isuCd=KR7252650007,data/krx/kind_details/KR7252650007.html,8c512f4790c6a46a9dcf8aa62e3f1efe5280c80c3669f13eee402bcd38fcafc1,,,,
360140,KR7360140008,KODEX 200롱코스닥150숏선물,2020-08-21,,코스피 200 롱 100% 코스닥 150 숏 100% 선물지수,일반 (1),https://kind.krx.co.kr/disclosure/etfisudetail.do?method=searchEftIsuDetail&isuCd=KR7360140008,data/krx/kind_details/KR7360140008.html,d8a705434091d0c2aa9e280079e2e1622eecd23f1b5888e59ef7fdcfc2946ac4,,,,
284430,KR7284430006,KODEX 200미국채혼합50,2017-11-30,,코스피 200 미국채혼합지수,일반 (1),https://kind.krx.co.kr/disclosure/etfisudetail.do?method=searchEftIsuDetail&isuCd=KR7284430006,data/krx/kind_details/KR7284430006.html,9bea5a762444c62de53039c99430c2fbbad1b87af27d1f6dc357259cf8be1c61,,,,
252670,KR7252670005,KODEX 200선물인버스2X,2016-09-22,,코스피 200 선물인버스 -2X 지수,2X 인버스 (-2),https://kind.krx.co.kr/disclosure/etfisudetail.do?method=searchEftIsuDetail&isuCd=KR7252670005,data/krx/kind_details/KR7252670005.html,429ed16f9296a2e9c7a60e9b08e0bbeeefe4ae44d1461c51e5aba72810b04192,,,,
494890,KR7494890007,KODEX 200액티브,2024-10-29,,코스피 200,일반 (1),https://kind.krx.co.kr/disclosure/etfisudetail.do?method=searchEftIsuDetail&isuCd=KR7494890007,data/krx/kind_details/KR7494890007.html,f0ea7c44284c2ae2c87d25d98dfce2279f658826fa1282317ee633403952002c,,,,
0219E0,KR70219E0005,KODEX 200커버드콜액티브,2026-07-14,,코스피 200 커버드콜 5% OTM 지수(PR 지수),일반 (1),https://kind.krx.co.kr/disclosure/etfisudetail.do?method=searchEftIsuDetail&isuCd=KR70219E0005,data/krx/kind_details/KR70219E0005.html,f0d4b23c85fa63ea48fb20ea8ea0a91e3b645863940caefe127ed9c7906cb6c4,,,,
498400,KR7498400001,KODEX 200타겟위클리커버드콜,2024-12-03,,코스피 200 타겟 15% 위클리 커버드콜 지수,일반 (1),https://kind.krx.co.kr/disclosure/etfisudetail.do?method=searchEftIsuDetail&isuCd=KR7498400001,data/krx/kind_details/KR7498400001.html,c2c01fa556aacbc9b7598389ec8d788dbc613d29b115f795869b5d0dc1aea128,,,,
448310,KR7448310003,KODEX 23-12 국고채액티브,2022-11-22,2023-12-07,KAP 23-12 국고채 총수익지수,일반 (1),https://kind.krx.co.kr/disclosure/etfisudetail.do?method=searchEftIsuDetail&isuCd=KR7448310003,data/krx/kind_details/KR7448310003.html,967673f0fdec7c315976e72fd1b8f55b1cb1228c5b98e76371bcf0a9bab3372e,,,,
448320,KR7448320002,KODEX 23-12 은행채(AA+이상)액티브,2022-11-22,2023-12-07,KAP 23-12 은행채 총수익지수,일반 (1),https://kind.krx.co.kr/disclosure/etfisudetail.do?method=searchEftIsuDetail&isuCd=KR7448320002,data/krx/kind_details/KR7448320002.html,0cdf11391ac00f70bd01947d3f137dbe68525b4a24c572bb78ffdb4992d5252b,,,,
465680,KR7465680007,KODEX 24-12 은행채(AA+이상)액티브,2023-09-12,2024-12-06,KAP 24-12 은행채 총수익 지수,일반 (1),https://kind.krx.co.kr/disclosure/etfisudetail.do?method=searchEftIsuDetail&isuCd=KR7465680007,data/krx/kind_details/KR7465680007.html,547c68ac9633a5b93e2ab45b6d815c3d6ff726d92b9cdf8ab89a39d5173b01e3,,,,
476810,KR7476810007,KODEX 25-11 은행채(AA-이상)PLUS액티브,2024-03-05,2025-11-19,"KAP 25-11 은행채 PLUS 지수(AA-이상, 총수익)",일반 (1),https://kind.krx.co.kr/disclosure/etfisudetail.do?method=searchEftIsuDetail&isuCd=KR7476810007,data/krx/kind_details/KR7476810007.html,577fa4e4ce999f5e9b6af45a3cc9d3f1173fcd2851828fd7974d499f96b723e1,,,,
467940,KR7467940003,KODEX 25-11 회사채(A+이상)액티브,2023-10-11,2025-11-14,KAP 25-11 회사채 총수익 지수,일반 (1),https://kind.krx.co.kr/disclosure/etfisudetail.do?method=searchEftIsuDetail&isuCd=KR7467940003,data/krx/kind_details/KR7467940003.html,d6661268a4d82f66da52b31d3b16c5fbece5f91559d00f5ae2d02469eb8ec84d,,,,
491080,KR7491080008,KODEX 25-12 은행채(AAA)액티브,2024-09-10,2025-12-08,KAP 25-12 은행채 총수익 지수,일반 (1),https://kind.krx.co.kr/disclosure/etfisudetail.do?method=searchEftIsuDetail&isuCd=KR7491080008,data/krx/kind_details/KR7491080008.html,cf47f6c41dba6edd817dc2b02b050a686dadb083df532dd23ca2e0ea5c31bbaf,,,,
0117L0,KR70117L0009,KODEX 26-12 금융채(AA-이상)액티브,2025-10-28,,KAP 26-12 금융채 총수익 지수(AA-이상),일반 (1),https://kind.krx.co.kr/disclosure/etfisudetail.do?method=searchEftIsuDetail&isuCd=KR70117L0009,data/krx/kind_details/KR70117L0009.html,b9f301a702dbcb176c588c693a8d074ff1e87d21b63160ea27a9e60dc4df75dd,,,,
473290,KR7473290005,KODEX 26-12 회사채(AA-이상)액티브,2023-12-12,,KAP 26-12 회사채 총수익 지수(AA-이상),일반 (1),https://kind.krx.co.kr/disclosure/etfisudetail.do?method=searchEftIsuDetail&isuCd=KR7473290005,data/krx/kind_details/KR7473290005.html,8e83cef4529de0e56bdbaa3b9b1143ffe29a1ee7f82fce8c21829f577c5680f4,,,,
0007F0,KR70007F0000,KODEX 27-12 회사채(AA-이상)액티브,2025-01-14,,KAP 27-12 회사채 총수익 지수(AA-이상),일반 (1),https://kind.krx.co.kr/disclosure/etfisudetail.do?method=searchEftIsuDetail&isuCd=KR70007F0000,data/krx/kind_details/KR70007F0000.html,f5f82ad4c9e4f80757d30a0468156eb0055eef21d1c610311ecf9e462c22dd85,,,,
0119H0,KR70119H0003,KODEX 28-12 회사채(AA-이상)액티브,2025-11-04,,KAP 28-12 회사채 총수익 지수(AA- 이상),일반 (1),https://kind.krx.co.kr/disclosure/etfisudetail.do?method=searchEftIsuDetail&isuCd=KR70119H0003,data/krx/kind_details/KR70119H0003.html,d819c185b39828dc4fc859aa20fee25eb70acad71a0b8fab3d9fb8b8c605df5d,,,,
305720,KR7305720005,KODEX 2차전지산업,2018-09-12,,FnGuide 2차전지 산업 지수,일반 (1),https://kind.krx.co.kr/disclosure/etfisudetail.do?method=searchEftIsuDetail&isuCd=KR7305720005,data/krx/kind_details/KR7305720005.html,b326921ce1a93330bf473279cf4f50421b968ba9acdaf40f4b09282045c14dde,,,,
462330,KR7462330002,KODEX 2차전지산업레버리지,2023-07-04,,FnGuide 2차전지 산업 레버리지(2x) 지수,2X 레버리지 (2),https://kind.krx.co.kr/disclosure/etfisudetail.do?method=searchEftIsuDetail&isuCd=KR7462330002,data/krx/kind_details/KR7462330002.html,6650d3c86a01fb4afd7846fd8c5c77b52beee469d47eb5339c0b037930206021,,,,
461950,KR7461950008,KODEX 2차전지핵심소재10,2023-07-04,,,,https://data.krx.co.kr/comm/bldAttendant/getJsonData.cmd?bld=dbms/MDC/STAT/standard/MDCSTAT04601,data/krx/kind_details/KR7461950008.html,e3b0c44298fc1c149afbf4c8996fb92427ae41e4649b934ca495991b7852b855,listing_date_missing,https://data.krx.co.kr/comm/bldAttendant/getJsonData.cmd?bld=dbms/MDC/STAT/standard/MDCSTAT04601,data/krx/etf_authenticated_master.json,a212d774f6e92cd83e37826483d3e3532247f0a18afc0d68eff1db91f9e49e5f
457690,KR7457690006,KODEX 33-06 국고채액티브,2023-05-31,,KAP 33-06 국고채 총수익 지수,일반 (1),https://kind.krx.co.kr/disclosure/etfisudetail.do?method=searchEftIsuDetail&isuCd=KR7457690006,data/krx/kind_details/KR7457690006.html,08c27cbb7c8162641f3c84190351d82fde5d7bbfd7733b5cf3bff0ff98556543,,,,
271060,KR7271060006,KODEX 3대농산물선물(H),2017-06-13,,S&P GSCI Grains Select Index Excess Return,일반 (1),https://kind.krx.co.kr/disclosure/etfisudetail.do?method=searchEftIsuDetail&isuCd=KR7271060006,data/krx/kind_details/KR7271060006.html,e35b81e0511f3bf7e4df0d75c0c64a106ac439856b7cc32341b9b91a77cb3eb5,,,,
457700,KR7457700003,KODEX 53-09 국고채액티브,2023-05-31,,KAP 53-09 국고채 총수익 지수,일반 (1),https://kind.krx.co.kr/disclosure/etfisudetail.do?method=searchEftIsuDetail&isuCd=KR7457700003,data/krx/kind_details/KR7457700003.html,8d5018601794f04c771ab1f643c120171e7d6caba5eca372e920108ce06c5bfc,,,,
395160,KR7395160005,KODEX AI반도체TOP2플러스,2021-07-30,,FnGuide AI반도체 TOP2+ 지수,일반 (1),https://kind.krx.co.kr/disclosure/etfisudetail.do?method=searchEftIsuDetail&isuCd=KR7395160005,data/krx/kind_details/KR7395160005.html,31a6e4a7ff696a829ff6463a1a4b673180fdb4b83a48c5a2816a30601666f732,,,,
471990,KR7471990002,KODEX AI반도체핵심장비,2023-11-21,,,,https://data.krx.co.kr/comm/bldAttendant/getJsonData.cmd?bld=dbms/MDC/STAT/standard/MDCSTAT04601,data/krx/kind_details/KR7471990002.html,e3b0c44298fc1c149afbf4c8996fb92427ae41e4649b934ca495991b7852b855,listing_date_missing,https://data.krx.co.kr/comm/bldAttendant/getJsonData.cmd?bld=dbms/MDC/STAT/standard/MDCSTAT04601,data/krx/etf_authenticated_master.json,a212d774f6e92cd83e37826483d3e3532247f0a18afc0d68eff1db91f9e49e5f
487240,KR7487240004,KODEX AI전력핵심설비,2024-07-09,,,,https://data.krx.co.kr/comm/bldAttendant/getJsonData.cmd?bld=dbms/MDC/STAT/standard/MDCSTAT04601,data/krx/kind_details/KR7487240004.html,e3b0c44298fc1c149afbf4c8996fb92427ae41e4649b934ca495991b7852b855,listing_date_missing,https://data.krx.co.kr/comm/bldAttendant/getJsonData.cmd?bld=dbms/MDC/STAT/standard/MDCSTAT04601,data/krx/etf_authenticated_master.json,a212d774f6e92cd83e37826483d3e3532247f0a18afc0d68eff1db91f9e49e5f
104580,KR7104580006,KODEX Brazil,2008-07-28,2015-02-23,Dow Jones Brazil Titans 20 ADR Index,일반 (1),https://kind.krx.co.kr/disclosure/etfisudetail.do?method=searchEftIsuDetail&isuCd=KR7104580006,data/krx/kind_authenticated_followup/KR7104580006.html,d24fe46b7ec31e6160339feb1c857a00fecd7924c06c9126314f6f8e71bc0736,,https://kind.krx.co.kr/disclosure/etfisudetail.do?method=searchEftIsuDetail&isuCd=KR7104580006,data/krx/kind_authenticated_followup/KR7104580006.html,d24fe46b7ec31e6160339feb1c857a00fecd7924c06c9126314f6f8e71bc0736
481050,KR7481050003,KODEX CD1년금리플러스액티브(합성),2024-04-23,,,,https://data.krx.co.kr/comm/bldAttendant/getJsonData.cmd?bld=dbms/MDC/STAT/standard/MDCSTAT04601,data/krx/kind_details/KR7481050003.html,e3b0c44298fc1c149afbf4c8996fb92427ae41e4649b934ca495991b7852b855,listing_date_missing,https://data.krx.co.kr/comm/bldAttendant/getJsonData.cmd?bld=dbms/MDC/STAT/standard/MDCSTAT04601,data/krx/etf_authenticated_master.json,a212d774f6e92cd83e37826483d3e3532247f0a18afc0d68eff1db91f9e49e5f
459580,KR7459580007,KODEX CD금리액티브(합성),2023-06-08,,KAP 양도성예금증서(CD)금리지수(총수익지수),일반 (1),https://kind.krx.co.kr/disclosure/etfisudetail.do?method=searchEftIsuDetail&isuCd=KR7459580007,data/krx/kind_details/KR7459580007.html,a6c304c3555e3f63502624842a90e254e5b05d7d63a66e0856ed1fcc14b052e0,,,,
291660,KR7291660009,KODEX China H선물인버스(H),2018-03-16,2021-08-13,Hang Seng China Enterprises Futures Short Index(Price Return),1X 인버스 (-1),https://kind.krx.co.kr/disclosure/etfisudetail.do?method=searchEftIsuDetail&isuCd=KR7291660009,data/krx/kind_details/KR7291660009.html,07e35ea1f09d230aa8f544a004e434d5d0e46c95331d6f80952bb8062f925e69,,,,
439860,KR7439860008,KODEX ESG종합채권(A-이상)액티브,2022-08-23,,,,https://data.krx.co.kr/comm/bldAttendant/getJsonData.cmd?bld=dbms/MDC/STAT/standard/MDCSTAT04601,data/krx/kind_details/KR7439860008.html,e3b0c44298fc1c149afbf4c8996fb92427ae41e4649b934ca495991b7852b855,listing_date_missing,https://data.krx.co.kr/comm/bldAttendant/getJsonData.cmd?bld=dbms/MDC/STAT/standard/MDCSTAT04601,data/krx/etf_authenticated_master.json,a212d774f6e92cd83e37826483d3e3532247f0a18afc0d68eff1db91f9e49e5f
296710,KR7296710007,KODEX FnKorea50,2018-06-08,2021-08-13,FnKorea 50 지수,일반 (1),https://kind.krx.co.kr/disclosure/etfisudetail.do?method=searchEftIsuDetail&isuCd=KR7296710007,data/krx/kind_authenticated_followup/KR7296710007.html,6cd53f9b0830c3c655616e239b9f85c15e8cb0b8f82ac057c3726972c4a576c9,,https://kind.krx.co.kr/disclosure/etfisudetail.do?method=searchEftIsuDetail&isuCd=KR7296710007,data/krx/kind_authenticated_followup/KR7296710007.html,6cd53f9b0830c3c655616e239b9f85c15e8cb0b8f82ac057c3726972c4a576c9
266370,KR7266370006,KODEX IT,2017-03-28,,KRX 정보기술,일반 (1),https://kind.krx.co.kr/disclosure/etfisudetail.do?method=searchEftIsuDetail&isuCd=KR7266370006,data/krx/kind_details/KR7266370006.html,146af39aafd78f5a3fd1ce190abb184b51bcf82e23636421feb48df7369c3d6b,,,,
368680,KR7368680005,KODEX K-뉴딜디지털플러스,2020-11-10,,FnGuide K-뉴딜 디지털 플러스 지수,일반 (1),https://kind.krx.co.kr/disclosure/etfisudetail.do?method=searchEftIsuDetail&isuCd=KR7368680005,data/krx/kind_details/KR7368680005.html,01847d0e304b107a393dde6c8e604608be5f60a7d649229e82988e0dfa253c78,,,,
423160,KR7423160001,KODEX KOFR금리액티브(합성),2022-04-26,,,,https://data.krx.co.kr/comm/bldAttendant/getJsonData.cmd?bld=dbms/MDC/STAT/standard/MDCSTAT04601,data/krx/kind_details/KR7423160001.html,e3b0c44298fc1c149afbf4c8996fb92427ae41e4649b934ca495991b7852b855,listing_date_missing,https://data.krx.co.kr/comm/bldAttendant/getJsonData.cmd?bld=dbms/MDC/STAT/standard/MDCSTAT04601,data/krx/etf_authenticated_master.json,a212d774f6e92cd83e37826483d3e3532247f0a18afc0d68eff1db91f9e49e5f
086630,KR7086630001,KODEX KRX100,2005-10-28,2009-01-21,KRX 100,일반 (1),https://kind.krx.co.kr/disclosure/etfisudetail.do?method=searchEftIsuDetail&isuCd=KR7086630001,data/krx/kind_authenticated_followup/KR7086630001.html,49a1e5496a9b141556f0ccecc38ce3ffb59fa3f9d860f26843cd18cb9fa78574,,https://kind.krx.co.kr/disclosure/etfisudetail.do?method=searchEftIsuDetail&isuCd=KR7086630001,data/krx/kind_authenticated_followup/KR7086630001.html,49a1e5496a9b141556f0ccecc38ce3ffb59fa3f9d860f26843cd18cb9fa78574
292190,KR7292190006,KODEX KRX300,2018-03-26,,KRX 300,일반 (1),https://kind.krx.co.kr/disclosure/etfisudetail.do?method=searchEftIsuDetail&isuCd=KR7292190006,data/krx/kind_details/KR7292190006.html,c70856cdbbd82191e6091cc50280b2a32fd1690f36a2463593d35c226a9ef0cd,,,,
306950,KR7306950007,KODEX KRX300레버리지,2018-10-16,,KRX300레버리지,2X 레버리지 (2),https://kind.krx.co.kr/disclosure/etfisudetail.do?method=searchEftIsuDetail&isuCd=KR7306950007,data/krx/kind_details/KR7306950007.html,2643f56ff18b73165371b024a1fcf5cd5d28ea66e63239d2102dc2092df870c8,,,,
306960,KR7306960006,KODEX KRX300선물인버스,2018-10-16,2020-09-28,KRX300 선물인버스 지수,1X 인버스 (-1),https://kind.krx.co.kr/disclosure/etfisudetail.do?method=searchEftIsuDetail&isuCd=KR7306960006,data/krx/kind_authenticated_followup/KR7306960006.html,000bf73a79fca63c1687ce389365d6ed4794ad46bfb2eaae40e83538069f227a,,https://kind.krx.co.kr/disclosure/etfisudetail.do?method=searchEftIsuDetail&isuCd=KR7306960006,data/krx/kind_authenticated_followup/KR7306960006.html,000bf73a79fca63c1687ce389365d6ed4794ad46bfb2eaae40e83538069f227a
229720,KR7229720008,KODEX KTOP30,2015-10-14,,KTOP 30,일반 (1),https://kind.krx.co.kr/disclosure/etfisudetail.do?method=searchEftIsuDetail&isuCd=KR7229720008,data/krx/kind_details/KR7229720008.html,75a864386fb10802fcbac2fa471d55fa547855061b56b12566c1545a2f255a51,,,,
266360,KR7266360007,KODEX K콘텐츠,2017-03-28,,KRX K콘텐츠,일반 (1),https://kind.krx.co.kr/disclosure/etfisudetail.do?method=searchEftIsuDetail&isuCd=KR7266360007,data/krx/kind_details/KR7266360007.html,f22d8ced37969580ff64e640bdb232bc7ef0f4594699269aec6ff8cc51e5f4dc,,,,
291890,KR7291890002,KODEX MSCI EM선물(H),2018-03-23,,iEdge Emerging Markets Futures Index(ER),일반 (1),https://kind.krx.co.kr/disclosure/etfisudetail.do?method=searchEftIsuDetail&isuCd=KR7291890002,data/krx/kind_details/KR7291890002.html,61fa56a8f6ea68ac5f3cf332d1491fd8afbe1dc73ba2e5068df8387c24081c91,,,,
289040,KR7289040008,KODEX MSCI KOREA ESG유니버설,2018-02-07,,MSCI Korea ESG Universal Capped Index,일반 (1),https://kind.krx.co.kr/disclosure/etfisudetail.do?method=searchEftIsuDetail&isuCd=KR7289040008,data/krx/kind_details/KR7289040008.html,0949abcb4c6eea79a7f549815a432da13dcb5e8008860d7ca93708bab5bc00d8,,,,
156080,KR7156080004,KODEX MSCI Korea,2012-04-30,,MSCI Korea Index,일반 (1),https://kind.krx.co.kr/disclosure/etfisudetail.do?method=searchEftIsuDetail&isuCd=KR7156080004,data/krx/kind_details/KR7156080004.html,f7fd0c8b33693b8fffc83d64e3a5c24c219df9d2689318b14e9deb13e5002580,,,,
278540,KR7278540000,KODEX MSCI Korea TR,2017-11-09,,MSCI Korea TR Index,일반 (1),https://kind.krx.co.kr/disclosure/etfisudetail.do?method=searchEftIsuDetail&isuCd=KR7278540000,data/krx/kind_details/KR7278540000.html,9a8362d12ed47a338b37ec5e1216dd07ed9a6bb87ed861ad7051fe7bdd4a4bdc,,,,
251350,KR7251350005,KODEX MSCI선진국,2016-08-17,,,,https://data.krx.co.kr/comm/bldAttendant/getJsonData.cmd?bld=dbms/MDC/STAT/standard/MDCSTAT04601,data/krx/kind_details/KR7251350005.html,e3b0c44298fc1c149afbf4c8996fb92427ae41e4649b934ca495991b7852b855,listing_date_missing,https://data.krx.co.kr/comm/bldAttendant/getJsonData.cmd?bld=dbms/MDC/STAT/standard/MDCSTAT04601,data/krx/etf_authenticated_master.json,a212d774f6e92cd83e37826483d3e3532247f0a18afc0d68eff1db91f9e49e5f
269420,KR7269420006,KODEX S&P글로벌인프라(합성),2017-05-16,,,,https://data.krx.co.kr/comm/bldAttendant/getJsonData.cmd?bld=dbms/MDC/STAT/standard/MDCSTAT04601,data/krx/kind_details/KR7269420006.html,e3b0c44298fc1c149afbf4c8996fb92427ae41e4649b934ca495991b7852b855,listing_date_missing,https://data.krx.co.kr/comm/bldAttendant/getJsonData.cmd?bld=dbms/MDC/STAT/standard/MDCSTAT04601,data/krx/etf_authenticated_master.json,a212d774f6e92cd83e37826483d3e3532247f0a18afc0d68eff1db91f9e49e5f
0193T0,KR70193T0008,KODEX SK하이닉스단일종목레버리지,2026-05-27,,,,https://data.krx.co.kr/comm/bldAttendant/getJsonData.cmd?bld=dbms/MDC/STAT/standard/MDCSTAT04601,data/krx/kind_details/KR70193T0008.html,e3b0c44298fc1c149afbf4c8996fb92427ae41e4649b934ca495991b7852b855,listing_date_missing,https://data.krx.co.kr/comm/bldAttendant/getJsonData.cmd?bld=dbms/MDC/STAT/standard/MDCSTAT04601,data/krx/etf_authenticated_master.json,a212d774f6e92cd83e37826483d3e3532247f0a18afc0d68eff1db91f9e49e5f
433970,KR7433970001,KODEX TDF2030액티브 적격,2022-06-30,,Samsung Korea Target Date 2030 Index (Price Return),일반 (1),https://kind.krx.co.kr/disclosure/etfisudetail.do?method=searchEftIsuDetail&isuCd=KR7433970001,data/krx/kind_details/KR7433970001.html,3864b352e6b6e093bed56629997362b44b175f56eef2c29856902ebb6a29954b,,,,
433980,KR7433980000,KODEX TDF2040액티브 적격,2022-06-30,,,,https://data.krx.co.kr/comm/bldAttendant/getJsonData.cmd?bld=dbms/MDC/STAT/standard/MDCSTAT04601,data/krx/kind_details/KR7433980000.html,e3b0c44298fc1c149afbf4c8996fb92427ae41e4649b934ca495991b7852b855,listing_date_missing,https://data.krx.co.kr/comm/bldAttendant/getJsonData.cmd?bld=dbms/MDC/STAT/standard/MDCSTAT04601,data/krx/etf_authenticated_master.json,a212d774f6e92cd83e37826483d3e3532247f0a18afc0d68eff1db91f9e49e5f
434060,KR7434060000,KODEX TDF2050액티브 적격,2022-06-30,,Samsung Korea Target Date 2050 Index (Price Return),일반 (1),https://kind.krx.co.kr/disclosure/etfisudetail.do?method=searchEftIsuDetail&isuCd=KR7434060000,data/krx/kind_details/KR7434060000.html,0f1a1c3a345aec2444ebf04003e2a90ea83261e00c570aa0e588810a552ef669,,,,
0082V0,KR70082V0008,KODEX TDF2060액티브 적격,2025-07-22,,Samsung Korea Target Date 2060 Index,일반 (1),https://kind.krx.co.kr/disclosure/etfisudetail.do?method=searchEftIsuDetail&isuCd=KR70082V0008,data/krx/kind_details/KR70082V0008.html,60e6f622db5286f73c7e2c214d4332bcd96d935172cd9424d147736614c8bbf6,,,,
329650,KR7329650006,KODEX TRF3070,2019-07-04,,,,https://data.krx.co.kr/comm/bldAttendant/getJsonData.cmd?bld=dbms/MDC/STAT/standard/MDCSTAT04601,data/krx/kind_details/KR7329650006.html,e3b0c44298fc1c149afbf4c8996fb92427ae41e4649b934ca495991b7852b855,listing_date_missing,https://data.krx.co.kr/comm/bldAttendant/getJsonData.cmd?bld=dbms/MDC/STAT/standard/MDCSTAT04601,data/krx/etf_authenticated_master.json,a212d774f6e92cd83e37826483d3e3532247f0a18afc0d68eff1db91f9e49e5f
329660,KR7329660005,KODEX TRF5050,2019-07-04,,FnGuide TRF 5050 지수,일반 (1),https://kind.krx.co.kr/disclosure/etfisudetail.do?method=searchEftIsuDetail&isuCd=KR7329660005,data/krx/kind_details/KR7329660005.html,3f1d83a617609b3ec83925f377990cf9f089c9d3b72322fbb7085c7917b132fa,,,,
329670,KR7329670004,KODEX TRF7030,2019-07-04,,FnGuide TRF 7030 지수,일반 (1),https://kind.krx.co.kr/disclosure/etfisudetail.do?method=searchEftIsuDetail&isuCd=KR7329670004,data/krx/kind_details/KR7329670004.html,eee9f9a8d348d7a4690836ad4d5d5d92b90cb3f6f7ca221422fdcc8983269c82,,,,
395170,KR7395170004,KODEX Top10동일가중,2021-07-30,,,,https://data.krx.co.kr/comm/bldAttendant/getJsonData.cmd?bld=dbms/MDC/STAT/standard/MDCSTAT04601,data/krx/kind_details/KR7395170004.html,e3b0c44298fc1c149afbf4c8996fb92427ae41e4649b934ca495991b7852b855,listing_date_missing,https://data.krx.co.kr/comm/bldAttendant/getJsonData.cmd?bld=dbms/MDC/STAT/standard/MDCSTAT04601,data/krx/etf_authenticated_master.json,a212d774f6e92cd83e37826483d3e3532247f0a18afc0d68eff1db91f9e49e5f
315930,KR7315930008,KODEX Top5PlusTR,2019-01-22,,FnGuide TOP 5 Plus Total Return 지수,일반 (1),https://kind.krx.co.kr/disclosure/etfisudetail.do?method=searchEftIsuDetail&isuCd=KR7315930008,data/krx/kind_details/KR7315930008.html,44987d0a00d94e1dbee38fb2634e05f540913f33453d7a7234c0f0ff1a933df4,,,,
261220,KR7261220008,KODEX WTI원유선물(H),2016-12-27,,S&P GSCI Crude Oil Index ER,일반 (1),https://kind.krx.co.kr/disclosure/etfisudetail.do?method=searchEftIsuDetail&isuCd=KR7261220008,data/krx/kind_details/KR7261220008.html,01548bf74c2dbdfe37ce2822e597139beb286caec3110de2558e83e7b6f35572,,,,
271050,KR7271050007,KODEX WTI원유선물인버스(H),2017-06-13,,S&P GSCI Inverse Crude Oil Index ER,1X 인버스 (-1),https://kind.krx.co.kr/disclosure/etfisudetail.do?method=searchEftIsuDetail&isuCd=KR7271050007,data/krx/kind_details/KR7271050007.html,97c59214a00ec3a5e0594dfc0cd777e61e5144bc1c835555b9417a31651c2982,,,,
468370,KR7468370002,KODEX iShares미국인플레이션국채액티브,2023-10-19,,,,https://data.krx.co.kr/comm/bldAttendant/getJsonData.cmd?bld=dbms/MDC/STAT/standard/MDCSTAT04601,data/krx/kind_details/KR7468370002.html,e3b0c44298fc1c149afbf4c8996fb92427ae41e4649b934ca495991b7852b855,listing_date_missing,https://data.krx.co.kr/comm/bldAttendant/getJsonData.cmd?bld=dbms/MDC/STAT/standard/MDCSTAT04601,data/krx/etf_authenticated_master.json,a212d774f6e92cd83e37826483d3e3532247f0a18afc0d68eff1db91f9e49e5f
468630,KR7468630009,KODEX iShares미국투자등급회사채액티브,2023-10-19,,iBoxx USD Liquid Investment Grade Index(Total Return),일반 (1),https://kind.krx.co.kr/disclosure/etfisudetail.do?method=searchEftIsuDetail&isuCd=KR7468630009,data/krx/kind_details/KR7468630009.html,a042a6a54f3f0544ed9f2b471910e86f2928221bb9a98acb95d427f5425b78f9,,,,
468380,KR7468380001,KODEX iShares미국하이일드액티브,2023-10-19,,,,https://data.krx.co.kr/comm/bldAttendant/getJsonData.cmd?bld=dbms/MDC/STAT/standard/MDCSTAT04601,data/krx/kind_details/KR7468380001.html,e3b0c44298fc1c149afbf4c8996fb92427ae41e4649b934ca495991b7852b855,listing_date_missing,https://data.krx.co.kr/comm/bldAttendant/getJsonData.cmd?bld=dbms/MDC/STAT/standard/MDCSTAT04601,data/krx/etf_authenticated_master.json,a212d774f6e92cd83e37826483d3e3532247f0a18afc0d68eff1db91f9e49e5f
275290,KR7275290005,KODEX 가치주,2017-07-11,,,,https://data.krx.co.kr/comm/bldAttendant/getJsonData.cmd?bld=dbms/MDC/STAT/standard/MDCSTAT04601,data/krx/kind_details/KR7275290005.html,e3b0c44298fc1c149afbf4c8996fb92427ae41e4649b934ca495991b7852b855,listing_date_missing,https://data.krx.co.kr/comm/bldAttendant/getJsonData.cmd?bld=dbms/MDC/STAT/standard/MDCSTAT04601,data/krx/etf_authenticated_master.json,a212d774f6e92cd83e37826483d3e3532247f0a18afc0d68eff1db91f9e49e5f
247780,KR7247780000,KODEX 가치투자,2016-06-24,2020-09-28,FnGuide 가치투자형 지수,일반 (1),https://kind.krx.co.kr/disclosure/etfisudetail.do?method=searchEftIsuDetail&isuCd=KR7247780000,data/krx/kind_authenticated_followup/KR7247780000.html,8885139a81f2fe5d643999e619017fe96ce3fe29711a96a83a0c800392ec0e25,,https://kind.krx.co.kr/disclosure/etfisudetail.do?method=searchEftIsuDetail&isuCd=KR7247780000,data/krx/kind_authenticated_followup/KR7247780000.html,8885139a81f2fe5d643999e619017fe96ce3fe29711a96a83a0c800392ec0e25
117700,KR7117700005,KODEX 건설,2009-10-30,,,,https://data.krx.co.kr/comm/bldAttendant/getJsonData.cmd?bld=dbms/MDC/STAT/standard/MDCSTAT04601,data/krx/kind_details/KR7117700005.html,e3b0c44298fc1c149afbf4c8996fb92427ae41e4649b934ca495991b7852b855,listing_date_missing,https://data.krx.co.kr/comm/bldAttendant/getJsonData.cmd?bld=dbms/MDC/STAT/standard/MDCSTAT04601,data/krx/etf_authenticated_master.json,a212d774f6e92cd83e37826483d3e3532247f0a18afc0d68eff1db91f9e49e5f
300950,KR7300950003,KODEX 게임산업,2018-07-24,,,,https://data.krx.co.kr/comm/bldAttendant/getJsonData.cmd?bld=dbms/MDC/STAT/standard/MDCSTAT04601,data/krx/kind_details/KR7300950003.html,e3b0c44298fc1c149afbf4c8996fb92427ae41e4649b934ca495991b7852b855,listing_date_missing,https://data.krx.co.kr/comm/bldAttendant/getJsonData.cmd?bld=dbms/MDC/STAT/standard/MDCSTAT04601,data/krx/etf_authenticated_master.json,a212d774f6e92cd83e37826483d3e3532247f0a18afc0d68eff1db91f9e49e5f
266390,KR7266390004,KODEX 경기소비재,2017-03-28,,,,https://data.krx.co.kr/comm/bldAttendant/getJsonData.cmd?bld=dbms/MDC/STAT/standard/MDCSTAT04601,data/krx/kind_details/KR7266390004.html,e3b0c44298fc1c149afbf4c8996fb92427ae41e4649b934ca495991b7852b855,listing_date_missing,https://data.krx.co.kr/comm/bldAttendant/getJsonData.cmd?bld=dbms/MDC/STAT/standard/MDCSTAT04601,data/krx/etf_authenticated_master.json,a212d774f6e92cd83e37826483d3e3532247f0a18afc0d68eff1db91f9e49e5f
279530,KR7279530000,KODEX 고배당주,2017-10-17,,,,https://data.krx.co.kr/comm/bldAttendant/getJsonData.cmd?bld=dbms/MDC/STAT/standard/MDCSTAT04601,data/krx/kind_details/KR7279530000.html,e3b0c44298fc1c149afbf4c8996fb92427ae41e4649b934ca495991b7852b855,listing_date_missing,https://data.krx.co.kr/comm/bldAttendant/getJsonData.cmd?bld=dbms/MDC/STAT/standard/MDCSTAT04601,data/krx/etf_authenticated_master.json,a212d774f6e92cd83e37826483d3e3532247f0a18afc0d68eff1db91f9e49e5f
132030,KR7132030008,KODEX 골드선물(H),2010-10-01,,,,https://data.krx.co.kr/comm/bldAttendant/getJsonData.cmd?bld=dbms/MDC/STAT/standard/MDCSTAT04601,data/krx/kind_details/KR7132030008.html,e3b0c44298fc1c149afbf4c8996fb92427ae41e4649b934ca495991b7852b855,listing_date_missing,https://data.krx.co.kr/comm/bldAttendant/getJsonData.cmd?bld=dbms/MDC/STAT/standard/MDCSTAT04601,data/krx/etf_authenticated_master.json,a212d774f6e92cd83e37826483d3e3532247f0a18afc0d68eff1db91f9e49e5f
280940,KR7280940008,KODEX 골드선물인버스(H),2017-11-09,,S&P GSCI GOLD Inverse Index ER,1X 인버스 (-1),https://kind.krx.co.kr/disclosure/etfisudetail.do?method=searchEftIsuDetail&isuCd=KR7280940008,data/krx/kind_details/KR7280940008.html,9b9e2adede8a452ec9c2f4dba1bac3a1d2a13a7edfdb1c721c9eaea20f677077,,,,
138910,KR7138910005,KODEX 구리선물(H),2011-03-15,,,,https://data.krx.co.kr/comm/bldAttendant/getJsonData.cmd?bld=dbms/MDC/STAT/standard/MDCSTAT04601,data/krx/kind_details/KR7138910005.html,e3b0c44298fc1c149afbf4c8996fb92427ae41e4649b934ca495991b7852b855,listing_date_missing,https://data.krx.co.kr/comm/bldAttendant/getJsonData.cmd?bld=dbms/MDC/STAT/standard/MDCSTAT04601,data/krx/etf_authenticated_master.json,a212d774f6e92cd83e37826483d3e3532247f0a18afc0d68eff1db91f9e49e5f
471230,KR7471230003,KODEX 국고채10년액티브,2023-11-14,,,,https://data.krx.co.kr/comm/bldAttendant/getJsonData.cmd?bld=dbms/MDC/STAT/standard/MDCSTAT04601,data/krx/kind_details/KR7471230003.html,e3b0c44298fc1c149afbf4c8996fb92427ae41e4649b934ca495991b7852b855,listing_date_missing,https://data.krx.co.kr/comm/bldAttendant/getJsonData.cmd?bld=dbms/MDC/STAT/standard/MDCSTAT04601,data/krx/etf_authenticated_master.json,a212d774f6e92cd83e37826483d3e3532247f0a18afc0d68eff1db91f9e49e5f
439870,KR7439870007,KODEX 국고채30년액티브,2022-08-23,,,,https://data.krx.co.kr/comm/bldAttendant/getJsonData.cmd?bld=dbms/MDC/STAT/standard/MDCSTAT04601,data/krx/kind_details/KR7439870007.html,e3b0c44298fc1c149afbf4c8996fb92427ae41e4649b934ca495991b7852b855,listing_date_missing,https://data.krx.co.kr/comm/bldAttendant/getJsonData.cmd?bld=dbms/MDC/STAT/standard/MDCSTAT04601,data/krx/etf_authenticated_master.json,a212d774f6e92cd83e37826483d3e3532247f0a18afc0d68eff1db91f9e49e5f
114260,KR7114260003,KODEX 국고채3년,2009-07-29,,MKF 국고채지수(총수익),일반 (1),https://kind.krx.co.kr/disclosure/etfisudetail.do?method=searchEftIsuDetail&isuCd=KR7114260003,data/krx/kind_details/KR7114260003.html,8bff20326d733c1faa78595f2685baf7bcddf7acb27b50b71128c755fdfae309,,,,
152380,KR7152380002,KODEX 국채선물10년,2012-01-20,,10년국채선물지수,일반 (1),https://kind.krx.co.kr/disclosure/etfisudetail.do?method=searchEftIsuDetail&isuCd=KR7152380002,data/krx/kind_details/KR7152380002.html,1e43c51417eda2f10ff3293bf9472c319c4f75a8133f580f4d600c4005061ca7,,,,
176950,KR7176950004,KODEX 국채선물10년인버스,2013-05-31,,,,https://data.krx.co.kr/comm/bldAttendant/getJsonData.cmd?bld=dbms/MDC/STAT/standard/MDCSTAT04601,data/krx/kind_details/KR7176950004.html,e3b0c44298fc1c149afbf4c8996fb92427ae41e4649b934ca495991b7852b855,listing_date_missing,https://data.krx.co.kr/comm/bldAttendant/getJsonData.cmd?bld=dbms/MDC/STAT/standard/MDCSTAT04601,data/krx/etf_authenticated_master.json,a212d774f6e92cd83e37826483d3e3532247f0a18afc0d68eff1db91f9e49e5f
292770,KR7292770005,KODEX 국채선물3년인버스,2018-04-13,,F-KTB 인버스지수,1X 인버스 (-1),https://kind.krx.co.kr/disclosure/etfisudetail.do?method=searchEftIsuDetail&isuCd=KR7292770005,data/krx/kind_details/KR7292770005.html,f4bef34edafa3e32768a831011bb47d4f060d9c147d17b7b4273466e12932f0c,,,,
276990,KR7276990009,KODEX 글로벌로봇(합성),2017-08-17,,ROBO Global Robotics & Automation UCITS Price Return Index,일반 (1),https://kind.krx.co.kr/disclosure/etfisudetail.do?method=searchEftIsuDetail&isuCd=KR7276990009,data/krx/kind_details/KR7276990009.html,095e6da898f0cb00de9fa6252269455388f0ce5658ae9b6541fdc965334185a7,,,,
476070,KR7476070008,KODEX 글로벌비만치료제TOP2 Plus,2024-02-14,,iSelect 글로벌 비만치료제TOP2 Plus 지수(PR),일반 (1),https://kind.krx.co.kr/disclosure/etfisudetail.do?method=searchEftIsuDetail&isuCd=KR7476070008,data/krx/kind_details/KR7476070008.html,9dbc690f626d7b5c8a1c1507ade2dc586f221c4e5a6464d308b5ae6ad697b520,,,,
0064K0,KR70064K0003,KODEX 금액티브,2025-06-17,,Bloomberg Gold Spot NY 4pm USD Index,일반 (1),https://kind.krx.co.kr/disclosure/etfisudetail.do?method=searchEftIsuDetail&isuCd=KR70064K0003,data/krx/kind_details/KR70064K0003.html,daec5b226a92d6042c0d766c471138ad435ce870c975b4293e141ddfc9e3949b,,,,
0089D0,KR70089D0003,KODEX 금융고배당TOP10,2025-08-12,,코스피 200 금융 고배당 TOP 10 지수,일반 (1),https://kind.krx.co.kr/disclosure/etfisudetail.do?method=searchEftIsuDetail&isuCd=KR70089D0003,data/krx/kind_details/KR70089D0003.html,bbc96e731925750883888bc0285e9e4932d5c184ecaa303da46555f539b7517e,,,,
498410,KR7498410000,KODEX 금융고배당TOP10타겟위클리커버드콜,2024-12-17,,코스피 200 금융 고배당 TOP 10 타겟 15% 분배 위클리 커버드콜 지수,일반 (1),https://kind.krx.co.kr/disclosure/etfisudetail.do?method=searchEftIsuDetail&isuCd=KR7498410000,data/krx/kind_details/KR7498410000.html,648907f45bc230d9abe4ab1c270712610096229e81a43d8f9169f6fe9ac8c981,,,,
0162M0,KR70162M0002,KODEX 금융채1~2년(AA-이상)PLUS액티브,2026-02-26,,,,https://data.krx.co.kr/comm/bldAttendant/getJsonData.cmd?bld=dbms/MDC/STAT/standard/MDCSTAT04601,data/krx/kind_details/KR70162M0002.html,e3b0c44298fc1c149afbf4c8996fb92427ae41e4649b934ca495991b7852b855,listing_date_missing,https://data.krx.co.kr/comm/bldAttendant/getJsonData.cmd?bld=dbms/MDC/STAT/standard/MDCSTAT04601,data/krx/etf_authenticated_master.json,a212d774f6e92cd83e37826483d3e3532247f0a18afc0d68eff1db91f9e49e5f
102960,KR7102960002,KODEX 기계장비,2008-05-29,,KRX 기계장비,일반 (1),https://kind.krx.co.kr/disclosure/etfisudetail.do?method=searchEftIsuDetail&isuCd=KR7102960002,data/krx/kind_details/KR7102960002.html,6d80e666fa2a76f25a997dbfb5e883fe8362f7929d4f7fbeb8fc549b1078b556,,,,
404260,KR7404260002,KODEX 기후변화솔루션,2021-10-29,,,,https://data.krx.co.kr/comm/bldAttendant/getJsonData.cmd?bld=dbms/MDC/STAT/standard/MDCSTAT04601,data/krx/kind_details/KR7404260002.html,e3b0c44298fc1c149afbf4c8996fb92427ae41e4649b934ca495991b7852b855,listing_date_missing,https://data.krx.co.kr/comm/bldAttendant/getJsonData.cmd?bld=dbms/MDC/STAT/standard/MDCSTAT04601,data/krx/etf_authenticated_master.json,a212d774f6e92cd83e37826483d3e3532247f0a18afc0d68eff1db91f9e49e5f
273140,KR7273140004,KODEX 단기변동금리부채권액티브,2017-06-29,,KAP 단기변동금리부은행채권지수,일반 (1),https://kind.krx.co.kr/disclosure/etfisudetail.do?method=searchEftIsuDetail&isuCd=KR7273140004,data/krx/kind_details/KR7273140004.html,046ff4a1676248da826cc3bcb20c05b4ffec16f9589dda45a9f98914853b5740,,,,
153130,KR7153130000,KODEX 단기채권,2012-02-22,,KRW Cash Index(총수익),일반 (1),https://kind.krx.co.kr/disclosure/etfisudetail.do?method=searchEftIsuDetail&isuCd=KR7153130000,data/krx/kind_details/KR7153130000.html,52b2cc5ca5b922b4b673ca9bd33fc43a01f6a5f6dd27e77e46c246154fac2e5b,,,,
214980,KR7214980005,KODEX 단기채권PLUS,2015-03-03,,,,https://data.krx.co.kr/comm/bldAttendant/getJsonData.cmd?bld=dbms/MDC/STAT/standard/MDCSTAT04601,data/krx/kind_details/KR7214980005.html,e3b0c44298fc1c149afbf4c8996fb92427ae41e4649b934ca495991b7852b855,listing_date_missing,https://data.krx.co.kr/comm/bldAttendant/getJsonData.cmd?bld=dbms/MDC/STAT/standard/MDCSTAT04601,data/krx/etf_authenticated_master.json,a212d774f6e92cd83e37826483d3e3532247f0a18afc0d68eff1db91f9e49e5f
487950,KR7487950008,KODEX 대만테크고배당다우존스,2024-07-23,,Dow Jones Taiwan Technology Dividend 30 Index(TWD)(PR),일반 (1),https://kind.krx.co.kr/disclosure/etfisudetail.do?method=searchEftIsuDetail&isuCd=KR7487950008,data/krx/kind_details/KR7487950008.html,4083b3ee7404a026e8fd4dece7c23694ac75e0f377bb8a4d37849688408dccaf,,,,
200050,KR7200050003,KODEX 독일MSCI(합성),2014-06-12,2018-09-27,MSCI Germany Index,일반 (1),https://kind.krx.co.kr/disclosure/etfisudetail.do?method=searchEftIsuDetail&isuCd=KR7200050003,data/krx/kind_details/KR7200050003.html,1d42444fc3b823c47856030fb6fd899fd56be780f0cd144dc1bed02443146f14,,,,
122630,KR7122630007,KODEX 레버리지,2010-02-22,,코스피 200 레버리지지수,2X 레버리지 (2),https://kind.krx.co.kr/disclosure/etfisudetail.do?method=searchEftIsuDetail&isuCd=KR7122630007,data/krx/kind_details/KR7122630007.html,2be4d742f6da0801b8526d10e74db753be240cd81bcf6b95e849410c6914a106,,,,
445290,KR7445290000,KODEX 로봇액티브,2022-11-15,,iSelect K-로봇테마 지수,일반 (1),https://kind.krx.co.kr/disclosure/etfisudetail.do?method=searchEftIsuDetail&isuCd=KR7445290000,data/krx/kind_details/KR7445290000.html,eb608eec4b90a2d97a1da1c24668e47031a3ac5e2045aba1a94c581b5864f2a2,,,,
488770,KR7488770009,KODEX 머니마켓액티브,2024-08-06,,KAP MMF 지수(TR),일반 (1),https://kind.krx.co.kr/disclosure/etfisudetail.do?method=searchEftIsuDetail&isuCd=KR7488770009,data/krx/kind_details/KR7488770009.html,a0114b025512dcfaa5fcc892593fc2fb1217ca581f94473989cec5ad16db039f,,,,
321410,KR7321410003,KODEX 멀티에셋하이인컴(H),2019-06-05,,Morningstar Multi-Asset High Income 10% Capped Index,일반 (1),https://kind.krx.co.kr/disclosure/etfisudetail.do?method=searchEftIsuDetail&isuCd=KR7321410003,data/krx/kind_details/KR7321410003.html,f73c7c94e06039873d30ed4e854c4bc64ade69a09c1e56890bf9c62e08ddc4e2,,,,
337120,KR7337120000,KODEX 멀티팩터,2019-11-14,,FnGuide 멀티팩터 지수,일반 (1),https://kind.krx.co.kr/disclosure/etfisudetail.do?method=searchEftIsuDetail&isuCd=KR7337120000,data/krx/kind_details/KR7337120000.html,72fdcc3f30beac855bdd09580b613cd1ba474e2262a84632e270910033e16520,,,,
401470,KR7401470000,KODEX 메타버스액티브,2021-10-13,,FnGuide K-메타버스 지수,일반 (1),https://kind.krx.co.kr/disclosure/etfisudetail.do?method=searchEftIsuDetail&isuCd=KR7401470000,data/krx/kind_details/KR7401470000.html,91b80f7b1297df9ebfaf1a320b4b7d27a994bc52b7eeb665b38011e055fb9e55,,,,
244620,KR7244620001,KODEX 모멘텀Plus,2016-05-13,,,,https://data.krx.co.kr/comm/bldAttendant/getJsonData.cmd?bld=dbms/MDC/STAT/standard/MDCSTAT04601,data/krx/kind_details/KR7244620001.html,e3b0c44298fc1c149afbf4c8996fb92427ae41e4649b934ca495991b7852b855,listing_date_missing,https://data.krx.co.kr/comm/bldAttendant/getJsonData.cmd?bld=dbms/MDC/STAT/standard/MDCSTAT04601,data/krx/etf_authenticated_master.json,a212d774f6e92cd83e37826483d3e3532247f0a18afc0d68eff1db91f9e49e5f
275280,KR7275280006,KODEX 모멘텀주,2017-07-11,,MSCI Korea IMI Momentum Capped,일반 (1),https://kind.krx.co.kr/disclosure/etfisudetail.do?method=searchEftIsuDetail&isuCd=KR7275280006,data/krx/kind_details/KR7275280006.html,67190f104d337d01f704208194dd5b3d99cdda3dcb27ba56aa0ad31a756d3354,,,,
308620,KR7308620004,KODEX 미국10년국채선물,2018-10-19,,S&P 10-Year U.S. Treasury Note Futures KRW(ER),일반 (1),https://kind.krx.co.kr/disclosure/etfisudetail.do?method=searchEftIsuDetail&isuCd=KR7308620004,data/krx/kind_details/KR7308620004.html,d0cd63c6866b93e102e8a8f4f8756c4d1cb889be340259bea62ad082d38a4b84,,,,
0091C0,KR70091C0000,KODEX 미국10년국채액티브(H),2025-08-19,,KAP 미국 국채 10년 지수(총수익),일반 (1),https://kind.krx.co.kr/disclosure/etfisudetail.do?method=searchEftIsuDetail&isuCd=KR70091C0000,data/krx/kind_details/KR70091C0000.html,f8f6e183ddc75f29afc4c31b1ab673a1ed7ba8a766eea94a72c859fad55eb72c,,,,
484790,KR7484790001,KODEX 미국30년국채액티브(H),2024-06-18,,KEDI-KAP 미국 국채 20+ 지수(TR),일반 (1),https://kind.krx.co.kr/disclosure/etfisudetail.do?method=searchEftIsuDetail&isuCd=KR7484790001,data/krx/kind_details/KR7484790001.html,24ffb704d519e0671207b69fd14b188e6bc54b6721f44f0baae9b5cf6534daa5,,,,
304660,KR7304660004,KODEX 미국30년국채울트라선물(H),2018-09-12,,S&P Ultra T-Bond Futures Index(ER),일반 (1),https://kind.krx.co.kr/disclosure/etfisudetail.do?method=searchEftIsuDetail&isuCd=KR7304660004,data/krx/kind_details/KR7304660004.html,78ccf3b60143db71af28e958afb5e7099764ba7d49da0137379ab8deb001cfe6,,,,
304670,KR7304670003,KODEX 미국30년국채울트라선물인버스(H),2018-09-12,,S&P Ultra T-Bond Futures Index Inverse(ER),1X 인버스 (-1),https://kind.krx.co.kr/disclosure/etfisudetail.do?method=searchEftIsuDetail&isuCd=KR7304670003,data/krx/kind_details/KR7304670003.html,e4fa2e12c82204c63882eb721aae394af4aa1fef722726b609752f19d67c9057,,,,
481060,KR7481060002,KODEX 미국30년국채타겟커버드콜(합성 H),2024-04-30,,Bloomberg U.S.Treasury 20+ Year(TLT)+ 12% Premium Covered Call index(TR),일반 (1),https://kind.krx.co.kr/disclosure/etfisudetail.do?method=searchEftIsuDetail&isuCd=KR7481060002,data/krx/kind_details/KR7481060002.html,50c0c06352c273be5ade517cb3de5883f4264ca622ffc0c5bcb1558e85b6bb45,,,,
0173Y0,KR70173Y0005,KODEX 미국AI광통신네트워크,2026-03-31,,Akros 미국 AI 광통신 및 네트워크 인프라 지수(PR),일반 (1),https://kind.krx.co.kr/disclosure/etfisudetail.do?method=searchEftIsuDetail&isuCd=KR70173Y0005,data/krx/kind_details/KR70173Y0005.html,f36cfdffadd43eb7ce921c41e4caaaad249630b6108d3967a34810ff4939a11d,,,,
0151S0,KR70151S0009,KODEX 미국AI반도체TOP3플러스,2026-01-13,,Akros 미국 AI 반도체 Top 3 플러스 지수 (Price Return),일반 (1),https://kind.krx.co.kr/disclosure/etfisudetail.do?method=searchEftIsuDetail&isuCd=KR70151S0009,data/krx/kind_details/KR70151S0009.html,9912add01c1d1d501599aa66c78e82697e195d49494f9622cb70881501bf9b16,,,,
0041D0,KR70041D0000,KODEX 미국AI소프트웨어TOP10,2025-04-22,,,,https://data.krx.co.kr/comm/bldAttendant/getJsonData.cmd?bld=dbms/MDC/STAT/standard/MDCSTAT04601,data/krx/kind_details/KR70041D0000.html,e3b0c44298fc1c149afbf4c8996fb92427ae41e4649b934ca495991b7852b855,listing_date_missing,https://data.krx.co.kr/comm/bldAttendant/getJsonData.cmd?bld=dbms/MDC/STAT/standard/MDCSTAT04601,data/krx/etf_authenticated_master.json,a212d774f6e92cd83e37826483d3e3532247f0a18afc0d68eff1db91f9e49e5f
487230,KR7487230005,KODEX 미국AI전력핵심인프라,2024-07-09,,iSelect 미국AI전력핵심인프라 지수(Price Return),일반 (1),https://kind.krx.co.kr/disclosure/etfisudetail.do?method=searchEftIsuDetail&isuCd=KR7487230005,data/krx/kind_details/KR7487230005.html,744ff65bd403befaaac229d3cd1f27f2e03d6bfe2e13ba6aa8de3d6911b7aab9,,,,
485540,KR7485540009,KODEX 미국AI테크TOP10,2024-06-25,,,,https://data.krx.co.kr/comm/bldAttendant/getJsonData.cmd?bld=dbms/MDC/STAT/standard/MDCSTAT04601,data/krx/kind_details/KR7485540009.html,e3b0c44298fc1c149afbf4c8996fb92427ae41e4649b934ca495991b7852b855,listing_date_missing,https://data.krx.co.kr/comm/bldAttendant/getJsonData.cmd?bld=dbms/MDC/STAT/standard/MDCSTAT04601,data/krx/etf_authenticated_master.json,a212d774f6e92cd83e37826483d3e3532247f0a18afc0d68eff1db91f9e49e5f
483280,KR7483280004,KODEX 미국AI테크TOP10타겟커버드콜,2024-05-28,,KEDI 미국 AI 테크 TOP10+15%프리미엄 지수(Total Return),일반 (1),https://kind.krx.co.kr/disclosure/etfisudetail.do?method=searchEftIsuDetail&isuCd=KR7483280004,data/krx/kind_details/KR7483280004.html,eea0ae349058f6be0880a35da22cbcb3c5c5e81256dbe9ecbe6ee2dff94384eb,,,,
0225V0,KR70225V0006,KODEX 미국CPU반도체TOP10,2026-08-04,,Indxx US CPU Semiconductor TOP 10 Index (Price Return),일반 (1),https://kind.krx.co.kr/disclosure/etfisudetail.do?method=searchEftIsuDetail&isuCd=KR70225V0006,data/krx/kind_details/KR70225V0006.html,c95d719ffbdb98bed897d1541f0c145b04057a3f18f13f5e6468469299df9ebd,,,,
428560,KR7428560007,KODEX 미국ETF산업Top10 Indxx,2022-05-17,,,,https://data.krx.co.kr/comm/bldAttendant/getJsonData.cmd?bld=dbms/MDC/STAT/standard/MDCSTAT04601,data/krx/kind_details/KR7428560007.html,e3b0c44298fc1c149afbf4c8996fb92427ae41e4649b934ca495991b7852b855,listing_date_missing,https://data.krx.co.kr/comm/bldAttendant/getJsonData.cmd?bld=dbms/MDC/STAT/standard/MDCSTAT04601,data/krx/etf_authenticated_master.json,a212d774f6e92cd83e37826483d3e3532247f0a18afc0d68eff1db91f9e49e5f
200020,KR7200020006,KODEX 미국S&P IT(합성),2014-06-12,2019-09-20,S&P Select Sector Technology Index,일반 (1),https://kind.krx.co.kr/disclosure/etfisudetail.do?method=searchEftIsuDetail&isuCd=KR7200020006,data/krx/kind_authenticated_followup/KR7200020006.html,19e4661201ca56755ee9de2e46f776d517d0a3fab30b0c230a107f7454e714ea,,https://kind.krx.co.kr/disclosure/etfisudetail.do?method=searchEftIsuDetail&isuCd=KR7200020006,data/krx/kind_authenticated_followup/KR7200020006.html,19e4661201ca56755ee9de2e46f776d517d0a3fab30b0c230a107f7454e714ea
379800,KR7379800006,KODEX 미국S&P500,2021-04-09,,S&P 500 Total Return Index,일반 (1),https://kind.krx.co.kr/disclosure/etfisudetail.do?method=searchEftIsuDetail&isuCd=KR7379800006,data/krx/kind_details/KR7379800006.html,0e76e1be96e93557ab90900bb4a564d172dbf33b329e839b239f3c868a83620a,,,,
449180,KR7449180009,KODEX 미국S&P500(H),2022-12-02,,S&P 500,일반 (1),https://kind.krx.co.kr/disclosure/etfisudetail.do?method=searchEftIsuDetail&isuCd=KR7449180009,data/krx/kind_details/KR7449180009.html,947b05109879f7702dcaedded36d49350e5179c8d57a92f61c5ef7ae5b2f708d,,,,
453660,KR7453660003,KODEX 미국S&P500경기소비재,2023-03-21,,S&P Consumer Discretionary Select Sector Index(Price Return),일반 (1),https://kind.krx.co.kr/disclosure/etfisudetail.do?method=searchEftIsuDetail&isuCd=KR7453660003,data/krx/kind_details/KR7453660003.html,0e5cfdf3e61fd2b33a3ef6a6e1f56c411f51b09abab219eb721524c4ce6d5e98,,,,
453650,KR7453650004,KODEX 미국S&P500금융,2023-03-21,,S&P Financial Select Sector Index(Price Return),일반 (1),https://kind.krx.co.kr/disclosure/etfisudetail.do?method=searchEftIsuDetail&isuCd=KR7453650004,data/krx/kind_details/KR7453650004.html,fbd1bf29524589d82f1edbb8fdaff2bb3948233dc66687046e88ac8e0553426a,,,,
0005A0,KR70005A0007,KODEX 미국S&P500데일리커버드콜OTM,2025-01-07,,S&P 500 Covered Call 1% OTM Daily Index(TR),일반 (1),https://kind.krx.co.kr/disclosure/etfisudetail.do?method=searchEftIsuDetail&isuCd=KR70005A0007,data/krx/kind_details/KR70005A0007.html,543c1839a071a29449870f1b15b0b15b930dc3935cb2676fc79752afdd809f2b,,,,
276970,KR7276970001,KODEX 미국S&P500배당귀족커버드콜(합성 H),2017-08-10,,S&P500 Dividend Aristocrats Covered Call(7.2% Premium) Index,일반 (1),https://kind.krx.co.kr/disclosure/etfisudetail.do?method=searchEftIsuDetail&isuCd=KR7276970001,data/krx/kind_details/KR7276970001.html,2a8522ca39cde56607a7e5ab74183da2a930c2828fa18f670bcf26ccf8581c31,,,,
0026E0,KR70026E0008,KODEX 미국S&P500버퍼3월액티브,2025-03-25,,S&P500 10% Buffered Index March Series (USD) TR,일반 (1),https://kind.krx.co.kr/disclosure/etfisudetail.do?method=searchEftIsuDetail&isuCd=KR70026E0008,data/krx/kind_details/KR70026E0008.html,c67495a25e5ea38be782f1961904492a2c76a159d387743ac78ed7227ff7141f,,,,
0068M0,KR70068M0007,KODEX 미국S&P500버퍼6월액티브,2025-06-24,,S&P500 10% Buffered Index June Series (USD) TR,일반 (1),https://kind.krx.co.kr/disclosure/etfisudetail.do?method=searchEftIsuDetail&isuCd=KR70068M0007,data/krx/kind_details/KR70068M0007.html,c7579b6e902ab8ca7559545b8d45dee0e12f93f0f1df8d557eccb04040201998,,,,
0089C0,KR70089C0004,KODEX 미국S&P500변동성확대시커버드콜,2025-08-12,,,,https://data.krx.co.kr/comm/bldAttendant/getJsonData.cmd?bld=dbms/MDC/STAT/standard/MDCSTAT04601,data/krx/kind_details/KR70089C0004.html,e3b0c44298fc1c149afbf4c8996fb92427ae41e4649b934ca495991b7852b855,listing_date_missing,https://data.krx.co.kr/comm/bldAttendant/getJsonData.cmd?bld=dbms/MDC/STAT/standard/MDCSTAT04601,data/krx/etf_authenticated_master.json,a212d774f6e92cd83e37826483d3e3532247f0a18afc0d68eff1db91f9e49e5f
200030,KR7200030005,KODEX 미국S&P500산업재(합성),2014-06-12,,S&P Select Sector Industrial Index,일반 (1),https://kind.krx.co.kr/disclosure/etfisudetail.do?method=searchEftIsuDetail&isuCd=KR7200030005,data/krx/kind_details/KR7200030005.html,09bc0431342be60c0d5d0243cce396f5c464b51cbe5e4b62e8ee677791a1d844,,,,
219480,KR7219480001,KODEX 미국S&P500선물(H),2015-05-29,,S&P 500 Futures Total Return Index,일반 (1),https://kind.krx.co.kr/disclosure/etfisudetail.do?method=searchEftIsuDetail&isuCd=KR7219480001,data/krx/kind_details/KR7219480001.html,21dbd769b053db60970dc50a62af735eabb776b97f1cf792e6100e951b6008a4,,,,
0041E0,KR70041E0009,KODEX 미국S&P500액티브,2025-04-22,,,,https://data.krx.co.kr/comm/bldAttendant/getJsonData.cmd?bld=dbms/MDC/STAT/standard/MDCSTAT04601,data/krx/kind_details/KR70041E0009.html,e3b0c44298fc1c149afbf4c8996fb92427ae41e4649b934ca495991b7852b855,listing_date_missing,https://data.krx.co.kr/comm/bldAttendant/getJsonData.cmd?bld=dbms/MDC/STAT/standard/MDCSTAT04601,data/krx/etf_authenticated_master.json,a212d774f6e92cd83e37826483d3e3532247f0a18afc0d68eff1db91f9e49e5f
218420,KR7218420008,KODEX 미국S&P500에너지(합성),2015-04-28,,,,https://data.krx.co.kr/comm/bldAttendant/getJsonData.cmd?bld=dbms/MDC/STAT/standard/MDCSTAT04601,data/krx/kind_details/KR7218420008.html,e3b0c44298fc1c149afbf4c8996fb92427ae41e4649b934ca495991b7852b855,listing_date_missing,https://data.krx.co.kr/comm/bldAttendant/getJsonData.cmd?bld=dbms/MDC/STAT/standard/MDCSTAT04601,data/krx/etf_authenticated_master.json,a212d774f6e92cd83e37826483d3e3532247f0a18afc0d68eff1db91f9e49e5f
463640,KR7463640003,KODEX 미국S&P500유틸리티,2023-08-01,,S&P Utilities Select Sector Index(Price Return),일반 (1),https://kind.krx.co.kr/disclosure/etfisudetail.do?method=searchEftIsuDetail&isuCd=KR7463640003,data/krx/kind_details/KR7463640003.html,c820fa490f9a35182d47ca0194f2de9fbc00d80e3e6a96d93de3c68077a48441,,,,
463690,KR7463690008,KODEX 미국S&P500커뮤니케이션,2023-08-01,,S&P Communication Services Select Sector Index(Price Return),일반 (1),https://kind.krx.co.kr/disclosure/etfisudetail.do?method=searchEftIsuDetail&isuCd=KR7463690008,data/krx/kind_details/KR7463690008.html,5323046ce37b4955c17864f7a6e8563ac10fdbfce3ea1c18869f543a43257ccb,,,,
463680,KR7463680009,KODEX 미국S&P500테크놀로지,2023-08-01,,,,https://data.krx.co.kr/comm/bldAttendant/getJsonData.cmd?bld=dbms/MDC/STAT/standard/MDCSTAT04601,data/krx/kind_details/KR7463680009.html,e3b0c44298fc1c149afbf4c8996fb92427ae41e4649b934ca495991b7852b855,listing_date_missing,https://data.krx.co.kr/comm/bldAttendant/getJsonData.cmd?bld=dbms/MDC/STAT/standard/MDCSTAT04601,data/krx/etf_authenticated_master.json,a212d774f6e92cd83e37826483d3e3532247f0a18afc0d68eff1db91f9e49e5f
453630,KR7453630006,KODEX 미국S&P500필수소비재,2023-03-21,,S&P Consumer Staples Select Sector Index(Price Return),일반 (1),https://kind.krx.co.kr/disclosure/etfisudetail.do?method=searchEftIsuDetail&isuCd=KR7453630006,data/krx/kind_details/KR7453630006.html,4fdcdc5b4ceeba58cd1142017e9ca6c0d5d65b690dc5b798abf96cc184d1958e,,,,
453640,KR7453640005,KODEX 미국S&P500헬스케어,2023-03-21,,S&P Health Care Select Sector Index(Price Return),일반 (1),https://kind.krx.co.kr/disclosure/etfisudetail.do?method=searchEftIsuDetail&isuCd=KR7453640005,data/krx/kind_details/KR7453640005.html,f26ec0ea107af4ec9dd3eb2b89b9a1c61dc6fb345b58549e404169bf221e879e,,,,
200040,KR7200040004,KODEX 미국S&P금융(합성),2014-06-12,2019-09-20,S&P Select Sector Financials Index,일반 (1),https://kind.krx.co.kr/disclosure/etfisudetail.do?method=searchEftIsuDetail&isuCd=KR7200040004,data/krx/kind_details/KR7200040004.html,abff90c4dc18b059f4c502bc2abc16ba0609655ce49f120cc7015460a6b7f6e1,,,,
185680,KR7185680006,KODEX 미국S&P바이오(합성),2013-10-31,,S&P Biotechnology Select Industry Index,일반 (1),https://kind.krx.co.kr/disclosure/etfisudetail.do?method=searchEftIsuDetail&isuCd=KR7185680006,data/krx/kind_details/KR7185680006.html,709a55fbd82be66dcac285bbf0c276de1840c819d6b13ea70eaee6b5aa3dd94a,,,,
0028X0,KR70028X0003,KODEX 미국금융테크액티브,2025-05-27,,iSelect 미국 차세대 파이낸셜 테크 지수(시장가격),일반 (1),https://kind.krx.co.kr/disclosure/etfisudetail.do?method=searchEftIsuDetail&isuCd=KR70028X0003,data/krx/kind_details/KR70028X0003.html,75861a112c0dd3705ef041349e435fcc5639d0ccc4a840170b0aebedcd096182,,,,
379810,KR7379810005,KODEX 미국나스닥100,2021-04-09,,NASDAQ-100 Total Return Index,일반 (1),https://kind.krx.co.kr/disclosure/etfisudetail.do?method=searchEftIsuDetail&isuCd=KR7379810005,data/krx/kind_details/KR7379810005.html,58f1efb04f547764681650ac048389ead36d795e5f816849eb24c113b6b5c435,,,,
449190,KR7449190008,KODEX 미국나스닥100(H),2022-12-02,,NASDAQ 100,일반 (1),https://kind.krx.co.kr/disclosure/etfisudetail.do?method=searchEftIsuDetail&isuCd=KR7449190008,data/krx/kind_details/KR7449190008.html,b928f36fcf5bbfebacaf89a1c9522db3b6fc88744c832ea4765d802a3deaee5c,,,,
494300,KR7494300007,KODEX 미국나스닥100데일리커버드콜OTM,2024-10-22,,,,https://data.krx.co.kr/comm/bldAttendant/getJsonData.cmd?bld=dbms/MDC/STAT/standard/MDCSTAT04601,data/krx/kind_details/KR7494300007.html,e3b0c44298fc1c149afbf4c8996fb92427ae41e4649b934ca495991b7852b855,listing_date_missing,https://data.krx.co.kr/comm/bldAttendant/getJsonData.cmd?bld=dbms/MDC/STAT/standard/MDCSTAT04601,data/krx/etf_authenticated_master.json,a212d774f6e92cd83e37826483d3e3532247f0a18afc0d68eff1db91f9e49e5f
409820,KR7409820008,KODEX 미국나스닥100레버리지(합성 H),2021-12-09,,NASDAQ100 Leveraged Index,2X 레버리지 (2),https://kind.krx.co.kr/disclosure/etfisudetail.do?method=searchEftIsuDetail&isuCd=KR7409820008,data/krx/kind_details/KR7409820008.html,d7fe9947d68c04d80348abb31fbf50481ee3b6a7153caa0441c1119d0c0094c4,,,,
304940,KR7304940000,KODEX 미국나스닥100선물(H),2018-08-30,,NASDAQ 100,일반 (1),https://kind.krx.co.kr/disclosure/etfisudetail.do?method=searchEftIsuDetail&isuCd=KR7304940000,data/krx/kind_details/KR7304940000.html,45cf5589ba2a902401353ae728432b752f08d2aa6a3a5fb7eccb6dd6cda817cc,,,,
409810,KR7409810009,KODEX 미국나스닥100선물인버스(H),2021-12-09,,NASDAQ100 1x Short Index,1X 인버스 (-1),https://kind.krx.co.kr/disclosure/etfisudetail.do?method=searchEftIsuDetail&isuCd=KR7409810009,data/krx/kind_details/KR7409810009.html,3b38bd09d675d89a883e4a214ae7b974edc14efacff8385dc3bce14005a98af2,,,,
411420,KR7411420003,KODEX 미국나스닥AI테크액티브,2021-12-22,,,,https://data.krx.co.kr/comm/bldAttendant/getJsonData.cmd?bld=dbms/MDC/STAT/standard/MDCSTAT04601,data/krx/kind_details/KR7411420003.html,e3b0c44298fc1c149afbf4c8996fb92427ae41e4649b934ca495991b7852b855,listing_date_missing,https://data.krx.co.kr/comm/bldAttendant/getJsonData.cmd?bld=dbms/MDC/STAT/standard/MDCSTAT04601,data/krx/etf_authenticated_master.json,a212d774f6e92cd83e37826483d3e3532247f0a18afc0d68eff1db91f9e49e5f
455030,KR7455030007,KODEX 미국달러SOFR금리액티브(합성),2023-04-04,,Bloomberg SOFR Daily Total Return Index,일반 (1),https://kind.krx.co.kr/disclosure/etfisudetail.do?method=searchEftIsuDetail&isuCd=KR7455030007,data/krx/kind_details/KR7455030007.html,9e74e70f62b4afa8b5f7bf9898884a4ae138d07f64a2833fdd0f444f9229c612,,,,
261240,KR7261240006,KODEX 미국달러선물,2016-12-27,,미국달러 선물지수,일반 (1),https://kind.krx.co.kr/disclosure/etfisudetail.do?method=searchEftIsuDetail&isuCd=KR7261240006,data/krx/kind_details/KR7261240006.html,6cb8e8a0601ee061140d7ef36129bca395defdacb95ec7e945b6956dd988cfb1,,,,
261250,KR7261250005,KODEX 미국달러선물레버리지,2016-12-27,,미국달러 선물 레버리지지수,2X 레버리지 (2),https://kind.krx.co.kr/disclosure/etfisudetail.do?method=searchEftIsuDetail&isuCd=KR7261250005,data/krx/kind_details/KR7261250005.html,2c317776dc35480fdca9eae02546646cbb9f1ad56d750c91ea36bbc93dbad93a,,,,
261270,KR7261270003,KODEX 미국달러선물인버스,2016-12-27,,미국달러 선물 인버스지수,1X 인버스 (-1),https://kind.krx.co.kr/disclosure/etfisudetail.do?method=searchEftIsuDetail&isuCd=KR7261270003,data/krx/kind_details/KR7261270003.html,eef78e69e9c35bd10d50fa1c2bf12fd2e53927938c724d0f7dc2d9d01b0bf9dd,,,,
261260,KR7261260004,KODEX 미국달러선물인버스2X,2016-12-27,,,,https://data.krx.co.kr/comm/bldAttendant/getJsonData.cmd?bld=dbms/MDC/STAT/standard/MDCSTAT04601,data/krx/kind_details/KR7261260004.html,e3b0c44298fc1c149afbf4c8996fb92427ae41e4649b934ca495991b7852b855,listing_date_missing,https://data.krx.co.kr/comm/bldAttendant/getJsonData.cmd?bld=dbms/MDC/STAT/standard/MDCSTAT04601,data/krx/etf_authenticated_master.json,a212d774f6e92cd83e37826483d3e3532247f0a18afc0d68eff1db91f9e49e5f
0144M0,KR70144M0005,KODEX 미국드론UAM TOP10,2025-12-23,,iSelect 미국드론UAM TOP10 지수(Price Return),일반 (1),https://kind.krx.co.kr/disclosure/etfisudetail.do?method=searchEftIsuDetail&isuCd=KR70144M0005,data/krx/kind_details/KR70144M0005.html,8a1e057345cd4d5c4e6af6cfb7993beac051bc9e1e0187f8dd50ca2ba9a1bab7,,,,
280930,KR7280930009,KODEX 미국러셀2000(H),2017-11-09,,FTSE Russell 2000 Index,일반 (1),https://kind.krx.co.kr/disclosure/etfisudetail.do?method=searchEftIsuDetail&isuCd=KR7280930009,data/krx/kind_details/KR7280930009.html,ab06ed7c5015991e0bb81b312e0741f2be80a4937bbea436c1402520fad4ddf6,,,,
0048J0,KR70048J0007,KODEX 미국머니마켓액티브,2025-05-13,,KAP 미국 머니마켓 지수,일반 (1),https://kind.krx.co.kr/disclosure/etfisudetail.do?method=searchEftIsuDetail&isuCd=KR70048J0007,data/krx/kind_details/KR70048J0007.html,94ff59748ad2b48cc0eb912158008f4964c43962ae8edca33fd2e1f5188ce1bd,,,,
390390,KR7390390003,KODEX 미국반도체,2021-06-30,,,,https://data.krx.co.kr/comm/bldAttendant/getJsonData.cmd?bld=dbms/MDC/STAT/standard/MDCSTAT04601,data/krx/kind_details/KR7390390003.html,e3b0c44298fc1c149afbf4c8996fb92427ae41e4649b934ca495991b7852b855,listing_date_missing,https://data.krx.co.kr/comm/bldAttendant/getJsonData.cmd?bld=dbms/MDC/STAT/standard/MDCSTAT04601,data/krx/etf_authenticated_master.json,a212d774f6e92cd83e37826483d3e3532247f0a18afc0d68eff1db91f9e49e5f
489250,KR7489250001,KODEX 미국배당다우존스,2024-08-13,,,,https://data.krx.co.kr/comm/bldAttendant/getJsonData.cmd?bld=dbms/MDC/STAT/standard/MDCSTAT04601,data/krx/kind_details/KR7489250001.html,e3b0c44298fc1c149afbf4c8996fb92427ae41e4649b934ca495991b7852b855,listing_date_missing,https://data.krx.co.kr/comm/bldAttendant/getJsonData.cmd?bld=dbms/MDC/STAT/standard/MDCSTAT04601,data/krx/etf_authenticated_master.json,a212d774f6e92cd83e37826483d3e3532247f0a18afc0d68eff1db91f9e49e5f
483290,KR7483290003,KODEX 미국배당다우존스타겟커버드콜,2024-05-28,,,,https://data.krx.co.kr/comm/bldAttendant/getJsonData.cmd?bld=dbms/MDC/STAT/standard/MDCSTAT04601,data/krx/kind_details/KR7483290003.html,e3b0c44298fc1c149afbf4c8996fb92427ae41e4649b934ca495991b7852b855,listing_date_missing,https://data.krx.co.kr/comm/bldAttendant/getJsonData.cmd?bld=dbms/MDC/STAT/standard/MDCSTAT04601,data/krx/etf_authenticated_master.json,a212d774f6e92cd83e37826483d3e3532247f0a18afc0d68eff1db91f9e49e5f
441640,KR7441640000,KODEX 미국배당커버드콜액티브,2022-09-27,,,,https://data.krx.co.kr/comm/bldAttendant/getJsonData.cmd?bld=dbms/MDC/STAT/standard/MDCSTAT04601,data/krx/kind_details/KR7441640000.html,e3b0c44298fc1c149afbf4c8996fb92427ae41e4649b934ca495991b7852b855,listing_date_missing,https://data.krx.co.kr/comm/bldAttendant/getJsonData.cmd?bld=dbms/MDC/STAT/standard/MDCSTAT04601,data/krx/etf_authenticated_master.json,a212d774f6e92cd83e37826483d3e3532247f0a18afc0d68eff1db91f9e49e5f
352560,KR7352560007,KODEX 미국부동산리츠(H),2020-05-13,,Dow Jones U.S. Real Estate PR Index,일반 (1),https://kind.krx.co.kr/disclosure/etfisudetail.do?method=searchEftIsuDetail&isuCd=KR7352560007,data/krx/kind_details/KR7352560007.html,cee1e7c2c343be854477561015eae8ccd4a903397e8590f0e7c1cc9c93c371fc,,,,
314250,KR7314250002,KODEX 미국빅테크10(H),2019-01-10,,NYSE U.S. Big TECH 10 INDEX,일반 (1),https://kind.krx.co.kr/disclosure/etfisudetail.do?method=searchEftIsuDetail&isuCd=KR7314250002,data/krx/kind_details/KR7314250002.html,d2aefb12a0af283314c469d10a86e8407556a58e5a7e3e8b0344248bbb153c27,,,,
473460,KR7473460004,KODEX 미국서학개미,2023-12-27,,iSelect 서학개미 지수(PR),일반 (1),https://kind.krx.co.kr/disclosure/etfisudetail.do?method=searchEftIsuDetail&isuCd=KR7473460004,data/krx/kind_details/KR7473460004.html,901291c285d0e8d6263bc3e36ae460c4d581dfc7c1bde391f54b214af1298df6,,,,
0144L0,KR70144L0006,KODEX 미국성장커버드콜액티브,2025-12-23,,NASDAQ 100,일반 (1),https://kind.krx.co.kr/disclosure/etfisudetail.do?method=searchEftIsuDetail&isuCd=KR70144L0006,data/krx/kind_details/KR70144L0006.html,ac2b093762837ffeae6e49a4cff48eb4d01a63ae801d0b2f9aba02aba11f90b1,,,,
390400,KR7390400000,KODEX 미국스마트모빌리티S&P,2021-06-30,,S&P Kensho Smart Transportation Index,일반 (1),https://kind.krx.co.kr/disclosure/etfisudetail.do?method=searchEftIsuDetail&isuCd=KR7390400000,data/krx/kind_details/KR7390400000.html,c7a560138c296ff62ad64ec1c334a33ccaa3b501222d141dc0254bda2996cb38,,,,
0167Z0,KR70167Z0002,KODEX 미국우주항공,2026-03-17,,iSelect 미국우주항공지수(Price Return),일반 (1),https://kind.krx.co.kr/disclosure/etfisudetail.do?method=searchEftIsuDetail&isuCd=KR70167Z0002,data/krx/kind_details/KR70167Z0002.html,843cf235c085945c615a48a6370a53195659f0a77737a7b2dd626c129411ab6b,,,,
0132H0,KR70132H0006,KODEX 미국원자력SMR,2025-11-25,,,,https://data.krx.co.kr/comm/bldAttendant/getJsonData.cmd?bld=dbms/MDC/STAT/standard/MDCSTAT04601,data/krx/kind_details/KR70132H0006.html,e3b0c44298fc1c149afbf4c8996fb92427ae41e4649b934ca495991b7852b855,listing_date_missing,https://data.krx.co.kr/comm/bldAttendant/getJsonData.cmd?bld=dbms/MDC/STAT/standard/MDCSTAT04601,data/krx/etf_authenticated_master.json,a212d774f6e92cd83e37826483d3e3532247f0a18afc0d68eff1db91f9e49e5f
437080,KR7437080005,KODEX 미국종합채권ESG액티브(H),2022-08-09,,Bloomberg MSCI US Aggregate 2bn ex Securitized SRI Capped Index(Total Return),일반 (1),https://kind.krx.co.kr/disclosure/etfisudetail.do?method=searchEftIsuDetail&isuCd=KR7437080005,data/krx/kind_details/KR7437080005.html,e8e68ff866d6c56692eabf34c2e0f653d1cf2da204e001a901368722b2763d49,,,,
419420,KR7419420005,KODEX 미국클린에너지나스닥,2022-03-22,,Nasdaq Clean Edge Green Energy Index (Price Return),일반 (1),https://kind.krx.co.kr/disclosure/etfisudetail.do?method=searchEftIsuDetail&isuCd=KR7419420005,data/krx/kind_details/KR7419420005.html,0ce595c3c023c8bfea6f5d1bcbed67aac7d487efa85ea0a1a503fabccb7cfb50,,,,
491090,KR7491090007,KODEX 미국테크TOP3플러스,2024-09-10,,KEDI 미국테크TOP3플러스 지수(Price Return),일반 (1),https://kind.krx.co.kr/disclosure/etfisudetail.do?method=searchEftIsuDetail&isuCd=KR7491090007,data/krx/kind_details/KR7491090007.html,9a3791b8f0e77434af458a2457c2c919de7b2f0628fd5345418a09a77f07c1ff,,,,
0038A0,KR70038A0008,KODEX 미국휴머노이드로봇,2025-04-15,,iSelect 미국 휴머노이드 로봇 지수(Price Return),일반 (1),https://kind.krx.co.kr/disclosure/etfisudetail.do?method=searchEftIsuDetail&isuCd=KR70038A0008,data/krx/kind_details/KR70038A0008.html,52f8e82e65016c61a26d446dff1835bf187c849034147adcd8baa7c0fd359420,,,,
244580,KR7244580007,KODEX 바이오,2016-05-13,,FnGuide 바이오 지수,일반 (1),https://kind.krx.co.kr/disclosure/etfisudetail.do?method=searchEftIsuDetail&isuCd=KR7244580007,data/krx/kind_details/KR7244580007.html,e73482872c0a7c447c2e0ac8fe7eaaae21f86f92f28de5a5f805892b5f6a11bc,,,,
091160,KR7091160002,KODEX 반도체,2006-06-27,,,,https://data.krx.co.kr/comm/bldAttendant/getJsonData.cmd?bld=dbms/MDC/STAT/standard/MDCSTAT04601,data/krx/kind_details/KR7091160002.html,e3b0c44298fc1c149afbf4c8996fb92427ae41e4649b934ca495991b7852b855,listing_date_missing,https://data.krx.co.kr/comm/bldAttendant/getJsonData.cmd?bld=dbms/MDC/STAT/standard/MDCSTAT04601,data/krx/etf_authenticated_master.json,a212d774f6e92cd83e37826483d3e3532247f0a18afc0d68eff1db91f9e49e5f
494310,KR7494310006,KODEX 반도체레버리지,2024-10-22,,KRX 반도체 레버리지 지수,2X 레버리지 (2),https://kind.krx.co.kr/disclosure/etfisudetail.do?method=searchEftIsuDetail&isuCd=KR7494310006,data/krx/kind_details/KR7494310006.html,61efb5b98e64bdc265aa35524be1cb4600cd50341801fb35520bbf2007de481f,,,,
0190G0,KR70190G0006,KODEX 반도체타겟위클리커버드콜,2026-05-12,,KRX 반도체 타겟9% 분배 위클리 커버드콜 지수,일반 (1),https://kind.krx.co.kr/disclosure/etfisudetail.do?method=searchEftIsuDetail&isuCd=KR70190G0006,data/krx/kind_details/KR70190G0006.html,199e0d6528e5f6cebf6fdf878861911504dae194ccd7507adab534659981c8ab,,,,
0080G0,KR70080G0009,KODEX 방산TOP10,2025-07-15,,iSelect 방산 TOP10 지수(Price Return),일반 (1),https://kind.krx.co.kr/disclosure/etfisudetail.do?method=searchEftIsuDetail&isuCd=KR70080G0009,data/krx/kind_details/KR70080G0009.html,7daee6da50ea736219f26bf45035f1fde3195f7b61d1f71fdc9904fa6c0919b4,,,,
0100K0,KR70100K0009,KODEX 방산TOP10레버리지,2025-09-16,,,,https://data.krx.co.kr/comm/bldAttendant/getJsonData.cmd?bld=dbms/MDC/STAT/standard/MDCSTAT04601,data/krx/kind_details/KR70100K0009.html,e3b0c44298fc1c149afbf4c8996fb92427ae41e4649b934ca495991b7852b855,listing_date_missing,https://data.krx.co.kr/comm/bldAttendant/getJsonData.cmd?bld=dbms/MDC/STAT/standard/MDCSTAT04601,data/krx/etf_authenticated_master.json,a212d774f6e92cd83e37826483d3e3532247f0a18afc0d68eff1db91f9e49e5f
325020,KR7325020006,KODEX 배당가치,2019-05-31,,FnGuide SLV 배당가치 지수,일반 (1),https://kind.krx.co.kr/disclosure/etfisudetail.do?method=searchEftIsuDetail&isuCd=KR7325020006,data/krx/kind_details/KR7325020006.html,45a81f80830216a9354d60436aba2ac349a0c13fe1383f7483acfe5d4e940c3d,,,,
244670,KR7244670006,KODEX 밸류Plus,2016-05-13,,,,https://data.krx.co.kr/comm/bldAttendant/getJsonData.cmd?bld=dbms/MDC/STAT/standard/MDCSTAT04601,data/krx/kind_details/KR7244670006.html,e3b0c44298fc1c149afbf4c8996fb92427ae41e4649b934ca495991b7852b855,listing_date_missing,https://data.krx.co.kr/comm/bldAttendant/getJsonData.cmd?bld=dbms/MDC/STAT/standard/MDCSTAT04601,data/krx/etf_authenticated_master.json,a212d774f6e92cd83e37826483d3e3532247f0a18afc0d68eff1db91f9e49e5f
140700,KR7140700006,KODEX 보험,2011-04-26,,KRX 보험,일반 (1),https://kind.krx.co.kr/disclosure/etfisudetail.do?method=searchEftIsuDetail&isuCd=KR7140700006,data/krx/kind_details/KR7140700006.html,751e8dbf67bcb886115de6657ea682db41bb322fa53c9fb7e65354f989449a54,,,,
102780,KR7102780004,KODEX 삼성그룹,2008-05-21,,MKF 삼성그룹지수,일반 (1),https://kind.krx.co.kr/disclosure/etfisudetail.do?method=searchEftIsuDetail&isuCd=KR7102780004,data/krx/kind_details/KR7102780004.html,af8d1a5b3ccec29f9ea0608be333b99cce0b713c34bf585f2f2f40f12b5f5738,,,,
213610,KR7213610009,KODEX 삼성그룹밸류,2015-01-08,,WISE 삼성그룹밸류 인덱스,일반 (1),https://kind.krx.co.kr/disclosure/etfisudetail.do?method=searchEftIsuDetail&isuCd=KR7213610009,data/krx/kind_details/KR7213610009.html,85610e164f51491e41d230580101be1b64cda426f4e9d6664f224e9b2e04f2f2,,,,
0177N0,KR70177N0004,KODEX 삼성전자SK하이닉스채권혼합50,2026-04-07,,Wise 삼성전자 SK하이닉스 채권혼합 지수,일반 (1),https://kind.krx.co.kr/disclosure/etfisudetail.do?method=searchEftIsuDetail&isuCd=KR70177N0004,data/krx/kind_details/KR70177N0004.html,3b8ad8238c0ddcd43f5e5794da605863a5bcd18f3216c6c8f97f501dcd507d17,,,,
0193W0,KR70193W0003,KODEX 삼성전자단일종목레버리지,2026-05-27,,,,https://data.krx.co.kr/comm/bldAttendant/getJsonData.cmd?bld=dbms/MDC/STAT/standard/MDCSTAT04601,data/krx/kind_details/KR70193W0003.html,e3b0c44298fc1c149afbf4c8996fb92427ae41e4649b934ca495991b7852b855,listing_date_missing,https://data.krx.co.kr/comm/bldAttendant/getJsonData.cmd?bld=dbms/MDC/STAT/standard/MDCSTAT04601,data/krx/etf_authenticated_master.json,a212d774f6e92cd83e37826483d3e3532247f0a18afc0d68eff1db91f9e49e5f
448330,KR7448330001,KODEX 삼성전자채권혼합,2022-11-29,,Wise 삼성전자채권혼합 지수,일반 (1),https://kind.krx.co.kr/disclosure/etfisudetail.do?method=searchEftIsuDetail&isuCd=KR7448330001,data/krx/kind_details/KR7448330001.html,bc4c4944b27aacc074fe6a0af1cd315ac01623cee96e7b0689d330b765574250,,,,
325010,KR7325010007,KODEX 성장주,2019-05-31,,FnGuide 성장 지수(PR),일반 (1),https://kind.krx.co.kr/disclosure/etfisudetail.do?method=searchEftIsuDetail&isuCd=KR7325010007,data/krx/kind_details/KR7325010007.html,14c17eb18883a233f050b82c18e22f046c8f3b16bcd9e8947b1f23c2bd3b1526,,,,
247790,KR7247790009,KODEX 성장투자,2016-06-24,2020-09-28,FnGuide 성장투자형 지수,일반 (1),https://kind.krx.co.kr/disclosure/etfisudetail.do?method=searchEftIsuDetail&isuCd=KR7247790009,data/krx/kind_details/KR7247790009.html,51067ecc3b80568420df2c356ff2a1b65aa12b74c7f94bd096ea646fbf92f676,,,,
136280,KR7136280005,KODEX 소비재,2010-12-07,2017-05-25,MKF 핵심소비재,일반 (1),https://kind.krx.co.kr/disclosure/etfisudetail.do?method=searchEftIsuDetail&isuCd=KR7136280005,data/krx/kind_details/KR7136280005.html,4b94237935d8b255cf81b5ff0c78de309a321263da9e6252734449dbbf7bcb3b,,,,
385510,KR7385510003,KODEX 신재생에너지액티브,2021-05-25,,FnGuide K-신재생에너지플러스 지수,일반 (1),https://kind.krx.co.kr/disclosure/etfisudetail.do?method=searchEftIsuDetail&isuCd=KR7385510003,data/krx/kind_details/KR7385510003.html,0a8431c47e2e550d2e0a373ca56e8f18d5bf1bf40654a0a0a249f51273a85e98,,,,
446690,KR7446690000,KODEX 아시아AI반도체exChina액티브,2023-02-01,,iSelect 아시아반도체 제조동맹 지수(시장가격),일반 (1),https://kind.krx.co.kr/disclosure/etfisudetail.do?method=searchEftIsuDetail&isuCd=KR7446690000,data/krx/kind_details/KR7446690000.html,d290057aa5f584d66ae0ba1918e81b0581d75c18757b99762ca9f21d4fd2f8af,,,,
437070,KR7437070006,KODEX 아시아달러채권ESG플러스액티브,2022-08-09,,Bloomberg MSCI EM Asia Investment Grade Credit SRI Index(Total Return),일반 (1),https://kind.krx.co.kr/disclosure/etfisudetail.do?method=searchEftIsuDetail&isuCd=KR7437070006,data/krx/kind_details/KR7437070006.html,4abc3c01e08937b2eff8d6ec80b5d29cfd1f1b68d27b1b11a1237be65eaabb99,,,,
117460,KR7117460006,KODEX 에너지화학,2009-10-12,,,,https://data.krx.co.kr/comm/bldAttendant/getJsonData.cmd?bld=dbms/MDC/STAT/standard/MDCSTAT04601,data/krx/kind_details/KR7117460006.html,e3b0c44298fc1c149afbf4c8996fb92427ae41e4649b934ca495991b7852b855,listing_date_missing,https://data.krx.co.kr/comm/bldAttendant/getJsonData.cmd?bld=dbms/MDC/STAT/standard/MDCSTAT04601,data/krx/etf_authenticated_master.json,a212d774f6e92cd83e37826483d3e3532247f0a18afc0d68eff1db91f9e49e5f
275300,KR7275300002,KODEX 우량주,2017-07-11,,MSCI Korea IMI Quality Capped,일반 (1),https://kind.krx.co.kr/disclosure/etfisudetail.do?method=searchEftIsuDetail&isuCd=KR7275300002,data/krx/kind_details/KR7275300002.html,eb48998e21ecb1c44d0d3311e569fcf6db1b0c907c6ddfa72269998775a3ba3e,,,,
140710,KR7140710005,KODEX 운송,2011-04-26,,KRX 운송,일반 (1),https://kind.krx.co.kr/disclosure/etfisudetail.do?method=searchEftIsuDetail&isuCd=KR7140710005,data/krx/kind_details/KR7140710005.html,049fae02a3a24f1134fd5f0ca5fec4c8499f3f2b37eda21df78edca9b805d4ea,,,,
0098F0,KR70098F0000,KODEX 원자력SMR,2025-09-16,,iSelect 원자력SMR 지수(Price Return),일반 (1),https://kind.krx.co.kr/disclosure/etfisudetail.do?method=searchEftIsuDetail&isuCd=KR70098F0000,data/krx/kind_details/KR70098F0000.html,133a4707cc2432cb0e5b9ae372835fda1d3455801877599ac376b79fc0e23d9d,,,,
395150,KR7395150006,KODEX 웹툰&드라마,2021-07-30,,FnGuide 웹툰&드라마 지수,일반 (1),https://kind.krx.co.kr/disclosure/etfisudetail.do?method=searchEftIsuDetail&isuCd=KR7395150006,data/krx/kind_details/KR7395150006.html,b6e39910dc540a995ab5e3356af8d1c58cc3900ed82ae7d9e8d441538f69b563,,,,
456250,KR7456250000,KODEX 유럽명품TOP10 STOXX,2023-04-25,,STOXX Europe Luxury 10 Index(Price Return),일반 (1),https://kind.krx.co.kr/disclosure/etfisudetail.do?method=searchEftIsuDetail&isuCd=KR7456250000,data/krx/kind_details/KR7456250000.html,3514b9361eef88592026d50f7545df1a6ddde00e2d13685ecb92b10a8872e8c8,,,,
400570,KR7400570008,KODEX 유럽탄소배출권선물ICE(H),2021-09-30,,ICE EUA Carbon Futures Index(Excess Return),일반 (1),https://kind.krx.co.kr/disclosure/etfisudetail.do?method=searchEftIsuDetail&isuCd=KR7400570008,data/krx/kind_details/KR7400570008.html,b8e1a19043464a437601d43c963028efb7240e205f15767c5298fb672ca75f8f,,,,
144600,KR7144600004,KODEX 은선물(H),2011-07-18,,,,https://data.krx.co.kr/comm/bldAttendant/getJsonData.cmd?bld=dbms/MDC/STAT/standard/MDCSTAT04601,data/krx/kind_details/KR7144600004.html,e3b0c44298fc1c149afbf4c8996fb92427ae41e4649b934ca495991b7852b855,listing_date_missing,https://data.krx.co.kr/comm/bldAttendant/getJsonData.cmd?bld=dbms/MDC/STAT/standard/MDCSTAT04601,data/krx/etf_authenticated_master.json,a212d774f6e92cd83e37826483d3e3532247f0a18afc0d68eff1db91f9e49e5f
091170,KR7091170001,KODEX 은행,2006-06-27,,,,https://data.krx.co.kr/comm/bldAttendant/getJsonData.cmd?bld=dbms/MDC/STAT/standard/MDCSTAT04601,data/krx/kind_details/KR7091170001.html,e3b0c44298fc1c149afbf4c8996fb92427ae41e4649b934ca495991b7852b855,listing_date_missing,https://data.krx.co.kr/comm/bldAttendant/getJsonData.cmd?bld=dbms/MDC/STAT/standard/MDCSTAT04601,data/krx/etf_authenticated_master.json,a212d774f6e92cd83e37826483d3e3532247f0a18afc0d68eff1db91f9e49e5f
453810,KR7453810004,KODEX 인도Nifty50,2023-04-21,,Nifty 50 Index,일반 (1),https://kind.krx.co.kr/disclosure/etfisudetail.do?method=searchEftIsuDetail&isuCd=KR7453810004,data/krx/kind_details/KR7453810004.html,871bf1a10efcb11d32363251ad477a10c8ef61068cbfb0374f39493f30c276b4,,,,
453820,KR7453820003,KODEX 인도Nifty50레버리지(합성),2023-04-21,,,,https://data.krx.co.kr/comm/bldAttendant/getJsonData.cmd?bld=dbms/MDC/STAT/standard/MDCSTAT04601,data/krx/kind_details/KR7453820003.html,e3b0c44298fc1c149afbf4c8996fb92427ae41e4649b934ca495991b7852b855,listing_date_missing,https://data.krx.co.kr/comm/bldAttendant/getJsonData.cmd?bld=dbms/MDC/STAT/standard/MDCSTAT04601,data/krx/etf_authenticated_master.json,a212d774f6e92cd83e37826483d3e3532247f0a18afc0d68eff1db91f9e49e5f
0000H0,KR70000H0005,KODEX 인도Nifty미드캡100,2025-04-08,,Nifty Midcap 100 Index(PR),일반 (1),https://kind.krx.co.kr/disclosure/etfisudetail.do?method=searchEftIsuDetail&isuCd=KR70000H0005,data/krx/kind_details/KR70000H0005.html,bd428415533bf14b0a189f6fa45b521cd3f4530526b6e4333389a5fdd36e33a9,,,,
477730,KR7477730006,KODEX 인도타타그룹,2024-05-08,,Nifty India Corporate Group Index - Tata Group 25% Cap(PR),일반 (1),https://kind.krx.co.kr/disclosure/etfisudetail.do?method=searchEftIsuDetail&isuCd=KR7477730006,data/krx/kind_details/KR7477730006.html,57ed7c0001e8495d241798520f97368910cd0ba109dd8538bf0325b0d60124b7,,,,
114800,KR7114800006,KODEX 인버스,2009-09-16,,코스피 200 선물인버스 지수,1X 인버스 (-1),https://kind.krx.co.kr/disclosure/etfisudetail.do?method=searchEftIsuDetail&isuCd=KR7114800006,data/krx/kind_details/KR7114800006.html,87a14c138c9111e2ab39a4183bcb0e026daeee234da04c9a0d8fd35360be31e1,,,,
101280,KR7101280006,KODEX 일본TOPIX100,2008-02-20,,TOPIX100,일반 (1),https://kind.krx.co.kr/disclosure/etfisudetail.do?method=searchEftIsuDetail&isuCd=KR7101280006,data/krx/kind_details/KR7101280006.html,bbe8124f494008784c72553e339faa47b0f1265d2d1673c390ee3c4fede2aef1,,,,
352540,KR7352540009,KODEX 일본부동산리츠(H),2020-05-13,,Tokyo Stock Exchange REIT Index,일반 (1),https://kind.krx.co.kr/disclosure/etfisudetail.do?method=searchEftIsuDetail&isuCd=KR7352540009,data/krx/kind_details/KR7352540009.html,be4dbbcceddf21f4de8a98329898b210be7b2c5705abf2b1b86698430d0fc829,,,,
091180,KR7091180000,KODEX 자동차,2006-06-27,,KRX 자동차,일반 (1),https://kind.krx.co.kr/disclosure/etfisudetail.do?method=searchEftIsuDetail&isuCd=KR7091180000,data/krx/kind_details/KR7091180000.html,7b347db17892425f93453aad8b837f38fab42b69c85ed68e0cc6fef3d69f26e6,,,,
385520,KR7385520002,KODEX 자율주행액티브,2021-05-25,,,,https://data.krx.co.kr/comm/bldAttendant/getJsonData.cmd?bld=dbms/MDC/STAT/standard/MDCSTAT04601,data/krx/kind_details/KR7385520002.html,e3b0c44298fc1c149afbf4c8996fb92427ae41e4649b934ca495991b7852b855,listing_date_missing,https://data.krx.co.kr/comm/bldAttendant/getJsonData.cmd?bld=dbms/MDC/STAT/standard/MDCSTAT04601,data/krx/etf_authenticated_master.json,a212d774f6e92cd83e37826483d3e3532247f0a18afc0d68eff1db91f9e49e5f
363570,KR7363570003,KODEX 장기종합채권(AA-이상)액티브,2020-09-25,,"KAP 한국장기종합채권지수(AA-이상, 총수익)",일반 (1),https://kind.krx.co.kr/disclosure/etfisudetail.do?method=searchEftIsuDetail&isuCd=KR7363570003,data/krx/kind_details/KR7363570003.html,ef71f725fc34744d976387511c4439421331e436915483ae4d0b72ef252db08d,,,,
0209D0,KR70209D0008,KODEX 전고체배터리ESS TOP2플러스,2026-06-23,,,,https://data.krx.co.kr/comm/bldAttendant/getJsonData.cmd?bld=dbms/MDC/STAT/standard/MDCSTAT04601,data/krx/kind_details/KR70209D0008.html,e3b0c44298fc1c149afbf4c8996fb92427ae41e4649b934ca495991b7852b855,listing_date_missing,https://data.krx.co.kr/comm/bldAttendant/getJsonData.cmd?bld=dbms/MDC/STAT/standard/MDCSTAT04601,data/krx/etf_authenticated_master.json,a212d774f6e92cd83e37826483d3e3532247f0a18afc0d68eff1db91f9e49e5f
0115D0,KR70115D0001,KODEX 조선TOP10,2025-10-28,,,,https://data.krx.co.kr/comm/bldAttendant/getJsonData.cmd?bld=dbms/MDC/STAT/standard/MDCSTAT04601,data/krx/kind_details/KR70115D0001.html,e3b0c44298fc1c149afbf4c8996fb92427ae41e4649b934ca495991b7852b855,listing_date_missing,https://data.krx.co.kr/comm/bldAttendant/getJsonData.cmd?bld=dbms/MDC/STAT/standard/MDCSTAT04601,data/krx/etf_authenticated_master.json,a212d774f6e92cd83e37826483d3e3532247f0a18afc0d68eff1db91f9e49e5f
273130,KR7273130005,KODEX 종합채권(AA-이상)액티브,2017-06-29,,,,https://data.krx.co.kr/comm/bldAttendant/getJsonData.cmd?bld=dbms/MDC/STAT/standard/MDCSTAT04601,data/krx/kind_details/KR7273130005.html,e3b0c44298fc1c149afbf4c8996fb92427ae41e4649b934ca495991b7852b855,listing_date_missing,https://data.krx.co.kr/comm/bldAttendant/getJsonData.cmd?bld=dbms/MDC/STAT/standard/MDCSTAT04601,data/krx/etf_authenticated_master.json,a212d774f6e92cd83e37826483d3e3532247f0a18afc0d68eff1db91f9e49e5f
166060,KR7166060004,KODEX 주식&골드(H),2012-10-10,2015-02-23,주식골드지수,일반 (1),https://kind.krx.co.kr/disclosure/etfisudetail.do?method=searchEftIsuDetail&isuCd=KR7166060004,data/krx/kind_authenticated_followup/KR7166060004.html,5320becfd9bf6c77fe314edea3fba9bd3295785e9ee0c3136c7101a8412121c5,,https://kind.krx.co.kr/disclosure/etfisudetail.do?method=searchEftIsuDetail&isuCd=KR7166060004,data/krx/kind_authenticated_followup/KR7166060004.html,5320becfd9bf6c77fe314edea3fba9bd3295785e9ee0c3136c7101a8412121c5
0153K0,KR70153K0005,KODEX 주주환원고배당주,2026-01-20,,,,https://data.krx.co.kr/comm/bldAttendant/getJsonData.cmd?bld=dbms/MDC/STAT/standard/MDCSTAT04601,data/krx/kind_details/KR70153K0005.html,e3b0c44298fc1c149afbf4c8996fb92427ae41e4649b934ca495991b7852b855,listing_date_missing,https://data.krx.co.kr/comm/bldAttendant/getJsonData.cmd?bld=dbms/MDC/STAT/standard/MDCSTAT04601,data/krx/etf_authenticated_master.json,a212d774f6e92cd83e37826483d3e3532247f0a18afc0d68eff1db91f9e49e5f
097690,KR7097690002,KODEX 중대형가치,2007-07-31,2009-03-26,MKF 중대형 가치,일반 (1),https://kind.krx.co.kr/disclosure/etfisudetail.do?method=searchEftIsuDetail&isuCd=KR7097690002,data/krx/kind_details/KR7097690002.html,9997ca060efe1a93a6f45d46d3be4e4c9f0a5834119ecf2d2640d3d8a32c125b,,,,
097680,KR7097680003,KODEX 중대형성장,2007-07-31,2009-03-26,MKF 중대형 성장,일반 (1),https://kind.krx.co.kr/disclosure/etfisudetail.do?method=searchEftIsuDetail&isuCd=KR7097680003,data/krx/kind_details/KR7097680003.html,63ad8e25d67f33799bb8f17a04e70fe3236c7f40c233a47163c48838c3e49d67,,,,
097700,KR7097700009,KODEX 중형가치,2007-07-31,2009-01-20,MKF 중형 가치,일반 (1),https://kind.krx.co.kr/disclosure/etfisudetail.do?method=searchEftIsuDetail&isuCd=KR7097700009,data/krx/kind_authenticated_followup/KR7097700009.html,191c035292a80aaf497e6c3a44f6cd7b973b707056a597fd925a52256452f35c,,https://kind.krx.co.kr/disclosure/etfisudetail.do?method=searchEftIsuDetail&isuCd=KR7097700009,data/krx/kind_authenticated_followup/KR7097700009.html,191c035292a80aaf497e6c3a44f6cd7b973b707056a597fd925a52256452f35c
102970,KR7102970001,KODEX 증권,2008-05-29,,KRX 증권,일반 (1),https://kind.krx.co.kr/disclosure/etfisudetail.do?method=searchEftIsuDetail&isuCd=KR7102970001,data/krx/kind_details/KR7102970001.html,b26156c76f4d74590f24a4cde736d7eaf353796eb511f1b54130d2723f89af46,,,,
419430,KR7419430004,KODEX 차이나2차전지MSCI(합성),2022-03-22,,MSCI China all shares IMI Select Batteries Index(Price Return),일반 (1),https://kind.krx.co.kr/disclosure/etfisudetail.do?method=searchEftIsuDetail&isuCd=KR7419430004,data/krx/kind_details/KR7419430004.html,a9db51759cdd004c963e8dded77c9ce29b811acd37d478b2042352a73425801c,,,,
169950,KR7169950003,KODEX 차이나A50,2013-01-21,,,,https://data.krx.co.kr/comm/bldAttendant/getJsonData.cmd?bld=dbms/MDC/STAT/standard/MDCSTAT04601,data/krx/kind_details/KR7169950003.html,e3b0c44298fc1c149afbf4c8996fb92427ae41e4649b934ca495991b7852b855,listing_date_missing,https://data.krx.co.kr/comm/bldAttendant/getJsonData.cmd?bld=dbms/MDC/STAT/standard/MDCSTAT04601,data/krx/etf_authenticated_master.json,a212d774f6e92cd83e37826483d3e3532247f0a18afc0d68eff1db91f9e49e5f
0162L0,KR70162L0003,KODEX 차이나AI반도체TOP10,2026-02-26,,,,https://data.krx.co.kr/comm/bldAttendant/getJsonData.cmd?bld=dbms/MDC/STAT/standard/MDCSTAT04601,data/krx/kind_details/KR70162L0003.html,e3b0c44298fc1c149afbf4c8996fb92427ae41e4649b934ca495991b7852b855,listing_date_missing,https://data.krx.co.kr/comm/bldAttendant/getJsonData.cmd?bld=dbms/MDC/STAT/standard/MDCSTAT04601,data/krx/etf_authenticated_master.json,a212d774f6e92cd83e37826483d3e3532247f0a18afc0d68eff1db91f9e49e5f
428510,KR7428510002,KODEX 차이나AI테크액티브,2022-05-17,,Bloomberg China Media & Tech Index(Price Return),일반 (1),https://kind.krx.co.kr/disclosure/etfisudetail.do?method=searchEftIsuDetail&isuCd=KR7428510002,data/krx/kind_details/KR7428510002.html,11bd9c8a32ecde1b68e6e2ba258719815eda47736047b4654a4b48b304afc876,,,,
283580,KR7283580009,KODEX 차이나CSI300,2017-12-13,,CSI 300,일반 (1),https://kind.krx.co.kr/disclosure/etfisudetail.do?method=searchEftIsuDetail&isuCd=KR7283580009,data/krx/kind_details/KR7283580009.html,e46eef622ab93a16f90ef0cb936eb069c70b4f9be44a996794962c298cd40d62,,,,
099140,KR7099140006,KODEX 차이나H,2007-10-10,,,,https://data.krx.co.kr/comm/bldAttendant/getJsonData.cmd?bld=dbms/MDC/STAT/standard/MDCSTAT04601,data/krx/kind_details/KR7099140006.html,e3b0c44298fc1c149afbf4c8996fb92427ae41e4649b934ca495991b7852b855,listing_date_missing,https://data.krx.co.kr/comm/bldAttendant/getJsonData.cmd?bld=dbms/MDC/STAT/standard/MDCSTAT04601,data/krx/etf_authenticated_master.json,a212d774f6e92cd83e37826483d3e3532247f0a18afc0d68eff1db91f9e49e5f
204450,KR7204450001,KODEX 차이나H레버리지(H),2014-09-12,,,,https://data.krx.co.kr/comm/bldAttendant/getJsonData.cmd?bld=dbms/MDC/STAT/standard/MDCSTAT04601,data/krx/kind_details/KR7204450001.html,e3b0c44298fc1c149afbf4c8996fb92427ae41e4649b934ca495991b7852b855,listing_date_missing,https://data.krx.co.kr/comm/bldAttendant/getJsonData.cmd?bld=dbms/MDC/STAT/standard/MDCSTAT04601,data/krx/etf_authenticated_master.json,a212d774f6e92cd83e37826483d3e3532247f0a18afc0d68eff1db91f9e49e5f
415340,KR7415340009,KODEX 차이나과창판STAR50(합성),2022-01-13,,STAR 50 Index(Price Return),일반 (1),https://kind.krx.co.kr/disclosure/etfisudetail.do?method=searchEftIsuDetail&isuCd=KR7415340009,data/krx/kind_details/KR7415340009.html,d9afe4a63fd95f7418406ac56b90604fd07f601960c2d8a9d48756ef93783a5a,,,,
256750,KR7256750001,KODEX 차이나심천ChiNext(합성),2016-11-08,,,,https://data.krx.co.kr/comm/bldAttendant/getJsonData.cmd?bld=dbms/MDC/STAT/standard/MDCSTAT04601,data/krx/kind_details/KR7256750001.html,e3b0c44298fc1c149afbf4c8996fb92427ae41e4649b934ca495991b7852b855,listing_date_missing,https://data.krx.co.kr/comm/bldAttendant/getJsonData.cmd?bld=dbms/MDC/STAT/standard/MDCSTAT04601,data/krx/etf_authenticated_master.json,a212d774f6e92cd83e37826483d3e3532247f0a18afc0d68eff1db91f9e49e5f
0065G0,KR70065G0008,KODEX 차이나테크TOP10,2025-06-17,,Hang Seng China Tech Top 10 Select Index (HKD) (Price Return),일반 (1),https://kind.krx.co.kr/disclosure/etfisudetail.do?method=searchEftIsuDetail&isuCd=KR70065G0008,data/krx/kind_details/KR70065G0008.html,35971e19c32376626dfa4effb778d122345cf0c8636ca5213c06a876f7237c3f,,,,
372330,KR7372330001,KODEX 차이나항셍테크,2020-12-16,,,,https://data.krx.co.kr/comm/bldAttendant/getJsonData.cmd?bld=dbms/MDC/STAT/standard/MDCSTAT04601,data/krx/kind_details/KR7372330001.html,e3b0c44298fc1c149afbf4c8996fb92427ae41e4649b934ca495991b7852b855,listing_date_missing,https://data.krx.co.kr/comm/bldAttendant/getJsonData.cmd?bld=dbms/MDC/STAT/standard/MDCSTAT04601,data/krx/etf_authenticated_master.json,a212d774f6e92cd83e37826483d3e3532247f0a18afc0d68eff1db91f9e49e5f
0048K0,KR70048K0004,KODEX 차이나휴머노이드로봇,2025-05-13,,Solactive China Humanoid Robotics Index (CNH) (Price Return),일반 (1),https://kind.krx.co.kr/disclosure/etfisudetail.do?method=searchEftIsuDetail&isuCd=KR70048K0004,data/krx/kind_details/KR70048K0004.html,7b6049c09dc2d28a9743f02a2959898dbc918780d20520ed66c9e48c9cdcbb71,,,,
117680,KR7117680009,KODEX 철강,2009-10-30,,,,https://data.krx.co.kr/comm/bldAttendant/getJsonData.cmd?bld=dbms/MDC/STAT/standard/MDCSTAT04601,data/krx/kind_details/KR7117680009.html,e3b0c44298fc1c149afbf4c8996fb92427ae41e4649b934ca495991b7852b855,listing_date_missing,https://data.krx.co.kr/comm/bldAttendant/getJsonData.cmd?bld=dbms/MDC/STAT/standard/MDCSTAT04601,data/krx/etf_authenticated_master.json,a212d774f6e92cd83e37826483d3e3532247f0a18afc0d68eff1db91f9e49e5f
279540,KR7279540009,KODEX 최소변동성,2017-10-17,,,,https://data.krx.co.kr/comm/bldAttendant/getJsonData.cmd?bld=dbms/MDC/STAT/standard/MDCSTAT04601,data/krx/kind_details/KR7279540009.html,e3b0c44298fc1c149afbf4c8996fb92427ae41e4649b934ca495991b7852b855,listing_date_missing,https://data.krx.co.kr/comm/bldAttendant/getJsonData.cmd?bld=dbms/MDC/STAT/standard/MDCSTAT04601,data/krx/etf_authenticated_master.json,a212d774f6e92cd83e37826483d3e3532247f0a18afc0d68eff1db91f9e49e5f
445150,KR7445150006,KODEX 친환경조선해운액티브,2022-11-15,,,,https://data.krx.co.kr/comm/bldAttendant/getJsonData.cmd?bld=dbms/MDC/STAT/standard/MDCSTAT04601,data/krx/kind_details/KR7445150006.html,e3b0c44298fc1c149afbf4c8996fb92427ae41e4649b934ca495991b7852b855,listing_date_missing,https://data.krx.co.kr/comm/bldAttendant/getJsonData.cmd?bld=dbms/MDC/STAT/standard/MDCSTAT04601,data/krx/etf_authenticated_master.json,a212d774f6e92cd83e37826483d3e3532247f0a18afc0d68eff1db91f9e49e5f
0231Z0,KR70231Z0004,KODEX 코리아TDF2065액티브 적격,2026-08-25,,FnGuide 코리아 TDF 2065 지수,일반 (1),https://kind.krx.co.kr/disclosure/etfisudetail.do?method=searchEftIsuDetail&isuCd=KR70231Z0004,data/krx/kind_details/KR70231Z0004.html,842e14e1ddff07a66a3dba42c968f0acca446198a495063f49cac763c6ce9615,,,,
211900,KR7211900006,KODEX 코리아배당성장,2014-12-17,,,,https://data.krx.co.kr/comm/bldAttendant/getJsonData.cmd?bld=dbms/MDC/STAT/standard/MDCSTAT04601,data/krx/kind_details/KR7211900006.html,e3b0c44298fc1c149afbf4c8996fb92427ae41e4649b934ca495991b7852b855,listing_date_missing,https://data.krx.co.kr/comm/bldAttendant/getJsonData.cmd?bld=dbms/MDC/STAT/standard/MDCSTAT04601,data/krx/etf_authenticated_master.json,a212d774f6e92cd83e37826483d3e3532247f0a18afc0d68eff1db91f9e49e5f
237370,KR7237370002,KODEX 코리아배당성장채권혼합,2016-01-27,,배당성장채권혼합지수,일반 (1),https://kind.krx.co.kr/disclosure/etfisudetail.do?method=searchEftIsuDetail&isuCd=KR7237370002,data/krx/kind_details/KR7237370002.html,b7b22747e9e347a7886f8bfaca90d7137e6984b373d6664a4405fa216612f939,,,,
495850,KR7495850000,KODEX 코리아밸류업,2024-11-04,,,,https://data.krx.co.kr/comm/bldAttendant/getJsonData.cmd?bld=dbms/MDC/STAT/standard/MDCSTAT04601,data/krx/kind_details/KR7495850000.html,e3b0c44298fc1c149afbf4c8996fb92427ae41e4649b934ca495991b7852b855,listing_date_missing,https://data.krx.co.kr/comm/bldAttendant/getJsonData.cmd?bld=dbms/MDC/STAT/standard/MDCSTAT04601,data/krx/etf_authenticated_master.json,a212d774f6e92cd83e37826483d3e3532247f0a18afc0d68eff1db91f9e49e5f
0115E0,KR70115E0000,KODEX 코리아소버린AI,2025-10-21,,,,https://data.krx.co.kr/comm/bldAttendant/getJsonData.cmd?bld=dbms/MDC/STAT/standard/MDCSTAT04601,data/krx/kind_details/KR70115E0000.html,e3b0c44298fc1c149afbf4c8996fb92427ae41e4649b934ca495991b7852b855,listing_date_missing,https://data.krx.co.kr/comm/bldAttendant/getJsonData.cmd?bld=dbms/MDC/STAT/standard/MDCSTAT04601,data/krx/etf_authenticated_master.json,a212d774f6e92cd83e37826483d3e3532247f0a18afc0d68eff1db91f9e49e5f
373490,KR7373490002,KODEX 코리아혁신성장액티브,2020-12-24,,,,https://data.krx.co.kr/comm/bldAttendant/getJsonData.cmd?bld=dbms/MDC/STAT/standard/MDCSTAT04601,data/krx/kind_details/KR7373490002.html,e3b0c44298fc1c149afbf4c8996fb92427ae41e4649b934ca495991b7852b855,listing_date_missing,https://data.krx.co.kr/comm/bldAttendant/getJsonData.cmd?bld=dbms/MDC/STAT/standard/MDCSTAT04601,data/krx/etf_authenticated_master.json,a212d774f6e92cd83e37826483d3e3532247f0a18afc0d68eff1db91f9e49e5f
229200,KR7229200001,KODEX 코스닥150,2015-10-01,,,,https://data.krx.co.kr/comm/bldAttendant/getJsonData.cmd?bld=dbms/MDC/STAT/standard/MDCSTAT04601,data/krx/kind_details/KR7229200001.html,e3b0c44298fc1c149afbf4c8996fb92427ae41e4649b934ca495991b7852b855,listing_date_missing,https://data.krx.co.kr/comm/bldAttendant/getJsonData.cmd?bld=dbms/MDC/STAT/standard/MDCSTAT04601,data/krx/etf_authenticated_master.json,a212d774f6e92cd83e37826483d3e3532247f0a18afc0d68eff1db91f9e49e5f
233740,KR7233740000,KODEX 코스닥150레버리지,2015-12-17,,,,https://data.krx.co.kr/comm/bldAttendant/getJsonData.cmd?bld=dbms/MDC/STAT/standard/MDCSTAT04601,data/krx/kind_details/KR7233740000.html,e3b0c44298fc1c149afbf4c8996fb92427ae41e4649b934ca495991b7852b855,listing_date_missing,https://data.krx.co.kr/comm/bldAttendant/getJsonData.cmd?bld=dbms/MDC/STAT/standard/MDCSTAT04601,data/krx/etf_authenticated_master.json,a212d774f6e92cd83e37826483d3e3532247f0a18afc0d68eff1db91f9e49e5f
360150,KR7360150007,KODEX 코스닥150롱코스피200숏선물,2020-08-21,,,,https://data.krx.co.kr/comm/bldAttendant/getJsonData.cmd?bld=dbms/MDC/STAT/standard/MDCSTAT04601,data/krx/kind_details/KR7360150007.html,e3b0c44298fc1c149afbf4c8996fb92427ae41e4649b934ca495991b7852b855,listing_date_missing,https://data.krx.co.kr/comm/bldAttendant/getJsonData.cmd?bld=dbms/MDC/STAT/standard/MDCSTAT04601,data/krx/etf_authenticated_master.json,a212d774f6e92cd83e37826483d3e3532247f0a18afc0d68eff1db91f9e49e5f
251340,KR7251340006,KODEX 코스닥150선물인버스,2016-08-10,,,,https://data.krx.co.kr/comm/bldAttendant/getJsonData.cmd?bld=dbms/MDC/STAT/standard/MDCSTAT04601,data/krx/kind_details/KR7251340006.html,e3b0c44298fc1c149afbf4c8996fb92427ae41e4649b934ca495991b7852b855,listing_date_missing,https://data.krx.co.kr/comm/bldAttendant/getJsonData.cmd?bld=dbms/MDC/STAT/standard/MDCSTAT04601,data/krx/etf_authenticated_master.json,a212d774f6e92cd83e37826483d3e3532247f0a18afc0d68eff1db91f9e49e5f
461450,KR7461450009,KODEX 코스닥글로벌,2023-06-29,,,,https://data.krx.co.kr/comm/bldAttendant/getJsonData.cmd?bld=dbms/MDC/STAT/standard/MDCSTAT04601,data/krx/kind_details/KR7461450009.html,e3b0c44298fc1c149afbf4c8996fb92427ae41e4649b934ca495991b7852b855,listing_date_missing,https://data.krx.co.kr/comm/bldAttendant/getJsonData.cmd?bld=dbms/MDC/STAT/standard/MDCSTAT04601,data/krx/etf_authenticated_master.json,a212d774f6e92cd83e37826483d3e3532247f0a18afc0d68eff1db91f9e49e5f
226490,KR7226490001,KODEX 코스피,2015-08-24,,,,https://data.krx.co.kr/comm/bldAttendant/getJsonData.cmd?bld=dbms/MDC/STAT/standard/MDCSTAT04601,data/krx/kind_details/KR7226490001.html,e3b0c44298fc1c149afbf4c8996fb92427ae41e4649b934ca495991b7852b855,listing_date_missing,https://data.krx.co.kr/comm/bldAttendant/getJsonData.cmd?bld=dbms/MDC/STAT/standard/MDCSTAT04601,data/krx/etf_authenticated_master.json,a212d774f6e92cd83e37826483d3e3532247f0a18afc0d68eff1db91f9e49e5f
237350,KR7237350004,KODEX 코스피100,2016-01-27,,,,https://data.krx.co.kr/comm/bldAttendant/getJsonData.cmd?bld=dbms/MDC/STAT/standard/MDCSTAT04601,data/krx/kind_details/KR7237350004.html,e3b0c44298fc1c149afbf4c8996fb92427ae41e4649b934ca495991b7852b855,listing_date_missing,https://data.krx.co.kr/comm/bldAttendant/getJsonData.cmd?bld=dbms/MDC/STAT/standard/MDCSTAT04601,data/krx/etf_authenticated_master.json,a212d774f6e92cd83e37826483d3e3532247f0a18afc0d68eff1db91f9e49e5f
359210,KR7359210002,KODEX 코스피TR,2020-07-21,,,,https://data.krx.co.kr/comm/bldAttendant/getJsonData.cmd?bld=dbms/MDC/STAT/standard/MDCSTAT04601,data/krx/kind_details/KR7359210002.html,e3b0c44298fc1c149afbf4c8996fb92427ae41e4649b934ca495991b7852b855,listing_date_missing,https://data.krx.co.kr/comm/bldAttendant/getJsonData.cmd?bld=dbms/MDC/STAT/standard/MDCSTAT04601,data/krx/etf_authenticated_master.json,a212d774f6e92cd83e37826483d3e3532247f0a18afc0d68eff1db91f9e49e5f
337140,KR7337140008,KODEX 코스피대형주,2019-11-14,,,,https://data.krx.co.kr/comm/bldAttendant/getJsonData.cmd?bld=dbms/MDC/STAT/standard/MDCSTAT04601,data/krx/kind_details/KR7337140008.html,e3b0c44298fc1c149afbf4c8996fb92427ae41e4649b934ca495991b7852b855,listing_date_missing,https://data.krx.co.kr/comm/bldAttendant/getJsonData.cmd?bld=dbms/MDC/STAT/standard/MDCSTAT04601,data/krx/etf_authenticated_master.json,a212d774f6e92cd83e37826483d3e3532247f0a18afc0d68eff1db91f9e49e5f
138920,KR7138920004,KODEX 콩선물(H),2011-03-15,,,,https://data.krx.co.kr/comm/bldAttendant/getJsonData.cmd?bld=dbms/MDC/STAT/standard/MDCSTAT04601,data/krx/kind_details/KR7138920004.html,e3b0c44298fc1c149afbf4c8996fb92427ae41e4649b934ca495991b7852b855,listing_date_missing,https://data.krx.co.kr/comm/bldAttendant/getJsonData.cmd?bld=dbms/MDC/STAT/standard/MDCSTAT04601,data/krx/etf_authenticated_master.json,a212d774f6e92cd83e37826483d3e3532247f0a18afc0d68eff1db91f9e49e5f
244660,KR7244660007,KODEX 퀄리티Plus,2016-05-13,,,,https://data.krx.co.kr/comm/bldAttendant/getJsonData.cmd?bld=dbms/MDC/STAT/standard/MDCSTAT04601,data/krx/kind_details/KR7244660007.html,e3b0c44298fc1c149afbf4c8996fb92427ae41e4649b934ca495991b7852b855,listing_date_missing,https://data.krx.co.kr/comm/bldAttendant/getJsonData.cmd?bld=dbms/MDC/STAT/standard/MDCSTAT04601,data/krx/etf_authenticated_master.json,a212d774f6e92cd83e37826483d3e3532247f0a18afc0d68eff1db91f9e49e5f
375770,KR7375770005,KODEX 탄소효율그린뉴딜,2021-02-05,,,,https://data.krx.co.kr/comm/bldAttendant/getJsonData.cmd?bld=dbms/MDC/STAT/standard/MDCSTAT04601,data/krx/kind_details/KR7375770005.html,e3b0c44298fc1c149afbf4c8996fb92427ae41e4649b934ca495991b7852b855,listing_date_missing,https://data.krx.co.kr/comm/bldAttendant/getJsonData.cmd?bld=dbms/MDC/STAT/standard/MDCSTAT04601,data/krx/etf_authenticated_master.json,a212d774f6e92cd83e37826483d3e3532247f0a18afc0d68eff1db91f9e49e5f
144750,KR7144750007,KODEX 태양광,2011-07-27,2013-06-26,FnGuide 태양광 지수,일반 (1),https://kind.krx.co.kr/disclosure/etfisudetail.do?method=searchEftIsuDetail&isuCd=KR7144750007,data/krx/kind_authenticated_followup/KR7144750007.html,2a4951132003a029e8675d70f06b1a774529dada6a39aedf2eb01da4de7304f1,,https://kind.krx.co.kr/disclosure/etfisudetail.do?method=searchEftIsuDetail&isuCd=KR7144750007,data/krx/kind_authenticated_followup/KR7144750007.html,2a4951132003a029e8675d70f06b1a774529dada6a39aedf2eb01da4de7304f1
247800,KR7247800006,KODEX 턴어라운드투자,2016-06-24,2020-09-28,FnGuide 턴어라운드투자형 지수,일반 (1),https://kind.krx.co.kr/disclosure/etfisudetail.do?method=searchEftIsuDetail&isuCd=KR7247800006,data/krx/kind_authenticated_followup/KR7247800006.html,b24848a3d2c9709ea32cf9a09f2a0ab9bffaac0a97471be8151f37d645895347,,https://kind.krx.co.kr/disclosure/etfisudetail.do?method=searchEftIsuDetail&isuCd=KR7247800006,data/krx/kind_authenticated_followup/KR7247800006.html,b24848a3d2c9709ea32cf9a09f2a0ab9bffaac0a97471be8151f37d645895347
459560,KR7459560009,KODEX 테슬라밸류체인FactSet,2023-06-08,,,,https://data.krx.co.kr/comm/bldAttendant/getJsonData.cmd?bld=dbms/MDC/STAT/standard/MDCSTAT04601,data/krx/kind_details/KR7459560009.html,e3b0c44298fc1c149afbf4c8996fb92427ae41e4649b934ca495991b7852b855,listing_date_missing,https://data.krx.co.kr/comm/bldAttendant/getJsonData.cmd?bld=dbms/MDC/STAT/standard/MDCSTAT04601,data/krx/etf_authenticated_master.json,a212d774f6e92cd83e37826483d3e3532247f0a18afc0d68eff1db91f9e49e5f
475080,KR7475080008,KODEX 테슬라커버드콜채권혼합액티브,2024-01-23,,,,https://data.krx.co.kr/comm/bldAttendant/getJsonData.cmd?bld=dbms/MDC/STAT/standard/MDCSTAT04601,data/krx/kind_details/KR7475080008.html,e3b0c44298fc1c149afbf4c8996fb92427ae41e4649b934ca495991b7852b855,listing_date_missing,https://data.krx.co.kr/comm/bldAttendant/getJsonData.cmd?bld=dbms/MDC/STAT/standard/MDCSTAT04601,data/krx/etf_authenticated_master.json,a212d774f6e92cd83e37826483d3e3532247f0a18afc0d68eff1db91f9e49e5f
266410,KR7266410000,KODEX 필수소비재,2017-03-28,,,,https://data.krx.co.kr/comm/bldAttendant/getJsonData.cmd?bld=dbms/MDC/STAT/standard/MDCSTAT04601,data/krx/kind_details/KR7266410000.html,e3b0c44298fc1c149afbf4c8996fb92427ae41e4649b934ca495991b7852b855,listing_date_missing,https://data.krx.co.kr/comm/bldAttendant/getJsonData.cmd?bld=dbms/MDC/STAT/standard/MDCSTAT04601,data/krx/etf_authenticated_master.json,a212d774f6e92cd83e37826483d3e3532247f0a18afc0d68eff1db91f9e49e5f
298770,KR7298770009,KODEX 한국대만IT프리미어,2018-06-11,,,,https://data.krx.co.kr/comm/bldAttendant/getJsonData.cmd?bld=dbms/MDC/STAT/standard/MDCSTAT04601,data/krx/kind_details/KR7298770009.html,e3b0c44298fc1c149afbf4c8996fb92427ae41e4649b934ca495991b7852b855,listing_date_missing,https://data.krx.co.kr/comm/bldAttendant/getJsonData.cmd?bld=dbms/MDC/STAT/standard/MDCSTAT04601,data/krx/etf_authenticated_master.json,a212d774f6e92cd83e37826483d3e3532247f0a18afc0d68eff1db91f9e49e5f
476800,KR7476800008,KODEX 한국부동산리츠인프라,2024-03-05,,,,https://data.krx.co.kr/comm/bldAttendant/getJsonData.cmd?bld=dbms/MDC/STAT/standard/MDCSTAT04601,data/krx/kind_details/KR7476800008.html,e3b0c44298fc1c149afbf4c8996fb92427ae41e4649b934ca495991b7852b855,listing_date_missing,https://data.krx.co.kr/comm/bldAttendant/getJsonData.cmd?bld=dbms/MDC/STAT/standard/MDCSTAT04601,data/krx/etf_authenticated_master.json,a212d774f6e92cd83e37826483d3e3532247f0a18afc0d68eff1db91f9e49e5f
450190,KR7450190004,KODEX 한중반도체(합성),2022-12-22,,,,https://data.krx.co.kr/comm/bldAttendant/getJsonData.cmd?bld=dbms/MDC/STAT/standard/MDCSTAT04601,data/krx/kind_details/KR7450190004.html,e3b0c44298fc1c149afbf4c8996fb92427ae41e4649b934ca495991b7852b855,listing_date_missing,https://data.krx.co.kr/comm/bldAttendant/getJsonData.cmd?bld=dbms/MDC/STAT/standard/MDCSTAT04601,data/krx/etf_authenticated_master.json,a212d774f6e92cd83e37826483d3e3532247f0a18afc0d68eff1db91f9e49e5f
450180,KR7450180005,KODEX 한중전기차(합성),2022-12-22,,,,https://data.krx.co.kr/comm/bldAttendant/getJsonData.cmd?bld=dbms/MDC/STAT/standard/MDCSTAT04601,data/krx/kind_details/KR7450180005.html,e3b0c44298fc1c149afbf4c8996fb92427ae41e4649b934ca495991b7852b855,listing_date_missing,https://data.krx.co.kr/comm/bldAttendant/getJsonData.cmd?bld=dbms/MDC/STAT/standard/MDCSTAT04601,data/krx/etf_authenticated_master.json,a212d774f6e92cd83e37826483d3e3532247f0a18afc0d68eff1db91f9e49e5f
266420,KR7266420009,KODEX 헬스케어,2017-03-28,,,,https://data.krx.co.kr/comm/bldAttendant/getJsonData.cmd?bld=dbms/MDC/STAT/standard/MDCSTAT04601,data/krx/kind_details/KR7266420009.html,e3b0c44298fc1c149afbf4c8996fb92427ae41e4649b934ca495991b7852b855,listing_date_missing,https://data.krx.co.kr/comm/bldAttendant/getJsonData.cmd?bld=dbms/MDC/STAT/standard/MDCSTAT04601,data/krx/etf_authenticated_master.json,a212d774f6e92cd83e37826483d3e3532247f0a18afc0d68eff1db91f9e49e5f
364690,KR7364690008,KODEX 혁신기술테마액티브,2020-09-29,,,,https://data.krx.co.kr/comm/bldAttendant/getJsonData.cmd?bld=dbms/MDC/STAT/standard/MDCSTAT04601,data/krx/kind_details/KR7364690008.html,e3b0c44298fc1c149afbf4c8996fb92427ae41e4649b934ca495991b7852b855,listing_date_missing,https://data.krx.co.kr/comm/bldAttendant/getJsonData.cmd?bld=dbms/MDC/STAT/standard/MDCSTAT04601,data/krx/etf_authenticated_master.json,a212d774f6e92cd83e37826483d3e3532247f0a18afc0d68eff1db91f9e49e5f
0204D0,KR70204D0003,KODEX 현대차로보틱스밸류체인TOP3플러스,2026-06-09,,,,https://data.krx.co.kr/comm/bldAttendant/getJsonData.cmd?bld=dbms/MDC/STAT/standard/MDCSTAT04601,data/krx/kind_details/KR70204D0003.html,e3b0c44298fc1c149afbf4c8996fb92427ae41e4649b934ca495991b7852b855,listing_date_missing,https://data.krx.co.kr/comm/bldAttendant/getJsonData.cmd?bld=dbms/MDC/STAT/standard/MDCSTAT04601,data/krx/etf_authenticated_master.json,a212d774f6e92cd83e37826483d3e3532247f0a18afc0d68eff1db91f9e49e5f
069600,KR7069600005,KODEX50,2002-10-14,2004-02-23,코스피 50,일반 (1),https://kind.krx.co.kr/disclosure/etfisudetail.do?method=searchEftIsuDetail&isuCd=KR7069600005,data/krx/kind_authenticated_followup/KR7069600005.html,a2fe76f73371e922a3070fdaafc5f234b178c08b5b24e7048fa05b09f19d0217,,https://kind.krx.co.kr/disclosure/etfisudetail.do?method=searchEftIsuDetail&isuCd=KR7069600005,data/krx/kind_authenticated_followup/KR7069600005.html,a2fe76f73371e922a3070fdaafc5f234b178c08b5b24e7048fa05b09f19d0217
074170,KR7074170002,KODEX배당,2003-10-13,2006-08-10,코스피 배당지수,일반 (1),https://kind.krx.co.kr/disclosure/etfisudetail.do?method=searchEftIsuDetail&isuCd=KR7074170002,data/krx/kind_authenticated_followup/KR7074170002.html,4c456983282c1ef666cc75ce7eb3fb259c8cca0768f0f92759f0c9ac666ba107,,https://kind.krx.co.kr/disclosure/etfisudetail.do?method=searchEftIsuDetail&isuCd=KR7074170002,data/krx/kind_authenticated_followup/KR7074170002.html,4c456983282c1ef666cc75ce7eb3fb259c8cca0768f0f92759f0c9ac666ba107
086800,KR7086800000,KODEX스타 상장지수간접투자기구투자신탁,2005-12-15,2007-10-31,,,https://kind.krx.co.kr/disclosure/etfisudetail.do?method=searchEftIsuDetail&isuCd=KR7086800000,data/krx/kind_authenticated_followup/KR7086800000.html,b4bdb53594ae6363f17fd48ed46855c62f16b8e8fee4970c21cc0240573349bc,,https://kind.krx.co.kr/disclosure/etfisudetail.do?method=searchEftIsuDetail&isuCd=KR7086800000,data/krx/kind_authenticated_followup/KR7086800000.html,b4bdb53594ae6363f17fd48ed46855c62f16b8e8fee4970c21cc0240573349bc
152280,KR7152280004,KOSEF 200 선물,2012-01-13,2021-03-23,코스피 200 선물지수,일반 (1),https://kind.krx.co.kr/disclosure/etfisudetail.do?method=searchEftIsuDetail&isuCd=KR7152280004,data/krx/kind_authenticated_followup/KR7152280004.html,995338362d5be2b49884bb59a0d890009e97c3d14c0be4b3d6947a46885caf47,,https://kind.krx.co.kr/disclosure/etfisudetail.do?method=searchEftIsuDetail&isuCd=KR7152280004,data/krx/kind_authenticated_followup/KR7152280004.html,995338362d5be2b49884bb59a0d890009e97c3d14c0be4b3d6947a46885caf47
091190,KR7091190009,KOSEF Banks,2006-06-27,2013-06-26,KRX 은행,일반 (1),https://kind.krx.co.kr/disclosure/etfisudetail.do?method=searchEftIsuDetail&isuCd=KR7091190009,data/krx/kind_authenticated_followup/KR7091190009.html,371f8228549a3edfda187fca7d03b8e1acc620d737f800b9a42d302a131f92c7,,https://kind.krx.co.kr/disclosure/etfisudetail.do?method=searchEftIsuDetail&isuCd=KR7091190009,data/krx/kind_authenticated_followup/KR7091190009.html,371f8228549a3edfda187fca7d03b8e1acc620d737f800b9a42d302a131f92c7
331910,KR7331910000,KOSEF Fn중소형,2019-08-13,2024-11-06,FnGuide-키움 스마트 중소형주 지수,일반 (1),https://kind.krx.co.kr/disclosure/etfisudetail.do?method=searchEftIsuDetail&isuCd=KR7331910000,data/krx/kind_authenticated_followup/KR7331910000.html,d2671bf74ef06fdaa3c27705dd5868465ed7911e0c56f56df56a798414291924,,https://kind.krx.co.kr/disclosure/etfisudetail.do?method=searchEftIsuDetail&isuCd=KR7331910000,data/krx/kind_authenticated_followup/KR7331910000.html,d2671bf74ef06fdaa3c27705dd5868465ed7911e0c56f56df56a798414291924
091200,KR7091200006,KOSEF IT,2006-06-27,2015-02-23,KRX 정보통신,일반 (1),https://kind.krx.co.kr/disclosure/etfisudetail.do?method=searchEftIsuDetail&isuCd=KR7091200006,data/krx/kind_authenticated_followup/KR7091200006.html,2809f444cdc05b7c69d3c8e20dfc7e05e383d64f58a6cb6a4db173ac6c3f15cc,,https://kind.krx.co.kr/disclosure/etfisudetail.do?method=searchEftIsuDetail&isuCd=KR7091200006,data/krx/kind_authenticated_followup/KR7091200006.html,2809f444cdc05b7c69d3c8e20dfc7e05e383d64f58a6cb6a4db173ac6c3f15cc
394340,KR7394340004,KOSEF 글로벌디지털경제,2021-07-20,2024-11-06,MSCI ACWI IMI 디지털 이코노미&메타버스 ESG 지수(시장가격),일반 (1),https://kind.krx.co.kr/disclosure/etfisudetail.do?method=searchEftIsuDetail&isuCd=KR7394340004,data/krx/kind_authenticated_followup/KR7394340004.html,19a19f5d5bbdd548a8a5db24a2c3468ce6684ecf708039f163a08a0d4462e9f4,,https://kind.krx.co.kr/disclosure/etfisudetail.do?method=searchEftIsuDetail&isuCd=KR7394340004,data/krx/kind_authenticated_followup/KR7394340004.html,19a19f5d5bbdd548a8a5db24a2c3468ce6684ecf708039f163a08a0d4462e9f4
097730,KR7097730006,KOSEF 대형가치,2007-07-31,2009-08-11,MKF 대형 가치,일반 (1),https://kind.krx.co.kr/disclosure/etfisudetail.do?method=searchEftIsuDetail&isuCd=KR7097730006,data/krx/kind_authenticated_followup/KR7097730006.html,f36547d496b50e7a0b11d189c9971bb55405ab788fc359cf8da5052e16223303,,https://kind.krx.co.kr/disclosure/etfisudetail.do?method=searchEftIsuDetail&isuCd=KR7097730006,data/krx/kind_authenticated_followup/KR7097730006.html,f36547d496b50e7a0b11d189c9971bb55405ab788fc359cf8da5052e16223303
260200,KR7260200001,KOSEF 배당바이백Plus,2016-12-16,2021-03-23,WISE 배당바이백플러스 지수,일반 (1),https://kind.krx.co.kr/disclosure/etfisudetail.do?method=searchEftIsuDetail&isuCd=KR7260200001,data/krx/kind_authenticated_followup/KR7260200001.html,b3a194542527066833581477f294156ba113198cff818a0a7aaeab115b54439e,,https://kind.krx.co.kr/disclosure/etfisudetail.do?method=searchEftIsuDetail&isuCd=KR7260200001,data/krx/kind_authenticated_followup/KR7260200001.html,b3a194542527066833581477f294156ba113198cff818a0a7aaeab115b54439e
123930,KR7123930000,KOSEF 인버스,2010-04-15,2013-06-26,코스피 200 선물인버스 지수,1X 인버스 (-1),https://kind.krx.co.kr/disclosure/etfisudetail.do?method=searchEftIsuDetail&isuCd=KR7123930000,data/krx/kind_authenticated_followup/KR7123930000.html,c616f9d9c14bc3fdcd68e3f6974ff7077c7394cc216af0e1447eac7450d22dd6,,https://kind.krx.co.kr/disclosure/etfisudetail.do?method=searchEftIsuDetail&isuCd=KR7123930000,data/krx/kind_authenticated_followup/KR7123930000.html,c616f9d9c14bc3fdcd68e3f6974ff7077c7394cc216af0e1447eac7450d22dd6
260270,KR7260270004,KOSEF 저PBR가중,2016-12-16,2021-03-23,FnGuide 저PBR가중 지수,일반 (1),https://kind.krx.co.kr/disclosure/etfisudetail.do?method=searchEftIsuDetail&isuCd=KR7260270004,data/krx/kind_authenticated_followup/KR7260270004.html,7da2fb7d6953e1625b841543e5c53d2cd2581d636a86ba737f4880b637123b1d,,https://kind.krx.co.kr/disclosure/etfisudetail.do?method=searchEftIsuDetail&isuCd=KR7260270004,data/krx/kind_authenticated_followup/KR7260270004.html,7da2fb7d6953e1625b841543e5c53d2cd2581d636a86ba737f4880b637123b1d
097740,KR7097740005,KOSEF 중형순수가치,2007-07-31,2010-05-18,MKF 중형 순수가치,일반 (1),https://kind.krx.co.kr/disclosure/etfisudetail.do?method=searchEftIsuDetail&isuCd=KR7097740005,data/krx/kind_authenticated_followup/KR7097740005.html,34ee81589360c62622b85adb6865fc0c98037602e95afec17c04fe7b73a64ca6,,https://kind.krx.co.kr/disclosure/etfisudetail.do?method=searchEftIsuDetail&isuCd=KR7097740005,data/krx/kind_authenticated_followup/KR7097740005.html,34ee81589360c62622b85adb6865fc0c98037602e95afec17c04fe7b73a64ca6
445930,KR7445930001,KOSEF 차이나A50커넥트레버리지MSCI(합성H),2022-10-25,2024-11-06,MSCI China A50 Connect Leverage 2X Daily Index(NTR),2X 레버리지 (2),https://kind.krx.co.kr/disclosure/etfisudetail.do?method=searchEftIsuDetail&isuCd=KR7445930001,data/krx/kind_authenticated_followup/KR7445930001.html,cb77acb9f60286c32d9da1f9cab603f0a99aacd29f7205903342ae090ed95df8,,https://kind.krx.co.kr/disclosure/etfisudetail.do?method=searchEftIsuDetail&isuCd=KR7445930001,data/krx/kind_authenticated_followup/KR7445930001.html,cb77acb9f60286c32d9da1f9cab603f0a99aacd29f7205903342ae090ed95df8
445950,KR7445950009,KOSEF 차이나A50커넥트인버스MSCI(합성 H),2022-10-25,2024-11-06,MSCI China A50 Connect Short (-1X) Daily Index(NTR),1X 인버스 (-1),https://kind.krx.co.kr/disclosure/etfisudetail.do?method=searchEftIsuDetail&isuCd=KR7445950009,data/krx/kind_authenticated_followup/KR7445950009.html,bcc054ce967da6d75968c7496e361cf0668cc4cde6d1e96a7b9adb9542892e14,,https://kind.krx.co.kr/disclosure/etfisudetail.do?method=searchEftIsuDetail&isuCd=KR7445950009,data/krx/kind_authenticated_followup/KR7445950009.html,bcc054ce967da6d75968c7496e361cf0668cc4cde6d1e96a7b9adb9542892e14
291610,KR7291610004,KOSEF 코스닥150선물,2018-03-16,2021-03-23,F-코스닥150 지수,일반 (1),https://kind.krx.co.kr/disclosure/etfisudetail.do?method=searchEftIsuDetail&isuCd=KR7291610004,data/krx/kind_authenticated_followup/KR7291610004.html,09aeb4faef0be2e07eb410fe1f063e70e21b52ed65eff57279d37ac3629873aa,,https://kind.krx.co.kr/disclosure/etfisudetail.do?method=searchEftIsuDetail&isuCd=KR7291610004,data/krx/kind_authenticated_followup/KR7291610004.html,09aeb4faef0be2e07eb410fe1f063e70e21b52ed65eff57279d37ac3629873aa
144670,KR7144670007,KOSEF 펀더멘탈대형주,2011-07-18,2015-05-07,Fnguide-RAFI 코리아 대형 지수,일반 (1),https://kind.krx.co.kr/disclosure/etfisudetail.do?method=searchEftIsuDetail&isuCd=KR7144670007,data/krx/kind_authenticated_followup/KR7144670007.html,903c33064bcbe2d546ecdec86192c4d05b53810356c9e98ef6b1c0eb9080008c,,https://kind.krx.co.kr/disclosure/etfisudetail.do?method=searchEftIsuDetail&isuCd=KR7144670007,data/krx/kind_authenticated_followup/KR7144670007.html,903c33064bcbe2d546ecdec86192c4d05b53810356c9e98ef6b1c0eb9080008c
069550,KR7069550002,KOSEF50,2002-10-14,2004-01-19,코스피 50,일반 (1),https://kind.krx.co.kr/disclosure/etfisudetail.do?method=searchEftIsuDetail&isuCd=KR7069550002,data/krx/kind_authenticated_followup/KR7069550002.html,49dd47be852770c4c6b7e298af4e22b1c5737094023746670365d041dd438e55,,https://kind.krx.co.kr/disclosure/etfisudetail.do?method=searchEftIsuDetail&isuCd=KR7069550002,data/krx/kind_authenticated_followup/KR7069550002.html,49dd47be852770c4c6b7e298af4e22b1c5737094023746670365d041dd438e55
157650,KR7157650003,KStar 5대그룹주장기채+,2012-05-23,2015-12-15,FnGuide-KIS 5대그룹주장기채플러스,일반 (1),https://kind.krx.co.kr/disclosure/etfisudetail.do?method=searchEftIsuDetail&isuCd=KR7157650003,data/krx/kind_authenticated_followup/KR7157650003.html,5592309ae935b31a1ce3be6134634a7fb747d97e93926cdacd4ee1725a75256a,,https://kind.krx.co.kr/disclosure/etfisudetail.do?method=searchEftIsuDetail&isuCd=KR7157650003,data/krx/kind_authenticated_followup/KR7157650003.html,5592309ae935b31a1ce3be6134634a7fb747d97e93926cdacd4ee1725a75256a
108480,KR7108480005,KStar 코스닥엘리트30,2009-01-22,2015-12-15,MKF 코스닥엘리트30,일반 (1),https://kind.krx.co.kr/disclosure/etfisudetail.do?method=searchEftIsuDetail&isuCd=KR7108480005,data/krx/kind_authenticated_followup/KR7108480005.html,d10a612f7ca0ff3cde908dce86e178ce2fdc3050ce1eb41fe717b024d1d278dc,,https://kind.krx.co.kr/disclosure/etfisudetail.do?method=searchEftIsuDetail&isuCd=KR7108480005,data/krx/kind_authenticated_followup/KR7108480005.html,d10a612f7ca0ff3cde908dce86e178ce2fdc3050ce1eb41fe717b024d1d278dc
168300,KR7168300002,KTOP 코스피50,2012-11-12,2023-12-15,코스피 50,일반 (1),https://kind.krx.co.kr/disclosure/etfisudetail.do?method=searchEftIsuDetail&isuCd=KR7168300002,data/krx/kind_authenticated_followup/KR7168300002.html,2bd6efbc3ef9a831b6f4576acece8f46e849f3463d99ba1dcf38a7191840d600,,https://kind.krx.co.kr/disclosure/etfisudetail.do?method=searchEftIsuDetail&isuCd=KR7168300002,data/krx/kind_authenticated_followup/KR7168300002.html,2bd6efbc3ef9a831b6f4576acece8f46e849f3463d99ba1dcf38a7191840d600
487130,KR7487130007,KoAct AI인프라액티브,2024-07-09,,,,https://data.krx.co.kr/comm/bldAttendant/getJsonData.cmd?bld=dbms/MDC/STAT/standard/MDCSTAT04601,data/krx/kind_details/KR7487130007.html,e3b0c44298fc1c149afbf4c8996fb92427ae41e4649b934ca495991b7852b855,listing_date_missing,https://data.krx.co.kr/comm/bldAttendant/getJsonData.cmd?bld=dbms/MDC/STAT/standard/MDCSTAT04601,data/krx/etf_authenticated_master.json,a212d774f6e92cd83e37826483d3e3532247f0a18afc0d68eff1db91f9e49e5f
0074K0,KR70074K0001,KoAct K수출핵심기업TOP30액티브,2025-07-08,,,,https://data.krx.co.kr/comm/bldAttendant/getJsonData.cmd?bld=dbms/MDC/STAT/standard/MDCSTAT04601,data/krx/kind_details/KR70074K0001.html,e3b0c44298fc1c149afbf4c8996fb92427ae41e4649b934ca495991b7852b855,listing_date_missing,https://data.krx.co.kr/comm/bldAttendant/getJsonData.cmd?bld=dbms/MDC/STAT/standard/MDCSTAT04601,data/krx/etf_authenticated_master.json,a212d774f6e92cd83e37826483d3e3532247f0a18afc0d68eff1db91f9e49e5f
0222D0,KR70222D0001,KoAct 고배당액티브,2026-07-28,,,,https://data.krx.co.kr/comm/bldAttendant/getJsonData.cmd?bld=dbms/MDC/STAT/standard/MDCSTAT04601,data/krx/kind_details/KR70222D0001.html,e3b0c44298fc1c149afbf4c8996fb92427ae41e4649b934ca495991b7852b855,listing_date_missing,https://data.krx.co.kr/comm/bldAttendant/getJsonData.cmd?bld=dbms/MDC/STAT/standard/MDCSTAT04601,data/krx/etf_authenticated_master.json,a212d774f6e92cd83e37826483d3e3532247f0a18afc0d68eff1db91f9e49e5f
0219B0,KR70219B0008,KoAct 광통신&위성네트워크액티브,2026-07-14,,,,https://data.krx.co.kr/comm/bldAttendant/getJsonData.cmd?bld=dbms/MDC/STAT/standard/MDCSTAT04601,data/krx/kind_details/KR70219B0008.html,e3b0c44298fc1c149afbf4c8996fb92427ae41e4649b934ca495991b7852b855,listing_date_missing,https://data.krx.co.kr/comm/bldAttendant/getJsonData.cmd?bld=dbms/MDC/STAT/standard/MDCSTAT04601,data/krx/etf_authenticated_master.json,a212d774f6e92cd83e37826483d3e3532247f0a18afc0d68eff1db91f9e49e5f
471040,KR7471040006,KoAct 글로벌AI&로봇액티브,2023-11-21,,,,https://data.krx.co.kr/comm/bldAttendant/getJsonData.cmd?bld=dbms/MDC/STAT/standard/MDCSTAT04601,data/krx/kind_details/KR7471040006.html,e3b0c44298fc1c149afbf4c8996fb92427ae41e4649b934ca495991b7852b855,listing_date_missing,https://data.krx.co.kr/comm/bldAttendant/getJsonData.cmd?bld=dbms/MDC/STAT/standard/MDCSTAT04601,data/krx/etf_authenticated_master.json,a212d774f6e92cd83e37826483d3e3532247f0a18afc0d68eff1db91f9e49e5f
0174B0,KR70174B0001,KoAct 글로벌AI메모리반도체액티브,2026-04-14,,,,https://data.krx.co.kr/comm/bldAttendant/getJsonData.cmd?bld=dbms/MDC/STAT/standard/MDCSTAT04601,data/krx/kind_details/KR70174B0001.html,e3b0c44298fc1c149afbf4c8996fb92427ae41e4649b934ca495991b7852b855,listing_date_missing,https://data.krx.co.kr/comm/bldAttendant/getJsonData.cmd?bld=dbms/MDC/STAT/standard/MDCSTAT04601,data/krx/etf_authenticated_master.json,a212d774f6e92cd83e37826483d3e3532247f0a18afc0d68eff1db91f9e49e5f
0132D0,KR70132D0000,KoAct 글로벌K컬처밸류체인액티브,2025-11-25,,,,https://data.krx.co.kr/comm/bldAttendant/getJsonData.cmd?bld=dbms/MDC/STAT/standard/MDCSTAT04601,data/krx/kind_details/KR70132D0000.html,e3b0c44298fc1c149afbf4c8996fb92427ae41e4649b934ca495991b7852b855,listing_date_missing,https://data.krx.co.kr/comm/bldAttendant/getJsonData.cmd?bld=dbms/MDC/STAT/standard/MDCSTAT04601,data/krx/etf_authenticated_master.json,a212d774f6e92cd83e37826483d3e3532247f0a18afc0d68eff1db91f9e49e5f
0020H0,KR70020H0001,KoAct 글로벌양자컴퓨팅액티브,2025-03-11,,,,https://data.krx.co.kr/comm/bldAttendant/getJsonData.cmd?bld=dbms/MDC/STAT/standard/MDCSTAT04601,data/krx/kind_details/KR70020H0001.html,e3b0c44298fc1c149afbf4c8996fb92427ae41e4649b934ca495991b7852b855,listing_date_missing,https://data.krx.co.kr/comm/bldAttendant/getJsonData.cmd?bld=dbms/MDC/STAT/standard/MDCSTAT04601,data/krx/etf_authenticated_master.json,a212d774f6e92cd83e37826483d3e3532247f0a18afc0d68eff1db91f9e49e5f
475070,KR7475070009,KoAct 글로벌친환경전력인프라액티브,2024-01-18,,,,https://data.krx.co.kr/comm/bldAttendant/getJsonData.cmd?bld=dbms/MDC/STAT/standard/MDCSTAT04601,data/krx/kind_details/KR7475070009.html,e3b0c44298fc1c149afbf4c8996fb92427ae41e4649b934ca495991b7852b855,listing_date_missing,https://data.krx.co.kr/comm/bldAttendant/getJsonData.cmd?bld=dbms/MDC/STAT/standard/MDCSTAT04601,data/krx/etf_authenticated_master.json,a212d774f6e92cd83e37826483d3e3532247f0a18afc0d68eff1db91f9e49e5f
0015B0,KR70015B0004,KoAct 미국나스닥성장기업액티브,2025-02-25,,,,https://data.krx.co.kr/comm/bldAttendant/getJsonData.cmd?bld=dbms/MDC/STAT/standard/MDCSTAT04601,data/krx/kind_details/KR70015B0004.html,e3b0c44298fc1c149afbf4c8996fb92427ae41e4649b934ca495991b7852b855,listing_date_missing,https://data.krx.co.kr/comm/bldAttendant/getJsonData.cmd?bld=dbms/MDC/STAT/standard/MDCSTAT04601,data/krx/etf_authenticated_master.json,a212d774f6e92cd83e37826483d3e3532247f0a18afc0d68eff1db91f9e49e5f
0104H0,KR70104H0000,KoAct 미국나스닥채권혼합50액티브,2025-09-30,,,,https://data.krx.co.kr/comm/bldAttendant/getJsonData.cmd?bld=dbms/MDC/STAT/standard/MDCSTAT04601,data/krx/kind_details/KR70104H0000.html,e3b0c44298fc1c149afbf4c8996fb92427ae41e4649b934ca495991b7852b855,listing_date_missing,https://data.krx.co.kr/comm/bldAttendant/getJsonData.cmd?bld=dbms/MDC/STAT/standard/MDCSTAT04601,data/krx/etf_authenticated_master.json,a212d774f6e92cd83e37826483d3e3532247f0a18afc0d68eff1db91f9e49e5f
0186L0,KR70186L0005,KoAct 미국로봇피지컬AI액티브,2026-04-28,,,,https://data.krx.co.kr/comm/bldAttendant/getJsonData.cmd?bld=dbms/MDC/STAT/standard/MDCSTAT04601,data/krx/kind_details/KR70186L0005.html,e3b0c44298fc1c149afbf4c8996fb92427ae41e4649b934ca495991b7852b855,listing_date_missing,https://data.krx.co.kr/comm/bldAttendant/getJsonData.cmd?bld=dbms/MDC/STAT/standard/MDCSTAT04601,data/krx/etf_authenticated_master.json,a212d774f6e92cd83e37826483d3e3532247f0a18afc0d68eff1db91f9e49e5f
0113G0,KR70113G0000,KoAct 미국바이오헬스케어액티브,2025-11-11,,,,https://data.krx.co.kr/comm/bldAttendant/getJsonData.cmd?bld=dbms/MDC/STAT/standard/MDCSTAT04601,data/krx/kind_details/KR70113G0000.html,e3b0c44298fc1c149afbf4c8996fb92427ae41e4649b934ca495991b7852b855,listing_date_missing,https://data.krx.co.kr/comm/bldAttendant/getJsonData.cmd?bld=dbms/MDC/STAT/standard/MDCSTAT04601,data/krx/etf_authenticated_master.json,a212d774f6e92cd83e37826483d3e3532247f0a18afc0d68eff1db91f9e49e5f
497780,KR7497780007,KoAct 미국천연가스인프라액티브,2024-12-10,,,,https://data.krx.co.kr/comm/bldAttendant/getJsonData.cmd?bld=dbms/MDC/STAT/standard/MDCSTAT04601,data/krx/kind_details/KR7497780007.html,e3b0c44298fc1c149afbf4c8996fb92427ae41e4649b934ca495991b7852b855,listing_date_missing,https://data.krx.co.kr/comm/bldAttendant/getJsonData.cmd?bld=dbms/MDC/STAT/standard/MDCSTAT04601,data/krx/etf_authenticated_master.json,a212d774f6e92cd83e37826483d3e3532247f0a18afc0d68eff1db91f9e49e5f
490330,KR7490330008,KoAct 미국치매&뇌질환치료제액티브,2024-09-03,,,,https://data.krx.co.kr/comm/bldAttendant/getJsonData.cmd?bld=dbms/MDC/STAT/standard/MDCSTAT04601,data/krx/kind_details/KR7490330008.html,e3b0c44298fc1c149afbf4c8996fb92427ae41e4649b934ca495991b7852b855,listing_date_missing,https://data.krx.co.kr/comm/bldAttendant/getJsonData.cmd?bld=dbms/MDC/STAT/standard/MDCSTAT04601,data/krx/etf_authenticated_master.json,a212d774f6e92cd83e37826483d3e3532247f0a18afc0d68eff1db91f9e49e5f
462900,KR7462900002,KoAct 바이오헬스케어액티브,2023-08-03,,,,https://data.krx.co.kr/comm/bldAttendant/getJsonData.cmd?bld=dbms/MDC/STAT/standard/MDCSTAT04601,data/krx/kind_details/KR7462900002.html,e3b0c44298fc1c149afbf4c8996fb92427ae41e4649b934ca495991b7852b855,listing_date_missing,https://data.krx.co.kr/comm/bldAttendant/getJsonData.cmd?bld=dbms/MDC/STAT/standard/MDCSTAT04601,data/krx/etf_authenticated_master.json,a212d774f6e92cd83e37826483d3e3532247f0a18afc0d68eff1db91f9e49e5f
482030,KR7482030004,KoAct 반도체&2차전지핵심소재액티브,2024-05-14,,iSelect 반도체&2차전지핵심소재 지수,일반 (1),https://kind.krx.co.kr/disclosure/etfisudetail.do?method=searchEftIsuDetail&isuCd=KR7482030004,data/krx/kind_details/KR7482030004.html,46cd02ba31ffeec919b0615b3c2fe5674e02881191fa2c1db7e96ac4417fe839,,,,
476850,KR7476850003,KoAct 배당성장액티브,2024-02-27,,코스피지수,일반 (1),https://kind.krx.co.kr/disclosure/etfisudetail.do?method=searchEftIsuDetail&isuCd=KR7476850003,data/krx/kind_details/KR7476850003.html,3284de7b59d6f8554a1bfb95e34749f5348a712b3720393421d3cb966a25b7c1,,,,
0051A0,KR70051A0000,KoAct 브로드컴밸류체인액티브,2025-05-20,,,,https://data.krx.co.kr/comm/bldAttendant/getJsonData.cmd?bld=dbms/MDC/STAT/standard/MDCSTAT04601,data/krx/kind_details/KR70051A0000.html,e3b0c44298fc1c149afbf4c8996fb92427ae41e4649b934ca495991b7852b855,listing_date_missing,https://data.krx.co.kr/comm/bldAttendant/getJsonData.cmd?bld=dbms/MDC/STAT/standard/MDCSTAT04601,data/krx/etf_authenticated_master.json,a212d774f6e92cd83e37826483d3e3532247f0a18afc0d68eff1db91f9e49e5f
0150K0,KR70150K0008,KoAct 수소전력ESS인프라액티브,2026-01-13,,FnGuide 수소전력ESS인프라 지수(PR),일반 (1),https://kind.krx.co.kr/disclosure/etfisudetail.do?method=searchEftIsuDetail&isuCd=KR70150K0008,data/krx/kind_details/KR70150K0008.html,d1136b50eafb208b3bac990e7a1c9fe1205b25fbfbe9245d56b2373ba5a4fb5d,,,,
0154H0,KR70154H0009,KoAct 차이나바이오헬스케어액티브,2026-01-27,,Solactive 차이나바이오헬스케어지수 PR,일반 (1),https://kind.krx.co.kr/disclosure/etfisudetail.do?method=searchEftIsuDetail&isuCd=KR70154H0009,data/krx/kind_details/KR70154H0009.html,63eb6aad8ed64fdcee2553b2a06f1cb23270841310a57c811d16e2e58d4db6f4,,,,
495230,KR7495230005,KoAct 코리아밸류업액티브,2024-11-04,,코리아 밸류업 지수,일반 (1),https://kind.krx.co.kr/disclosure/etfisudetail.do?method=searchEftIsuDetail&isuCd=KR7495230005,data/krx/kind_details/KR7495230005.html,9743a86bd61590f838aaf0d4cbd0144f1e68bf5b26a418b136237c1bf4f64ac0,,,,
0163Y0,KR70163Y0007,KoAct 코스닥액티브,2026-03-10,,,,https://data.krx.co.kr/comm/bldAttendant/getJsonData.cmd?bld=dbms/MDC/STAT/standard/MDCSTAT04601,data/krx/kind_details/KR70163Y0007.html,e3b0c44298fc1c149afbf4c8996fb92427ae41e4649b934ca495991b7852b855,listing_date_missing,https://data.krx.co.kr/comm/bldAttendant/getJsonData.cmd?bld=dbms/MDC/STAT/standard/MDCSTAT04601,data/krx/etf_authenticated_master.json,a212d774f6e92cd83e37826483d3e3532247f0a18afc0d68eff1db91f9e49e5f
0193G0,KR70193G0003,KoAct 코스피액티브,2026-05-19,,코스피지수,일반 (1),https://kind.krx.co.kr/disclosure/etfisudetail.do?method=searchEftIsuDetail&isuCd=KR70193G0003,data/krx/kind_details/KR70193G0003.html,64ea5336d1b873b1a03c03e40f0622adfc2404b2efcdb1c425ce6d9cd1115e22,,,,
0093D0,KR70093D0007,KoAct 팔란티어밸류체인액티브,2025-08-26,,,,https://data.krx.co.kr/comm/bldAttendant/getJsonData.cmd?bld=dbms/MDC/STAT/standard/MDCSTAT04601,data/krx/kind_details/KR70093D0007.html,e3b0c44298fc1c149afbf4c8996fb92427ae41e4649b934ca495991b7852b855,listing_date_missing,https://data.krx.co.kr/comm/bldAttendant/getJsonData.cmd?bld=dbms/MDC/STAT/standard/MDCSTAT04601,data/krx/etf_authenticated_master.json,a212d774f6e92cd83e37826483d3e3532247f0a18afc0d68eff1db91f9e49e5f
0232A0,KR70232A0002,MIDAS 머니마켓액티브,2026-09-01,,KIS-Midas 머니마켓 지수(총수익),일반 (1),https://kind.krx.co.kr/disclosure/etfisudetail.do?method=searchEftIsuDetail&isuCd=KR70232A0002,data/krx/kind_details/KR70232A0002.html,fd3bf395a0e099cf2f51c58d51140d7d2795e4abec4ffbc9dfe7cb3624dd5700,,,,
0214M0,KR70214M0000,MIDAS 바이오헬스케어액티브,2026-07-28,,KRX 헬스케어,일반 (1),https://kind.krx.co.kr/disclosure/etfisudetail.do?method=searchEftIsuDetail&isuCd=KR70214M0000,data/krx/kind_details/KR70214M0000.html,a561ebfc3fcd0c85b38c283e361e466993ceb65c10e17d0a15e57eb8b70fb7c8,,,,
488290,KR7488290008,MIDAS 일본테크액티브,2024-08-06,,,,https://data.krx.co.kr/comm/bldAttendant/getJsonData.cmd?bld=dbms/MDC/STAT/standard/MDCSTAT04601,data/krx/kind_details/KR7488290008.html,e3b0c44298fc1c149afbf4c8996fb92427ae41e4649b934ca495991b7852b855,listing_date_missing,https://data.krx.co.kr/comm/bldAttendant/getJsonData.cmd?bld=dbms/MDC/STAT/standard/MDCSTAT04601,data/krx/etf_authenticated_master.json,a212d774f6e92cd83e37826483d3e3532247f0a18afc0d68eff1db91f9e49e5f
438740,KR7438740003,MIDAS 중소형액티브,2022-08-17,,,,https://data.krx.co.kr/comm/bldAttendant/getJsonData.cmd?bld=dbms/MDC/STAT/standard/MDCSTAT04601,data/krx/kind_details/KR7438740003.html,e3b0c44298fc1c149afbf4c8996fb92427ae41e4649b934ca495991b7852b855,listing_date_missing,https://data.krx.co.kr/comm/bldAttendant/getJsonData.cmd?bld=dbms/MDC/STAT/standard/MDCSTAT04601,data/krx/etf_authenticated_master.json,a212d774f6e92cd83e37826483d3e3532247f0a18afc0d68eff1db91f9e49e5f
0191B0,KR70191B0000,MIDAS 코스닥액티브,2026-05-19,,코스닥지수,일반 (1),https://kind.krx.co.kr/disclosure/etfisudetail.do?method=searchEftIsuDetail&isuCd=KR70191B0000,data/krx/kind_details/KR70191B0000.html,1b825793289eafd73f0831bf2cdbce2c34d762d4768c48511a34d7c65b475902,,,,
403790,KR7403790009,MIDAS 코스피액티브,2021-10-13,,코스피지수,일반 (1),https://kind.krx.co.kr/disclosure/etfisudetail.do?method=searchEftIsuDetail&isuCd=KR7403790009,data/krx/kind_details/KR7403790009.html,ec6433d5f7545338c20c309a194454ee93e3d0f0c4051841a1e0704c721383c6,,,,
148040,KR7148040009,PIONEER SRI,2011-10-20,2016-09-08,사회책임투자지수,일반 (1),https://kind.krx.co.kr/disclosure/etfisudetail.do?method=searchEftIsuDetail&isuCd=KR7148040009,data/krx/kind_authenticated_followup/KR7148040009.html,f3f297fe8a4419d9255ffb08bc8f9198d1f0ca7f96fac3f150f3f7a0b21453a4,,https://kind.krx.co.kr/disclosure/etfisudetail.do?method=searchEftIsuDetail&isuCd=KR7148040009,data/krx/kind_authenticated_followup/KR7148040009.html,f3f297fe8a4419d9255ffb08bc8f9198d1f0ca7f96fac3f150f3f7a0b21453a4
152100,KR7152100004,PLUS 200,2012-01-10,,,,https://data.krx.co.kr/comm/bldAttendant/getJsonData.cmd?bld=dbms/MDC/STAT/standard/MDCSTAT04601,data/krx/kind_details/KR7152100004.html,e3b0c44298fc1c149afbf4c8996fb92427ae41e4649b934ca495991b7852b855,listing_date_missing,https://data.krx.co.kr/comm/bldAttendant/getJsonData.cmd?bld=dbms/MDC/STAT/standard/MDCSTAT04601,data/krx/etf_authenticated_master.json,a212d774f6e92cd83e37826483d3e3532247f0a18afc0d68eff1db91f9e49e5f
491220,KR7491220000,PLUS 200TR,2024-09-10,,,,https://data.krx.co.kr/comm/bldAttendant/getJsonData.cmd?bld=dbms/MDC/STAT/standard/MDCSTAT04601,data/krx/kind_details/KR7491220000.html,e3b0c44298fc1c149afbf4c8996fb92427ae41e4649b934ca495991b7852b855,listing_date_missing,https://data.krx.co.kr/comm/bldAttendant/getJsonData.cmd?bld=dbms/MDC/STAT/standard/MDCSTAT04601,data/krx/etf_authenticated_master.json,a212d774f6e92cd83e37826483d3e3532247f0a18afc0d68eff1db91f9e49e5f
253150,KR7253150007,PLUS 200선물레버리지,2016-09-29,,,,https://data.krx.co.kr/comm/bldAttendant/getJsonData.cmd?bld=dbms/MDC/STAT/standard/MDCSTAT04601,data/krx/kind_details/KR7253150007.html,e3b0c44298fc1c149afbf4c8996fb92427ae41e4649b934ca495991b7852b855,listing_date_missing,https://data.krx.co.kr/comm/bldAttendant/getJsonData.cmd?bld=dbms/MDC/STAT/standard/MDCSTAT04601,data/krx/etf_authenticated_master.json,a212d774f6e92cd83e37826483d3e3532247f0a18afc0d68eff1db91f9e49e5f
253160,KR7253160006,PLUS 200선물인버스2X,2016-09-22,,,,https://data.krx.co.kr/comm/bldAttendant/getJsonData.cmd?bld=dbms/MDC/STAT/standard/MDCSTAT04601,data/krx/kind_details/KR7253160006.html,e3b0c44298fc1c149afbf4c8996fb92427ae41e4649b934ca495991b7852b855,listing_date_missing,https://data.krx.co.kr/comm/bldAttendant/getJsonData.cmd?bld=dbms/MDC/STAT/standard/MDCSTAT04601,data/krx/etf_authenticated_master.json,a212d774f6e92cd83e37826483d3e3532247f0a18afc0d68eff1db91f9e49e5f
0203D0,KR70203D0004,PLUS 200위클리커버드콜채권혼합,2026-06-02,,,,https://data.krx.co.kr/comm/bldAttendant/getJsonData.cmd?bld=dbms/MDC/STAT/standard/MDCSTAT04601,data/krx/kind_details/KR70203D0004.html,e3b0c44298fc1c149afbf4c8996fb92427ae41e4649b934ca495991b7852b855,listing_date_missing,https://data.krx.co.kr/comm/bldAttendant/getJsonData.cmd?bld=dbms/MDC/STAT/standard/MDCSTAT04601,data/krx/etf_authenticated_master.json,a212d774f6e92cd83e37826483d3e3532247f0a18afc0d68eff1db91f9e49e5f
0210E0,KR70210E0004,PLUS 200커버드콜액티브,2026-06-23,,,,https://data.krx.co.kr/comm/bldAttendant/getJsonData.cmd?bld=dbms/MDC/STAT/standard/MDCSTAT04601,data/krx/kind_details/KR70210E0004.html,e3b0c44298fc1c149afbf4c8996fb92427ae41e4649b934ca495991b7852b855,listing_date_missing,https://data.krx.co.kr/comm/bldAttendant/getJsonData.cmd?bld=dbms/MDC/STAT/standard/MDCSTAT04601,data/krx/etf_authenticated_master.json,a212d774f6e92cd83e37826483d3e3532247f0a18afc0d68eff1db91f9e49e5f
395750,KR7395750003,PLUS ESG가치주액티브,2021-07-30,,,,https://data.krx.co.kr/comm/bldAttendant/getJsonData.cmd?bld=dbms/MDC/STAT/standard/MDCSTAT04601,data/krx/kind_details/KR7395750003.html,e3b0c44298fc1c149afbf4c8996fb92427ae41e4649b934ca495991b7852b855,listing_date_missing,https://data.krx.co.kr/comm/bldAttendant/getJsonData.cmd?bld=dbms/MDC/STAT/standard/MDCSTAT04601,data/krx/etf_authenticated_master.json,a212d774f6e92cd83e37826483d3e3532247f0a18afc0d68eff1db91f9e49e5f
395760,KR7395760002,PLUS ESG성장주액티브,2021-07-30,,,,https://data.krx.co.kr/comm/bldAttendant/getJsonData.cmd?bld=dbms/MDC/STAT/standard/MDCSTAT04601,data/krx/kind_details/KR7395760002.html,e3b0c44298fc1c149afbf4c8996fb92427ae41e4649b934ca495991b7852b855,listing_date_missing,https://data.krx.co.kr/comm/bldAttendant/getJsonData.cmd?bld=dbms/MDC/STAT/standard/MDCSTAT04601,data/krx/etf_authenticated_master.json,a212d774f6e92cd83e37826483d3e3532247f0a18afc0d68eff1db91f9e49e5f
436180,KR7436180004,PLUS K-유니콘투자기업액티브,2022-07-13,2024-08-27,FnGuide K-유니콘 투자기업 지수,일반 (1),https://kind.krx.co.kr/disclosure/etfisudetail.do?method=searchEftIsuDetail&isuCd=KR7436180004,data/krx/kind_authenticated_followup/KR7436180004.html,9ee7ea1d205199e0c6ff809e9602f7300bcab3efdb9c39bacd0d745003d549dd,,https://kind.krx.co.kr/disclosure/etfisudetail.do?method=searchEftIsuDetail&isuCd=KR7436180004,data/krx/kind_authenticated_followup/KR7436180004.html,9ee7ea1d205199e0c6ff809e9602f7300bcab3efdb9c39bacd0d745003d549dd
453010,KR7453010001,PLUS KOFR금리,2023-03-14,,,,https://data.krx.co.kr/comm/bldAttendant/getJsonData.cmd?bld=dbms/MDC/STAT/standard/MDCSTAT04601,data/krx/kind_details/KR7453010001.html,e3b0c44298fc1c149afbf4c8996fb92427ae41e4649b934ca495991b7852b855,listing_date_missing,https://data.krx.co.kr/comm/bldAttendant/getJsonData.cmd?bld=dbms/MDC/STAT/standard/MDCSTAT04601,data/krx/etf_authenticated_master.json,a212d774f6e92cd83e37826483d3e3532247f0a18afc0d68eff1db91f9e49e5f
333940,KR7333940005,PLUS KS로우볼가중TR,2019-09-05,2024-09-27,FnGuide KS로우볼가중 TR 지수,일반 (1),https://kind.krx.co.kr/disclosure/etfisudetail.do?method=searchEftIsuDetail&isuCd=KR7333940005,data/krx/kind_authenticated_followup/KR7333940005.html,524f11a2dcaed55554b91d3bf204ef9cf66b86a166d5ac690ba701999b4bede6,,https://kind.krx.co.kr/disclosure/etfisudetail.do?method=searchEftIsuDetail&isuCd=KR7333940005,data/krx/kind_authenticated_followup/KR7333940005.html,524f11a2dcaed55554b91d3bf204ef9cf66b86a166d5ac690ba701999b4bede6
333950,KR7333950004,PLUS KS로우사이즈가중TR,2019-09-05,2024-10-24,FnGuide KS로우사이즈가중 TR 지수,일반 (1),https://kind.krx.co.kr/disclosure/etfisudetail.do?method=searchEftIsuDetail&isuCd=KR7333950004,data/krx/kind_authenticated_followup/KR7333950004.html,4994d155a44925c062eeb1e7eeecc51195e934bb87152862ae0d0a76aa5afc86,,https://kind.krx.co.kr/disclosure/etfisudetail.do?method=searchEftIsuDetail&isuCd=KR7333950004,data/krx/kind_authenticated_followup/KR7333950004.html,4994d155a44925c062eeb1e7eeecc51195e934bb87152862ae0d0a76aa5afc86
333960,KR7333960003,PLUS KS모멘텀가중TR,2019-09-05,2024-09-27,FnGuide KS모멘텀가중 TR 지수,일반 (1),https://kind.krx.co.kr/disclosure/etfisudetail.do?method=searchEftIsuDetail&isuCd=KR7333960003,data/krx/kind_authenticated_followup/KR7333960003.html,6689a5947f043ba48f8f67ec578c946b25bba3ebd260430a027d7a08bfd3146a,,https://kind.krx.co.kr/disclosure/etfisudetail.do?method=searchEftIsuDetail&isuCd=KR7333960003,data/krx/kind_authenticated_followup/KR7333960003.html,6689a5947f043ba48f8f67ec578c946b25bba3ebd260430a027d7a08bfd3146a
333970,KR7333970002,PLUS KS밸류가중TR,2019-09-05,2024-10-24,FnGuide KS밸류가중 TR 지수,일반 (1),https://kind.krx.co.kr/disclosure/etfisudetail.do?method=searchEftIsuDetail&isuCd=KR7333970002,data/krx/kind_authenticated_followup/KR7333970002.html,a4d827cd0e8a8a0b5222e2e3661e4a4f5aad044f5ab82c054587b35048dccd24,,https://kind.krx.co.kr/disclosure/etfisudetail.do?method=searchEftIsuDetail&isuCd=KR7333970002,data/krx/kind_authenticated_followup/KR7333970002.html,a4d827cd0e8a8a0b5222e2e3661e4a4f5aad044f5ab82c054587b35048dccd24
333980,KR7333980001,PLUS KS퀄리티가중TR,2019-09-05,2024-08-27,FnGuide KS퀄리티가중 TR 지수,일반 (1),https://kind.krx.co.kr/disclosure/etfisudetail.do?method=searchEftIsuDetail&isuCd=KR7333980001,data/krx/kind_authenticated_followup/KR7333980001.html,fc644ad94fd24d5a571ce1c59f31e4bb7a3265007e62f9c7b2f020e377bb9b5a,,https://kind.krx.co.kr/disclosure/etfisudetail.do?method=searchEftIsuDetail&isuCd=KR7333980001,data/krx/kind_authenticated_followup/KR7333980001.html,fc644ad94fd24d5a571ce1c59f31e4bb7a3265007e62f9c7b2f020e377bb9b5a
429740,KR7429740004,PLUS K리츠,2022-05-24,,,,https://data.krx.co.kr/comm/bldAttendant/getJsonData.cmd?bld=dbms/MDC/STAT/standard/MDCSTAT04601,data/krx/kind_details/KR7429740004.html,e3b0c44298fc1c149afbf4c8996fb92427ae41e4649b934ca495991b7852b855,listing_date_missing,https://data.krx.co.kr/comm/bldAttendant/getJsonData.cmd?bld=dbms/MDC/STAT/standard/MDCSTAT04601,data/krx/etf_authenticated_master.json,a212d774f6e92cd83e37826483d3e3532247f0a18afc0d68eff1db91f9e49e5f
449450,KR7449450006,PLUS K방산,2023-01-05,,,,https://data.krx.co.kr/comm/bldAttendant/getJsonData.cmd?bld=dbms/MDC/STAT/standard/MDCSTAT04601,data/krx/kind_details/KR7449450006.html,e3b0c44298fc1c149afbf4c8996fb92427ae41e4649b934ca495991b7852b855,listing_date_missing,https://data.krx.co.kr/comm/bldAttendant/getJsonData.cmd?bld=dbms/MDC/STAT/standard/MDCSTAT04601,data/krx/etf_authenticated_master.json,a212d774f6e92cd83e37826483d3e3532247f0a18afc0d68eff1db91f9e49e5f
0104G0,KR70104G0001,PLUS K방산레버리지,2025-09-30,,,,https://data.krx.co.kr/comm/bldAttendant/getJsonData.cmd?bld=dbms/MDC/STAT/standard/MDCSTAT04601,data/krx/kind_details/KR70104G0001.html,e3b0c44298fc1c149afbf4c8996fb92427ae41e4649b934ca495991b7852b855,listing_date_missing,https://data.krx.co.kr/comm/bldAttendant/getJsonData.cmd?bld=dbms/MDC/STAT/standard/MDCSTAT04601,data/krx/etf_authenticated_master.json,a212d774f6e92cd83e37826483d3e3532247f0a18afc0d68eff1db91f9e49e5f
0090B0,KR70090B0002,PLUS K방산소부장,2025-08-26,,,,https://data.krx.co.kr/comm/bldAttendant/getJsonData.cmd?bld=dbms/MDC/STAT/standard/MDCSTAT04601,data/krx/kind_details/KR70090B0002.html,e3b0c44298fc1c149afbf4c8996fb92427ae41e4649b934ca495991b7852b855,listing_date_missing,https://data.krx.co.kr/comm/bldAttendant/getJsonData.cmd?bld=dbms/MDC/STAT/standard/MDCSTAT04601,data/krx/etf_authenticated_master.json,a212d774f6e92cd83e37826483d3e3532247f0a18afc0d68eff1db91f9e49e5f
0166S0,KR70166S0002,PLUS K제조업핵심기업액티브,2026-03-24,,,,https://data.krx.co.kr/comm/bldAttendant/getJsonData.cmd?bld=dbms/MDC/STAT/standard/MDCSTAT04601,data/krx/kind_details/KR70166S0002.html,e3b0c44298fc1c149afbf4c8996fb92427ae41e4649b934ca495991b7852b855,listing_date_missing,https://data.krx.co.kr/comm/bldAttendant/getJsonData.cmd?bld=dbms/MDC/STAT/standard/MDCSTAT04601,data/krx/etf_authenticated_master.json,a212d774f6e92cd83e37826483d3e3532247f0a18afc0d68eff1db91f9e49e5f
269530,KR7269530002,PLUS S&P글로벌인프라,2017-05-16,,,,https://data.krx.co.kr/comm/bldAttendant/getJsonData.cmd?bld=dbms/MDC/STAT/standard/MDCSTAT04601,data/krx/kind_details/KR7269530002.html,e3b0c44298fc1c149afbf4c8996fb92427ae41e4649b934ca495991b7852b855,listing_date_missing,https://data.krx.co.kr/comm/bldAttendant/getJsonData.cmd?bld=dbms/MDC/STAT/standard/MDCSTAT04601,data/krx/etf_authenticated_master.json,a212d774f6e92cd83e37826483d3e3532247f0a18afc0d68eff1db91f9e49e5f
0226A0,KR70226A0000,PLUS SK하이닉스샌디스크채권혼합50,2026-08-04,,,,https://data.krx.co.kr/comm/bldAttendant/getJsonData.cmd?bld=dbms/MDC/STAT/standard/MDCSTAT04601,data/krx/kind_details/KR70226A0000.html,e3b0c44298fc1c149afbf4c8996fb92427ae41e4649b934ca495991b7852b855,listing_date_missing,https://data.krx.co.kr/comm/bldAttendant/getJsonData.cmd?bld=dbms/MDC/STAT/standard/MDCSTAT04601,data/krx/etf_authenticated_master.json,a212d774f6e92cd83e37826483d3e3532247f0a18afc0d68eff1db91f9e49e5f
433850,KR7433850005,PLUS TDF2030액티브,2022-06-30,2025-07-16,Morningstar Korea Lifetime Allocation Moderate 2030 Index (Gross Return),일반 (1),https://kind.krx.co.kr/disclosure/etfisudetail.do?method=searchEftIsuDetail&isuCd=KR7433850005,data/krx/kind_authenticated_followup/KR7433850005.html,d92e6da960bf9d49756e8fccc0bade7072f4f5e1695cd4512cd342a3cd66e1df,,https://kind.krx.co.kr/disclosure/etfisudetail.do?method=searchEftIsuDetail&isuCd=KR7433850005,data/krx/kind_authenticated_followup/KR7433850005.html,d92e6da960bf9d49756e8fccc0bade7072f4f5e1695cd4512cd342a3cd66e1df
433860,KR7433860004,PLUS TDF2040액티브,2022-06-30,2025-08-21,Morningstar Korea Lifetime Allocation Moderate 2040 Index (Gross Return),일반 (1),https://kind.krx.co.kr/disclosure/etfisudetail.do?method=searchEftIsuDetail&isuCd=KR7433860004,data/krx/kind_authenticated_followup/KR7433860004.html,9a6dfb5359b80fbd035690a3b25b1901cef66591527db2e8bf00a97ec675c868,,https://kind.krx.co.kr/disclosure/etfisudetail.do?method=searchEftIsuDetail&isuCd=KR7433860004,data/krx/kind_authenticated_followup/KR7433860004.html,9a6dfb5359b80fbd035690a3b25b1901cef66591527db2e8bf00a97ec675c868
433870,KR7433870003,PLUS TDF2050액티브,2022-06-30,2025-09-18,Morningstar Korea Lifetime Allocation Moderate 2050 Index (Gross Return),일반 (1),https://kind.krx.co.kr/disclosure/etfisudetail.do?method=searchEftIsuDetail&isuCd=KR7433870003,data/krx/kind_authenticated_followup/KR7433870003.html,2ff511cd2564a342a71189cf8c8e6e0182d9bdf27d2c9d6c71b7c89cb8e57196,,https://kind.krx.co.kr/disclosure/etfisudetail.do?method=searchEftIsuDetail&isuCd=KR7433870003,data/krx/kind_authenticated_followup/KR7433870003.html,2ff511cd2564a342a71189cf8c8e6e0182d9bdf27d2c9d6c71b7c89cb8e57196
433880,KR7433880002,PLUS TDF2060액티브 적격,2022-06-30,,,,https://data.krx.co.kr/comm/bldAttendant/getJsonData.cmd?bld=dbms/MDC/STAT/standard/MDCSTAT04601,data/krx/kind_details/KR7433880002.html,e3b0c44298fc1c149afbf4c8996fb92427ae41e4649b934ca495991b7852b855,listing_date_missing,https://data.krx.co.kr/comm/bldAttendant/getJsonData.cmd?bld=dbms/MDC/STAT/standard/MDCSTAT04601,data/krx/etf_authenticated_master.json,a212d774f6e92cd83e37826483d3e3532247f0a18afc0d68eff1db91f9e49e5f
251590,KR7251590006,PLUS 고배당저변동50,2016-08-11,,,,https://data.krx.co.kr/comm/bldAttendant/getJsonData.cmd?bld=dbms/MDC/STAT/standard/MDCSTAT04601,data/krx/kind_details/KR7251590006.html,e3b0c44298fc1c149afbf4c8996fb92427ae41e4649b934ca495991b7852b855,listing_date_missing,https://data.krx.co.kr/comm/bldAttendant/getJsonData.cmd?bld=dbms/MDC/STAT/standard/MDCSTAT04601,data/krx/etf_authenticated_master.json,a212d774f6e92cd83e37826483d3e3532247f0a18afc0d68eff1db91f9e49e5f
161510,KR7161510003,PLUS 고배당주,2012-08-29,,,,https://data.krx.co.kr/comm/bldAttendant/getJsonData.cmd?bld=dbms/MDC/STAT/standard/MDCSTAT04601,data/krx/kind_details/KR7161510003.html,e3b0c44298fc1c149afbf4c8996fb92427ae41e4649b934ca495991b7852b855,listing_date_missing,https://data.krx.co.kr/comm/bldAttendant/getJsonData.cmd?bld=dbms/MDC/STAT/standard/MDCSTAT04601,data/krx/etf_authenticated_master.json,a212d774f6e92cd83e37826483d3e3532247f0a18afc0d68eff1db91f9e49e5f
0018C0,KR70018C0000,PLUS 고배당주위클리고정커버드콜,2025-03-05,,,,https://data.krx.co.kr/comm/bldAttendant/getJsonData.cmd?bld=dbms/MDC/STAT/standard/MDCSTAT04601,data/krx/kind_details/KR70018C0000.html,e3b0c44298fc1c149afbf4c8996fb92427ae41e4649b934ca495991b7852b855,listing_date_missing,https://data.krx.co.kr/comm/bldAttendant/getJsonData.cmd?bld=dbms/MDC/STAT/standard/MDCSTAT04601,data/krx/etf_authenticated_master.json,a212d774f6e92cd83e37826483d3e3532247f0a18afc0d68eff1db91f9e49e5f
489030,KR7489030007,PLUS 고배당주위클리커버드콜,2024-08-13,,코스피 고배당 위클리 콜매도 ATM 지수,일반 (1),https://kind.krx.co.kr/disclosure/etfisudetail.do?method=searchEftIsuDetail&isuCd=KR7489030007,data/krx/kind_details/KR7489030007.html,d347eeba9b22ab9b612e2341756997461ee4b9ee560c7eae55c3af879e15f72d,,,,
251600,KR7251600003,PLUS 고배당주채권혼합,2016-08-11,,FnGuide 고배당주 채권혼합 지수,일반 (1),https://kind.krx.co.kr/disclosure/etfisudetail.do?method=searchEftIsuDetail&isuCd=KR7251600003,data/krx/kind_details/KR7251600003.html,f6c1baedc5c216cfa8c220f7557097d92012e8bd979b76d0ad00aa3f64fdfcff,,,,
461460,KR7461460008,PLUS 국고채10년액티브,2023-07-18,,,,https://data.krx.co.kr/comm/bldAttendant/getJsonData.cmd?bld=dbms/MDC/STAT/standard/MDCSTAT04601,data/krx/kind_details/KR7461460008.html,e3b0c44298fc1c149afbf4c8996fb92427ae41e4649b934ca495991b7852b855,listing_date_missing,https://data.krx.co.kr/comm/bldAttendant/getJsonData.cmd?bld=dbms/MDC/STAT/standard/MDCSTAT04601,data/krx/etf_authenticated_master.json,a212d774f6e92cd83e37826483d3e3532247f0a18afc0d68eff1db91f9e49e5f
451600,KR7451600001,PLUS 국고채30년액티브,2023-02-07,,KAP 국고채 30년 지수(총수익),일반 (1),https://kind.krx.co.kr/disclosure/etfisudetail.do?method=searchEftIsuDetail&isuCd=KR7451600001,data/krx/kind_details/KR7451600001.html,07e448222b4f0d4da40d6cb151c102612552e68de773394c8b8ada990daa1496,,,,
491230,KR7491230009,PLUS 국공채머니마켓액티브,2024-09-10,,KAP 국공채 MMF 지수(총수익),일반 (1),https://kind.krx.co.kr/disclosure/etfisudetail.do?method=searchEftIsuDetail&isuCd=KR7491230009,data/krx/kind_details/KR7491230009.html,4cefe9fad4339ae5b086bcaa3a11f5a9542e29ad17e205f42bfeb5590df992df,,,,
289670,KR7289670002,PLUS 국채선물10년,2018-02-07,,10년국채선물지수,일반 (1),https://kind.krx.co.kr/disclosure/etfisudetail.do?method=searchEftIsuDetail&isuCd=KR7289670002,data/krx/kind_details/KR7289670002.html,479e9a679e83c6e2469782ebf65e41b647f78319dc9f692100d97d0c47c1d8a5,,,,
298340,KR7298340001,PLUS 국채선물3년,2018-06-08,,,,https://data.krx.co.kr/comm/bldAttendant/getJsonData.cmd?bld=dbms/MDC/STAT/standard/MDCSTAT04601,data/krx/kind_details/KR7298340001.html,e3b0c44298fc1c149afbf4c8996fb92427ae41e4649b934ca495991b7852b855,listing_date_missing,https://data.krx.co.kr/comm/bldAttendant/getJsonData.cmd?bld=dbms/MDC/STAT/standard/MDCSTAT04601,data/krx/etf_authenticated_master.json,a212d774f6e92cd83e37826483d3e3532247f0a18afc0d68eff1db91f9e49e5f
438210,KR7438210007,PLUS 글로벌AI,2022-08-17,2025-04-24,BlueStar Artificial Intelligence Index(시장가격),일반 (1),https://kind.krx.co.kr/disclosure/etfisudetail.do?method=searchEftIsuDetail&isuCd=KR7438210007,data/krx/kind_details/KR7438210007.html,dd2700eeb54ab5099bec717c040d7b5502e3ff223e7fc5f304c6fd54e860eb6a,,,,
489010,KR7489010009,PLUS 글로벌AI인프라,2024-08-13,2026-08-27,Solactive Global AI Infrastructure Index (PR),일반 (1),https://kind.krx.co.kr/disclosure/etfisudetail.do?method=searchEftIsuDetail&isuCd=KR7489010009,data/krx/kind_authenticated_followup/KR7489010009.html,6bd0af32b8d5e9e9fccd6694be96dbc945d2696c04b44bdc103fb6fdaad55cb4,,https://kind.krx.co.kr/disclosure/etfisudetail.do?method=searchEftIsuDetail&isuCd=KR7489010009,data/krx/kind_authenticated_followup/KR7489010009.html,6bd0af32b8d5e9e9fccd6694be96dbc945d2696c04b44bdc103fb6fdaad55cb4
442580,KR7442580007,PLUS 글로벌HBM반도체,2022-09-22,,iSelect 글로벌HBM반도체 지수,일반 (1),https://kind.krx.co.kr/disclosure/etfisudetail.do?method=searchEftIsuDetail&isuCd=KR7442580007,data/krx/kind_details/KR7442580007.html,e90792ce3cbc9d3f313e7f8914e837b19b108e1772f5232999bbba93db8412d8,,,,
189400,KR7189400005,PLUS 글로벌MSCI(합성 H),2013-12-10,,,,https://data.krx.co.kr/comm/bldAttendant/getJsonData.cmd?bld=dbms/MDC/STAT/standard/MDCSTAT04601,data/krx/kind_details/KR7189400005.html,e3b0c44298fc1c149afbf4c8996fb92427ae41e4649b934ca495991b7852b855,listing_date_missing,https://data.krx.co.kr/comm/bldAttendant/getJsonData.cmd?bld=dbms/MDC/STAT/standard/MDCSTAT04601,data/krx/etf_authenticated_master.json,a212d774f6e92cd83e37826483d3e3532247f0a18afc0d68eff1db91f9e49e5f
496770,KR7496770009,PLUS 글로벌방산,2024-11-12,,Solactive Global Defense Index(PR),일반 (1),https://kind.krx.co.kr/disclosure/etfisudetail.do?method=searchEftIsuDetail&isuCd=KR7496770009,data/krx/kind_details/KR7496770009.html,034a25dba6459bada2fad8f4ba8c1d44070667118b5e3608d968c74f4e173832,,,,
419650,KR7419650007,PLUS 글로벌수소&차세대연료전지,2022-02-15,,,,https://data.krx.co.kr/comm/bldAttendant/getJsonData.cmd?bld=dbms/MDC/STAT/standard/MDCSTAT04601,data/krx/kind_details/KR7419650007.html,e3b0c44298fc1c149afbf4c8996fb92427ae41e4649b934ca495991b7852b855,listing_date_missing,https://data.krx.co.kr/comm/bldAttendant/getJsonData.cmd?bld=dbms/MDC/STAT/standard/MDCSTAT04601,data/krx/etf_authenticated_master.json,a212d774f6e92cd83e37826483d3e3532247f0a18afc0d68eff1db91f9e49e5f
0007G0,KR70007G0009,PLUS 글로벌원자력밸류체인,2025-01-14,,,,https://data.krx.co.kr/comm/bldAttendant/getJsonData.cmd?bld=dbms/MDC/STAT/standard/MDCSTAT04601,data/krx/kind_details/KR70007G0009.html,e3b0c44298fc1c149afbf4c8996fb92427ae41e4649b934ca495991b7852b855,listing_date_missing,https://data.krx.co.kr/comm/bldAttendant/getJsonData.cmd?bld=dbms/MDC/STAT/standard/MDCSTAT04601,data/krx/etf_authenticated_master.json,a212d774f6e92cd83e37826483d3e3532247f0a18afc0d68eff1db91f9e49e5f
0166T0,KR70166T0001,PLUS 글로벌저작권핵심기업액티브,2026-03-31,,,,https://data.krx.co.kr/comm/bldAttendant/getJsonData.cmd?bld=dbms/MDC/STAT/standard/MDCSTAT04601,data/krx/kind_details/KR70166T0001.html,e3b0c44298fc1c149afbf4c8996fb92427ae41e4649b934ca495991b7852b855,listing_date_missing,https://data.krx.co.kr/comm/bldAttendant/getJsonData.cmd?bld=dbms/MDC/STAT/standard/MDCSTAT04601,data/krx/etf_authenticated_master.json,a212d774f6e92cd83e37826483d3e3532247f0a18afc0d68eff1db91f9e49e5f
0035T0,KR70035T0000,PLUS 글로벌휴머노이드로봇액티브,2025-04-15,,,,https://data.krx.co.kr/comm/bldAttendant/getJsonData.cmd?bld=dbms/MDC/STAT/standard/MDCSTAT04601,data/krx/kind_details/KR70035T0000.html,e3b0c44298fc1c149afbf4c8996fb92427ae41e4649b934ca495991b7852b855,listing_date_missing,https://data.krx.co.kr/comm/bldAttendant/getJsonData.cmd?bld=dbms/MDC/STAT/standard/MDCSTAT04601,data/krx/etf_authenticated_master.json,a212d774f6e92cd83e37826483d3e3532247f0a18afc0d68eff1db91f9e49e5f
415920,KR7415920008,PLUS 글로벌희토류&전략자원생산기업,2022-01-18,,,,https://data.krx.co.kr/comm/bldAttendant/getJsonData.cmd?bld=dbms/MDC/STAT/standard/MDCSTAT04601,data/krx/kind_details/KR7415920008.html,e3b0c44298fc1c149afbf4c8996fb92427ae41e4649b934ca495991b7852b855,listing_date_missing,https://data.krx.co.kr/comm/bldAttendant/getJsonData.cmd?bld=dbms/MDC/STAT/standard/MDCSTAT04601,data/krx/etf_authenticated_master.json,a212d774f6e92cd83e37826483d3e3532247f0a18afc0d68eff1db91f9e49e5f
0138Y0,KR70138Y0009,PLUS 금채권혼합,2025-12-16,,,,https://data.krx.co.kr/comm/bldAttendant/getJsonData.cmd?bld=dbms/MDC/STAT/standard/MDCSTAT04601,data/krx/kind_details/KR70138Y0009.html,e3b0c44298fc1c149afbf4c8996fb92427ae41e4649b934ca495991b7852b855,listing_date_missing,https://data.krx.co.kr/comm/bldAttendant/getJsonData.cmd?bld=dbms/MDC/STAT/standard/MDCSTAT04601,data/krx/etf_authenticated_master.json,a212d774f6e92cd83e37826483d3e3532247f0a18afc0d68eff1db91f9e49e5f
278620,KR7278620000,PLUS 단기채권액티브,2017-09-26,,,,https://data.krx.co.kr/comm/bldAttendant/getJsonData.cmd?bld=dbms/MDC/STAT/standard/MDCSTAT04601,data/krx/kind_details/KR7278620000.html,e3b0c44298fc1c149afbf4c8996fb92427ae41e4649b934ca495991b7852b855,listing_date_missing,https://data.krx.co.kr/comm/bldAttendant/getJsonData.cmd?bld=dbms/MDC/STAT/standard/MDCSTAT04601,data/krx/etf_authenticated_master.json,a212d774f6e92cd83e37826483d3e3532247f0a18afc0d68eff1db91f9e49e5f
477050,KR7477050009,PLUS 머니마켓액티브,2024-03-26,,,,https://data.krx.co.kr/comm/bldAttendant/getJsonData.cmd?bld=dbms/MDC/STAT/standard/MDCSTAT04601,data/krx/kind_details/KR7477050009.html,e3b0c44298fc1c149afbf4c8996fb92427ae41e4649b934ca495991b7852b855,listing_date_missing,https://data.krx.co.kr/comm/bldAttendant/getJsonData.cmd?bld=dbms/MDC/STAT/standard/MDCSTAT04601,data/krx/etf_authenticated_master.json,a212d774f6e92cd83e37826483d3e3532247f0a18afc0d68eff1db91f9e49e5f
0050E0,KR70050E0007,PLUS 미국AI에이전트,2025-05-20,,,,https://data.krx.co.kr/comm/bldAttendant/getJsonData.cmd?bld=dbms/MDC/STAT/standard/MDCSTAT04601,data/krx/kind_details/KR70050E0007.html,e3b0c44298fc1c149afbf4c8996fb92427ae41e4649b934ca495991b7852b855,listing_date_missing,https://data.krx.co.kr/comm/bldAttendant/getJsonData.cmd?bld=dbms/MDC/STAT/standard/MDCSTAT04601,data/krx/etf_authenticated_master.json,a212d774f6e92cd83e37826483d3e3532247f0a18afc0d68eff1db91f9e49e5f
429760,KR7429760002,PLUS 미국S&P500,2022-05-31,,,,https://data.krx.co.kr/comm/bldAttendant/getJsonData.cmd?bld=dbms/MDC/STAT/standard/MDCSTAT04601,data/krx/kind_details/KR7429760002.html,e3b0c44298fc1c149afbf4c8996fb92427ae41e4649b934ca495991b7852b855,listing_date_missing,https://data.krx.co.kr/comm/bldAttendant/getJsonData.cmd?bld=dbms/MDC/STAT/standard/MDCSTAT04601,data/krx/etf_authenticated_master.json,a212d774f6e92cd83e37826483d3e3532247f0a18afc0d68eff1db91f9e49e5f
269540,KR7269540001,PLUS 미국S&P500(H),2017-05-16,,,,https://data.krx.co.kr/comm/bldAttendant/getJsonData.cmd?bld=dbms/MDC/STAT/standard/MDCSTAT04601,data/krx/kind_details/KR7269540001.html,e3b0c44298fc1c149afbf4c8996fb92427ae41e4649b934ca495991b7852b855,listing_date_missing,https://data.krx.co.kr/comm/bldAttendant/getJsonData.cmd?bld=dbms/MDC/STAT/standard/MDCSTAT04601,data/krx/etf_authenticated_master.json,a212d774f6e92cd83e37826483d3e3532247f0a18afc0d68eff1db91f9e49e5f
0057H0,KR70057H0007,PLUS 미국S&P500미국채혼합50액티브,2025-06-10,,,,https://data.krx.co.kr/comm/bldAttendant/getJsonData.cmd?bld=dbms/MDC/STAT/standard/MDCSTAT04601,data/krx/kind_details/KR70057H0007.html,e3b0c44298fc1c149afbf4c8996fb92427ae41e4649b934ca495991b7852b855,listing_date_missing,https://data.krx.co.kr/comm/bldAttendant/getJsonData.cmd?bld=dbms/MDC/STAT/standard/MDCSTAT04601,data/krx/etf_authenticated_master.json,a212d774f6e92cd83e37826483d3e3532247f0a18afc0d68eff1db91f9e49e5f
494410,KR7494410004,PLUS 미국S&P500성장주,2024-10-22,,,,https://data.krx.co.kr/comm/bldAttendant/getJsonData.cmd?bld=dbms/MDC/STAT/standard/MDCSTAT04601,data/krx/kind_details/KR7494410004.html,e3b0c44298fc1c149afbf4c8996fb92427ae41e4649b934ca495991b7852b855,listing_date_missing,https://data.krx.co.kr/comm/bldAttendant/getJsonData.cmd?bld=dbms/MDC/STAT/standard/MDCSTAT04601,data/krx/etf_authenticated_master.json,a212d774f6e92cd83e37826483d3e3532247f0a18afc0d68eff1db91f9e49e5f
0153X0,KR70153X0000,PLUS 미국고배당주액티브,2026-01-27,,,,https://data.krx.co.kr/comm/bldAttendant/getJsonData.cmd?bld=dbms/MDC/STAT/standard/MDCSTAT04601,data/krx/kind_details/KR70153X0000.html,e3b0c44298fc1c149afbf4c8996fb92427ae41e4649b934ca495991b7852b855,listing_date_missing,https://data.krx.co.kr/comm/bldAttendant/getJsonData.cmd?bld=dbms/MDC/STAT/standard/MDCSTAT04601,data/krx/etf_authenticated_master.json,a212d774f6e92cd83e37826483d3e3532247f0a18afc0d68eff1db91f9e49e5f
0089B0,KR70089B0005,PLUS 미국나스닥100미국채혼합50,2025-08-19,,,,https://data.krx.co.kr/comm/bldAttendant/getJsonData.cmd?bld=dbms/MDC/STAT/standard/MDCSTAT04601,data/krx/kind_details/KR70089B0005.html,e3b0c44298fc1c149afbf4c8996fb92427ae41e4649b934ca495991b7852b855,listing_date_missing,https://data.krx.co.kr/comm/bldAttendant/getJsonData.cmd?bld=dbms/MDC/STAT/standard/MDCSTAT04601,data/krx/etf_authenticated_master.json,a212d774f6e92cd83e37826483d3e3532247f0a18afc0d68eff1db91f9e49e5f
287180,KR7287180004,PLUS 미국나스닥테크,2017-12-13,,,,https://data.krx.co.kr/comm/bldAttendant/getJsonData.cmd?bld=dbms/MDC/STAT/standard/MDCSTAT04601,data/krx/kind_details/KR7287180004.html,e3b0c44298fc1c149afbf4c8996fb92427ae41e4649b934ca495991b7852b855,listing_date_missing,https://data.krx.co.kr/comm/bldAttendant/getJsonData.cmd?bld=dbms/MDC/STAT/standard/MDCSTAT04601,data/krx/etf_authenticated_master.json,a212d774f6e92cd83e37826483d3e3532247f0a18afc0d68eff1db91f9e49e5f
213630,KR7213630007,PLUS 미국다우존스고배당주(합성 H),2015-01-26,,,,https://data.krx.co.kr/comm/bldAttendant/getJsonData.cmd?bld=dbms/MDC/STAT/standard/MDCSTAT04601,data/krx/kind_details/KR7213630007.html,e3b0c44298fc1c149afbf4c8996fb92427ae41e4649b934ca495991b7852b855,listing_date_missing,https://data.krx.co.kr/comm/bldAttendant/getJsonData.cmd?bld=dbms/MDC/STAT/standard/MDCSTAT04601,data/krx/etf_authenticated_master.json,a212d774f6e92cd83e37826483d3e3532247f0a18afc0d68eff1db91f9e49e5f
332610,KR7332610005,PLUS 미국단기회사채(AAA~A),2019-08-20,,,,https://data.krx.co.kr/comm/bldAttendant/getJsonData.cmd?bld=dbms/MDC/STAT/standard/MDCSTAT04601,data/krx/kind_details/KR7332610005.html,e3b0c44298fc1c149afbf4c8996fb92427ae41e4649b934ca495991b7852b855,listing_date_missing,https://data.krx.co.kr/comm/bldAttendant/getJsonData.cmd?bld=dbms/MDC/STAT/standard/MDCSTAT04601,data/krx/etf_authenticated_master.json,a212d774f6e92cd83e37826483d3e3532247f0a18afc0d68eff1db91f9e49e5f
456200,KR7456200005,PLUS 미국달러SOFR금리액티브(합성),2023-05-09,,,,https://data.krx.co.kr/comm/bldAttendant/getJsonData.cmd?bld=dbms/MDC/STAT/standard/MDCSTAT04601,data/krx/kind_details/KR7456200005.html,e3b0c44298fc1c149afbf4c8996fb92427ae41e4649b934ca495991b7852b855,listing_date_missing,https://data.krx.co.kr/comm/bldAttendant/getJsonData.cmd?bld=dbms/MDC/STAT/standard/MDCSTAT04601,data/krx/etf_authenticated_master.json,a212d774f6e92cd83e37826483d3e3532247f0a18afc0d68eff1db91f9e49e5f
426410,KR7426410007,PLUS 미국대체투자Top10,2022-05-11,2025-02-20,BlueStar Top 10 US Listed Alternative Asset Managers Index (시장가격),일반 (1),https://kind.krx.co.kr/disclosure/etfisudetail.do?method=searchEftIsuDetail&isuCd=KR7426410007,data/krx/kind_authenticated_followup/KR7426410007.html,5877db557aca582a0b36676a7f8e3619c575425184f537bd47d1e8daaf57d1c4,,https://kind.krx.co.kr/disclosure/etfisudetail.do?method=searchEftIsuDetail&isuCd=KR7426410007,data/krx/kind_authenticated_followup/KR7426410007.html,5877db557aca582a0b36676a7f8e3619c575425184f537bd47d1e8daaf57d1c4
0078V0,KR70078V0004,PLUS 미국로보택시,2025-07-22,,,,https://data.krx.co.kr/comm/bldAttendant/getJsonData.cmd?bld=dbms/MDC/STAT/standard/MDCSTAT04601,data/krx/kind_details/KR70078V0004.html,e3b0c44298fc1c149afbf4c8996fb92427ae41e4649b934ca495991b7852b855,listing_date_missing,https://data.krx.co.kr/comm/bldAttendant/getJsonData.cmd?bld=dbms/MDC/STAT/standard/MDCSTAT04601,data/krx/etf_authenticated_master.json,a212d774f6e92cd83e37826483d3e3532247f0a18afc0d68eff1db91f9e49e5f
494420,KR7494420003,PLUS 미국배당증가성장주데일리커버드콜,2024-10-22,,,,https://data.krx.co.kr/comm/bldAttendant/getJsonData.cmd?bld=dbms/MDC/STAT/standard/MDCSTAT04601,data/krx/kind_details/KR7494420003.html,e3b0c44298fc1c149afbf4c8996fb92427ae41e4649b934ca495991b7852b855,listing_date_missing,https://data.krx.co.kr/comm/bldAttendant/getJsonData.cmd?bld=dbms/MDC/STAT/standard/MDCSTAT04601,data/krx/etf_authenticated_master.json,a212d774f6e92cd83e37826483d3e3532247f0a18afc0d68eff1db91f9e49e5f
0023B0,KR70023B0004,PLUS 미국양자컴퓨팅TOP10,2025-03-11,,,,https://data.krx.co.kr/comm/bldAttendant/getJsonData.cmd?bld=dbms/MDC/STAT/standard/MDCSTAT04601,data/krx/kind_details/KR70023B0004.html,e3b0c44298fc1c149afbf4c8996fb92427ae41e4649b934ca495991b7852b855,listing_date_missing,https://data.krx.co.kr/comm/bldAttendant/getJsonData.cmd?bld=dbms/MDC/STAT/standard/MDCSTAT04601,data/krx/etf_authenticated_master.json,a212d774f6e92cd83e37826483d3e3532247f0a18afc0d68eff1db91f9e49e5f
332620,KR7332620004,PLUS 미국장기우량회사채,2019-08-20,,,,https://data.krx.co.kr/comm/bldAttendant/getJsonData.cmd?bld=dbms/MDC/STAT/standard/MDCSTAT04601,data/krx/kind_details/KR7332620004.html,e3b0c44298fc1c149afbf4c8996fb92427ae41e4649b934ca495991b7852b855,listing_date_missing,https://data.krx.co.kr/comm/bldAttendant/getJsonData.cmd?bld=dbms/MDC/STAT/standard/MDCSTAT04601,data/krx/etf_authenticated_master.json,a212d774f6e92cd83e37826483d3e3532247f0a18afc0d68eff1db91f9e49e5f
464470,KR7464470004,PLUS 미국채30년액티브,2023-08-22,,,,https://data.krx.co.kr/comm/bldAttendant/getJsonData.cmd?bld=dbms/MDC/STAT/standard/MDCSTAT04601,data/krx/kind_details/KR7464470004.html,e3b0c44298fc1c149afbf4c8996fb92427ae41e4649b934ca495991b7852b855,listing_date_missing,https://data.krx.co.kr/comm/bldAttendant/getJsonData.cmd?bld=dbms/MDC/STAT/standard/MDCSTAT04601,data/krx/etf_authenticated_master.json,a212d774f6e92cd83e37826483d3e3532247f0a18afc0d68eff1db91f9e49e5f
461900,KR7461900003,PLUS 미국테크TOP10,2023-07-18,,,,https://data.krx.co.kr/comm/bldAttendant/getJsonData.cmd?bld=dbms/MDC/STAT/standard/MDCSTAT04601,data/krx/kind_details/KR7461900003.html,e3b0c44298fc1c149afbf4c8996fb92427ae41e4649b934ca495991b7852b855,listing_date_missing,https://data.krx.co.kr/comm/bldAttendant/getJsonData.cmd?bld=dbms/MDC/STAT/standard/MDCSTAT04601,data/krx/etf_authenticated_master.json,a212d774f6e92cd83e37826483d3e3532247f0a18afc0d68eff1db91f9e49e5f
461910,KR7461910002,PLUS 미국테크TOP10레버리지(합성),2023-07-18,,,,https://data.krx.co.kr/comm/bldAttendant/getJsonData.cmd?bld=dbms/MDC/STAT/standard/MDCSTAT04601,data/krx/kind_details/KR7461910002.html,e3b0c44298fc1c149afbf4c8996fb92427ae41e4649b934ca495991b7852b855,listing_date_missing,https://data.krx.co.kr/comm/bldAttendant/getJsonData.cmd?bld=dbms/MDC/STAT/standard/MDCSTAT04601,data/krx/etf_authenticated_master.json,a212d774f6e92cd83e37826483d3e3532247f0a18afc0d68eff1db91f9e49e5f
0193K0,KR70193K0007,PLUS 삼성전자단일종목레버리지,2026-05-27,,,,https://data.krx.co.kr/comm/bldAttendant/getJsonData.cmd?bld=dbms/MDC/STAT/standard/MDCSTAT04601,data/krx/kind_details/KR70193K0007.html,e3b0c44298fc1c149afbf4c8996fb92427ae41e4649b934ca495991b7852b855,listing_date_missing,https://data.krx.co.kr/comm/bldAttendant/getJsonData.cmd?bld=dbms/MDC/STAT/standard/MDCSTAT04601,data/krx/etf_authenticated_master.json,a212d774f6e92cd83e37826483d3e3532247f0a18afc0d68eff1db91f9e49e5f
0193L0,KR70193L0006,PLUS 삼성전자선물단일종목인버스2X,2026-05-27,,,,https://data.krx.co.kr/comm/bldAttendant/getJsonData.cmd?bld=dbms/MDC/STAT/standard/MDCSTAT04601,data/krx/kind_details/KR70193L0006.html,e3b0c44298fc1c149afbf4c8996fb92427ae41e4649b934ca495991b7852b855,listing_date_missing,https://data.krx.co.kr/comm/bldAttendant/getJsonData.cmd?bld=dbms/MDC/STAT/standard/MDCSTAT04601,data/krx/etf_authenticated_master.json,a212d774f6e92cd83e37826483d3e3532247f0a18afc0d68eff1db91f9e49e5f
195970,KR7195970009,PLUS 선진국MSCI(합성 H),2014-05-13,,,,https://data.krx.co.kr/comm/bldAttendant/getJsonData.cmd?bld=dbms/MDC/STAT/standard/MDCSTAT04601,data/krx/kind_details/KR7195970009.html,e3b0c44298fc1c149afbf4c8996fb92427ae41e4649b934ca495991b7852b855,listing_date_missing,https://data.krx.co.kr/comm/bldAttendant/getJsonData.cmd?bld=dbms/MDC/STAT/standard/MDCSTAT04601,data/krx/etf_authenticated_master.json,a212d774f6e92cd83e37826483d3e3532247f0a18afc0d68eff1db91f9e49e5f
238670,KR7238670004,PLUS 스마트베타Quality채권혼합,2016-02-24,,,,https://data.krx.co.kr/comm/bldAttendant/getJsonData.cmd?bld=dbms/MDC/STAT/standard/MDCSTAT04601,data/krx/kind_details/KR7238670004.html,e3b0c44298fc1c149afbf4c8996fb92427ae41e4649b934ca495991b7852b855,listing_date_missing,https://data.krx.co.kr/comm/bldAttendant/getJsonData.cmd?bld=dbms/MDC/STAT/standard/MDCSTAT04601,data/krx/etf_authenticated_master.json,a212d774f6e92cd83e37826483d3e3532247f0a18afc0d68eff1db91f9e49e5f
195980,KR7195980008,PLUS 신흥국MSCI(합성 H),2014-05-13,,,,https://data.krx.co.kr/comm/bldAttendant/getJsonData.cmd?bld=dbms/MDC/STAT/standard/MDCSTAT04601,data/krx/kind_details/KR7195980008.html,e3b0c44298fc1c149afbf4c8996fb92427ae41e4649b934ca495991b7852b855,listing_date_missing,https://data.krx.co.kr/comm/bldAttendant/getJsonData.cmd?bld=dbms/MDC/STAT/standard/MDCSTAT04601,data/krx/etf_authenticated_master.json,a212d774f6e92cd83e37826483d3e3532247f0a18afc0d68eff1db91f9e49e5f
373530,KR7373530005,PLUS 신흥국MSCI인버스(합성 H),2020-12-16,2025-12-19,MSCI EM Short Index,1X 인버스 (-1),https://kind.krx.co.kr/disclosure/etfisudetail.do?method=searchEftIsuDetail&isuCd=KR7373530005,data/krx/kind_details/KR7373530005.html,fbf36a52a8830fb667db91322adb0ad43ff285368b5a57aaf29d854131b826bd,,,,
256450,KR7256450008,PLUS 심천차이넥스트(합성),2016-11-08,,,,https://data.krx.co.kr/comm/bldAttendant/getJsonData.cmd?bld=dbms/MDC/STAT/standard/MDCSTAT04601,data/krx/kind_details/KR7256450008.html,e3b0c44298fc1c149afbf4c8996fb92427ae41e4649b934ca495991b7852b855,listing_date_missing,https://data.krx.co.kr/comm/bldAttendant/getJsonData.cmd?bld=dbms/MDC/STAT/standard/MDCSTAT04601,data/krx/etf_authenticated_master.json,a212d774f6e92cd83e37826483d3e3532247f0a18afc0d68eff1db91f9e49e5f
447660,KR7447660002,PLUS 애플채권혼합,2022-11-29,,FnGuide 애플채권혼합 지수,일반 (1),https://kind.krx.co.kr/disclosure/etfisudetail.do?method=searchEftIsuDetail&isuCd=KR7447660002,data/krx/kind_details/KR7447660002.html,9aa47b77b8a427f8768723f8971f2d7a6598ba1285835c63ad21e6d88e3f13f0,,,,
239660,KR7239660004,PLUS 우량회사채50,2016-03-22,,,,https://data.krx.co.kr/comm/bldAttendant/getJsonData.cmd?bld=dbms/MDC/STAT/standard/MDCSTAT04601,data/krx/kind_details/KR7239660004.html,e3b0c44298fc1c149afbf4c8996fb92427ae41e4649b934ca495991b7852b855,listing_date_missing,https://data.krx.co.kr/comm/bldAttendant/getJsonData.cmd?bld=dbms/MDC/STAT/standard/MDCSTAT04601,data/krx/etf_authenticated_master.json,a212d774f6e92cd83e37826483d3e3532247f0a18afc0d68eff1db91f9e49e5f
421320,KR7421320003,PLUS 우주항공,2022-03-29,,iSelect 우주항공UAM지수,일반 (1),https://kind.krx.co.kr/disclosure/etfisudetail.do?method=searchEftIsuDetail&isuCd=KR7421320003,data/krx/kind_details/KR7421320003.html,5ada2af86cc07c464f0435a97430e8d78c3b057c2ae6cca0f5d2b09a1fdea9fe,,,,
0184N0,KR70184N0005,PLUS 은채권혼합,2026-05-12,,Akros 은 채권혼합 지수,일반 (1),https://kind.krx.co.kr/disclosure/etfisudetail.do?method=searchEftIsuDetail&isuCd=KR70184N0005,data/krx/kind_details/KR70184N0005.html,00951faded0205360561a214c78ff7f658294a2220320ae61d7870649d804653,,,,
464920,KR7464920008,PLUS 일본반도체소부장,2023-08-31,,,,https://data.krx.co.kr/comm/bldAttendant/getJsonData.cmd?bld=dbms/MDC/STAT/standard/MDCSTAT04601,data/krx/kind_details/KR7464920008.html,e3b0c44298fc1c149afbf4c8996fb92427ae41e4649b934ca495991b7852b855,listing_date_missing,https://data.krx.co.kr/comm/bldAttendant/getJsonData.cmd?bld=dbms/MDC/STAT/standard/MDCSTAT04601,data/krx/etf_authenticated_master.json,a212d774f6e92cd83e37826483d3e3532247f0a18afc0d68eff1db91f9e49e5f
489000,KR7489000000,PLUS 일본엔화초단기국채(합성),2024-08-13,,,,https://data.krx.co.kr/comm/bldAttendant/getJsonData.cmd?bld=dbms/MDC/STAT/standard/MDCSTAT04601,data/krx/kind_details/KR7489000000.html,e3b0c44298fc1c149afbf4c8996fb92427ae41e4649b934ca495991b7852b855,listing_date_missing,https://data.krx.co.kr/comm/bldAttendant/getJsonData.cmd?bld=dbms/MDC/STAT/standard/MDCSTAT04601,data/krx/etf_authenticated_master.json,a212d774f6e92cd83e37826483d3e3532247f0a18afc0d68eff1db91f9e49e5f
0098N0,KR70098N0000,PLUS 자사주매입고배당주,2025-09-16,,FnGuide 고배당주 플러스 자사주 지수 (PR),일반 (1),https://kind.krx.co.kr/disclosure/etfisudetail.do?method=searchEftIsuDetail&isuCd=KR70098N0000,data/krx/kind_details/KR70098N0000.html,5734d491169c4c80e96dafb90151e45b92841f70070964112aad5ff1c79add56,,,,
451000,KR7451000004,PLUS 종합채권(AA-이상)액티브,2023-01-10,,,,https://data.krx.co.kr/comm/bldAttendant/getJsonData.cmd?bld=dbms/MDC/STAT/standard/MDCSTAT04601,data/krx/kind_details/KR7451000004.html,e3b0c44298fc1c149afbf4c8996fb92427ae41e4649b934ca495991b7852b855,listing_date_missing,https://data.krx.co.kr/comm/bldAttendant/getJsonData.cmd?bld=dbms/MDC/STAT/standard/MDCSTAT04601,data/krx/etf_authenticated_master.json,a212d774f6e92cd83e37826483d3e3532247f0a18afc0d68eff1db91f9e49e5f
280920,KR7280920000,PLUS 주도업종,2017-10-17,,FnGuide 주도업종 지수,일반 (1),https://kind.krx.co.kr/disclosure/etfisudetail.do?method=searchEftIsuDetail&isuCd=KR7280920000,data/krx/kind_details/KR7280920000.html,8dcd533e4c7d69b39c5ab6c0b1bc468aad21e3a61f07b1582c214ce50aad5c8d,,,,
0184L0,KR70184L0007,PLUS 중기종합채권(A-이상)액티브,2026-05-12,,,,https://data.krx.co.kr/comm/bldAttendant/getJsonData.cmd?bld=dbms/MDC/STAT/standard/MDCSTAT04601,data/krx/kind_details/KR70184L0007.html,e3b0c44298fc1c149afbf4c8996fb92427ae41e4649b934ca495991b7852b855,listing_date_missing,https://data.krx.co.kr/comm/bldAttendant/getJsonData.cmd?bld=dbms/MDC/STAT/standard/MDCSTAT04601,data/krx/etf_authenticated_master.json,a212d774f6e92cd83e37826483d3e3532247f0a18afc0d68eff1db91f9e49e5f
266550,KR7266550003,PLUS 중형주저변동50,2017-03-28,,FnGuide 중형주저변동50지수,일반 (1),https://kind.krx.co.kr/disclosure/etfisudetail.do?method=searchEftIsuDetail&isuCd=KR7266550003,data/krx/kind_details/KR7266550003.html,a03402962a55424a4005f4610459948df091ef3f5a627a484bef5d224b801ade,,,,
0047N0,KR70047N0002,PLUS 차이나AI테크TOP10,2025-05-13,,Solactive China AI Tech Top10 Index(PR),일반 (1),https://kind.krx.co.kr/disclosure/etfisudetail.do?method=searchEftIsuDetail&isuCd=KR70047N0002,data/krx/kind_details/KR70047N0002.html,87c7de59bd9c6f29615b0dfffeca49af5795841f00b897bf3c0cfad7f3fd440e,,,,
0128D0,KR70128D0006,PLUS 차이나항셍테크위클리타겟커버드콜,2025-11-18,,,,https://data.krx.co.kr/comm/bldAttendant/getJsonData.cmd?bld=dbms/MDC/STAT/standard/MDCSTAT04601,data/krx/kind_details/KR70128D0006.html,e3b0c44298fc1c149afbf4c8996fb92427ae41e4649b934ca495991b7852b855,listing_date_missing,https://data.krx.co.kr/comm/bldAttendant/getJsonData.cmd?bld=dbms/MDC/STAT/standard/MDCSTAT04601,data/krx/etf_authenticated_master.json,a212d774f6e92cd83e37826483d3e3532247f0a18afc0d68eff1db91f9e49e5f
495040,KR7495040008,PLUS 코리아밸류업,2024-11-04,,,,https://data.krx.co.kr/comm/bldAttendant/getJsonData.cmd?bld=dbms/MDC/STAT/standard/MDCSTAT04601,data/krx/kind_details/KR7495040008.html,e3b0c44298fc1c149afbf4c8996fb92427ae41e4649b934ca495991b7852b855,listing_date_missing,https://data.krx.co.kr/comm/bldAttendant/getJsonData.cmd?bld=dbms/MDC/STAT/standard/MDCSTAT04601,data/krx/etf_authenticated_master.json,a212d774f6e92cd83e37826483d3e3532247f0a18afc0d68eff1db91f9e49e5f
301400,KR7301400008,PLUS 코스닥150,2018-07-05,,코스닥 150,일반 (1),https://kind.krx.co.kr/disclosure/etfisudetail.do?method=searchEftIsuDetail&isuCd=KR7301400008,data/krx/kind_details/KR7301400008.html,2393c6982b8e7fecdca3d78f9e03ad6c1a58c4272a60b3270665fdf2c8af425f,,,,
301410,KR7301410007,PLUS 코스닥150선물인버스,2018-07-11,2026-06-25,F-코스닥150 인버스지수,1X 인버스 (-1),https://kind.krx.co.kr/disclosure/etfisudetail.do?method=searchEftIsuDetail&isuCd=KR7301410007,data/krx/kind_details/KR7301410007.html,efada42dd0e1b1209fde28f70fe9c40920aa181023c352f82e6a922cb67ee8a2,,,,
0166N0,KR70166N0007,PLUS 코스닥150액티브,2026-03-17,,,,https://data.krx.co.kr/comm/bldAttendant/getJsonData.cmd?bld=dbms/MDC/STAT/standard/MDCSTAT04601,data/krx/kind_details/KR70166N0007.html,e3b0c44298fc1c149afbf4c8996fb92427ae41e4649b934ca495991b7852b855,listing_date_missing,https://data.krx.co.kr/comm/bldAttendant/getJsonData.cmd?bld=dbms/MDC/STAT/standard/MDCSTAT04601,data/krx/etf_authenticated_master.json,a212d774f6e92cd83e37826483d3e3532247f0a18afc0d68eff1db91f9e49e5f
227830,KR7227830007,PLUS 코스피,2015-09-23,,,,https://data.krx.co.kr/comm/bldAttendant/getJsonData.cmd?bld=dbms/MDC/STAT/standard/MDCSTAT04601,data/krx/kind_details/KR7227830007.html,e3b0c44298fc1c149afbf4c8996fb92427ae41e4649b934ca495991b7852b855,listing_date_missing,https://data.krx.co.kr/comm/bldAttendant/getJsonData.cmd?bld=dbms/MDC/STAT/standard/MDCSTAT04601,data/krx/etf_authenticated_master.json,a212d774f6e92cd83e37826483d3e3532247f0a18afc0d68eff1db91f9e49e5f
122090,KR7122090004,PLUS 코스피50,2010-01-07,,코스피 50,일반 (1),https://kind.krx.co.kr/disclosure/etfisudetail.do?method=searchEftIsuDetail&isuCd=KR7122090004,data/krx/kind_details/KR7122090004.html,4907d60d87dcd8d0790a228b850b4013334224fa321f011e6d5b311b728dac85,,,,
328370,KR7328370002,PLUS 코스피TR,2019-06-25,,,,https://data.krx.co.kr/comm/bldAttendant/getJsonData.cmd?bld=dbms/MDC/STAT/standard/MDCSTAT04601,data/krx/kind_details/KR7328370002.html,e3b0c44298fc1c149afbf4c8996fb92427ae41e4649b934ca495991b7852b855,listing_date_missing,https://data.krx.co.kr/comm/bldAttendant/getJsonData.cmd?bld=dbms/MDC/STAT/standard/MDCSTAT04601,data/krx/etf_authenticated_master.json,a212d774f6e92cd83e37826483d3e3532247f0a18afc0d68eff1db91f9e49e5f
457990,KR7457990000,PLUS 태양광&ESS,2023-06-20,,,,https://data.krx.co.kr/comm/bldAttendant/getJsonData.cmd?bld=dbms/MDC/STAT/standard/MDCSTAT04601,data/krx/kind_details/KR7457990000.html,e3b0c44298fc1c149afbf4c8996fb92427ae41e4649b934ca495991b7852b855,listing_date_missing,https://data.krx.co.kr/comm/bldAttendant/getJsonData.cmd?bld=dbms/MDC/STAT/standard/MDCSTAT04601,data/krx/etf_authenticated_master.json,a212d774f6e92cd83e37826483d3e3532247f0a18afc0d68eff1db91f9e49e5f
0132K0,KR70132K0001,PLUS 테슬라위클리커버드콜채권혼합,2025-12-09,,,,https://data.krx.co.kr/comm/bldAttendant/getJsonData.cmd?bld=dbms/MDC/STAT/standard/MDCSTAT04601,data/krx/kind_details/KR70132K0001.html,e3b0c44298fc1c149afbf4c8996fb92427ae41e4649b934ca495991b7852b855,listing_date_missing,https://data.krx.co.kr/comm/bldAttendant/getJsonData.cmd?bld=dbms/MDC/STAT/standard/MDCSTAT04601,data/krx/etf_authenticated_master.json,a212d774f6e92cd83e37826483d3e3532247f0a18afc0d68eff1db91f9e49e5f
0000J0,KR70000J0003,PLUS 한화그룹주,2024-12-24,,FnGuide 한화그룹주 지수,일반 (1),https://kind.krx.co.kr/disclosure/etfisudetail.do?method=searchEftIsuDetail&isuCd=KR70000J0003,data/krx/kind_details/KR70000J0003.html,057bc7f46e6998942156a9c8813b72f23583cb6a484b1b9e9a519fff51a8980a,,,,
148020,KR7148020001,RISE 200,2011-10-20,,코스피 200,일반 (1),https://kind.krx.co.kr/disclosure/etfisudetail.do?method=searchEftIsuDetail&isuCd=KR7148020001,data/krx/kind_details/KR7148020001.html,b40dd1273848a6d9ae98e2b4b72049a8eecc7bfac91114e92273cea6d32ede33,,,,
361580,KR7361580004,RISE 200TR,2020-08-21,,,,https://data.krx.co.kr/comm/bldAttendant/getJsonData.cmd?bld=dbms/MDC/STAT/standard/MDCSTAT04601,data/krx/kind_details/KR7361580004.html,e3b0c44298fc1c149afbf4c8996fb92427ae41e4649b934ca495991b7852b855,listing_date_missing,https://data.krx.co.kr/comm/bldAttendant/getJsonData.cmd?bld=dbms/MDC/STAT/standard/MDCSTAT04601,data/krx/etf_authenticated_master.json,a212d774f6e92cd83e37826483d3e3532247f0a18afc0d68eff1db91f9e49e5f
290080,KR7290080001,RISE 200고배당커버드콜ATM,2018-02-27,,,,https://data.krx.co.kr/comm/bldAttendant/getJsonData.cmd?bld=dbms/MDC/STAT/standard/MDCSTAT04601,data/krx/kind_details/KR7290080001.html,e3b0c44298fc1c149afbf4c8996fb92427ae41e4649b934ca495991b7852b855,listing_date_missing,https://data.krx.co.kr/comm/bldAttendant/getJsonData.cmd?bld=dbms/MDC/STAT/standard/MDCSTAT04601,data/krx/etf_authenticated_master.json,a212d774f6e92cd83e37826483d3e3532247f0a18afc0d68eff1db91f9e49e5f
284980,KR7284980000,RISE 200금융,2017-12-08,,코스피 200 금융,일반 (1),https://kind.krx.co.kr/disclosure/etfisudetail.do?method=searchEftIsuDetail&isuCd=KR7284980000,data/krx/kind_details/KR7284980000.html,1d277886e005587987ace1e4ea200cdf70d0e995cac7bca2d691e35167f56426,,,,
252400,KR7252400007,RISE 200선물레버리지,2016-09-12,,코스피 200 선물레버리지지수,2X 레버리지 (2),https://kind.krx.co.kr/disclosure/etfisudetail.do?method=searchEftIsuDetail&isuCd=KR7252400007,data/krx/kind_details/KR7252400007.html,9ef0a5efede54697e780856ae59dbda7ec08e1e534fa6a356e71555806aa37d5,,,,
252410,KR7252410006,RISE 200선물인버스,2016-09-12,,,,https://data.krx.co.kr/comm/bldAttendant/getJsonData.cmd?bld=dbms/MDC/STAT/standard/MDCSTAT04601,data/krx/kind_details/KR7252410006.html,e3b0c44298fc1c149afbf4c8996fb92427ae41e4649b934ca495991b7852b855,listing_date_missing,https://data.krx.co.kr/comm/bldAttendant/getJsonData.cmd?bld=dbms/MDC/STAT/standard/MDCSTAT04601,data/krx/etf_authenticated_master.json,a212d774f6e92cd83e37826483d3e3532247f0a18afc0d68eff1db91f9e49e5f
252420,KR7252420005,RISE 200선물인버스2X,2016-09-22,,코스피 200 선물인버스 -2X 지수,2X 인버스 (-2),https://kind.krx.co.kr/disclosure/etfisudetail.do?method=searchEftIsuDetail&isuCd=KR7252420005,data/krx/kind_details/KR7252420005.html,7893e4b0a2b8b98ef537d1cbf656587fb20457fd3f6d5bc7eedbfdeedc3ca607,,,,
475720,KR7475720009,RISE 200위클리커버드콜,2024-03-05,,,,https://data.krx.co.kr/comm/bldAttendant/getJsonData.cmd?bld=dbms/MDC/STAT/standard/MDCSTAT04601,data/krx/kind_details/KR7475720009.html,e3b0c44298fc1c149afbf4c8996fb92427ae41e4649b934ca495991b7852b855,listing_date_missing,https://data.krx.co.kr/comm/bldAttendant/getJsonData.cmd?bld=dbms/MDC/STAT/standard/MDCSTAT04601,data/krx/etf_authenticated_master.json,a212d774f6e92cd83e37826483d3e3532247f0a18afc0d68eff1db91f9e49e5f
183700,KR7183700004,RISE 200채권혼합50,2013-10-17,,코스피 200 KTB 혼합지수,일반 (1),https://kind.krx.co.kr/disclosure/etfisudetail.do?method=searchEftIsuDetail&isuCd=KR7183700004,data/krx/kind_details/KR7183700004.html,6422a89899d33d6a49533bd49eaf8862ef6ac3a81e8e3c49db5d41f5d57fb456,,,,
464540,KR7464540004,RISE 25-03 회사채(AA-이상)액티브,2023-08-17,2025-03-19,KIS 2025년 3월 만기도래 크레딧 종합채권지수(AA-이상)(시장가격),일반 (1),https://kind.krx.co.kr/disclosure/etfisudetail.do?method=searchEftIsuDetail&isuCd=KR7464540004,data/krx/kind_details/KR7464540004.html,57ef5d5230db4b31d1b043d5f4d148ab188aa971308fa195036cd774db900975,,,,
483230,KR7483230009,RISE 25-06 은행채(AA+이상)액티브,2024-06-18,2025-06-25,KIS 2025년 6월 만기도래 은행채 지수(AA+이상)(총수익),일반 (1),https://kind.krx.co.kr/disclosure/etfisudetail.do?method=searchEftIsuDetail&isuCd=KR7483230009,data/krx/kind_details/KR7483230009.html,93562d9768440c82beaea55487782c36aa0de77fd1bdfea55ce76f0e464b4404,,,,
448600,KR7448600007,RISE 25-11 회사채(AA-이상)액티브,2022-11-22,2025-11-21,KIS 2025년 만기도래 크레딧 종합채권 지수(AA-이상)(시장가격),일반 (1),https://kind.krx.co.kr/disclosure/etfisudetail.do?method=searchEftIsuDetail&isuCd=KR7448600007,data/krx/kind_details/KR7448600007.html,ba174dbfe23f279d0bcbe6aae19fa111fd7150f30c10b21af67ec08b446c7466,,,,
0122W0,KR70122W0009,RISE 26-11 회사채(AA-이상)액티브,2025-11-18,,,,https://data.krx.co.kr/comm/bldAttendant/getJsonData.cmd?bld=dbms/MDC/STAT/standard/MDCSTAT04601,data/krx/kind_details/KR70122W0009.html,e3b0c44298fc1c149afbf4c8996fb92427ae41e4649b934ca495991b7852b855,listing_date_missing,https://data.krx.co.kr/comm/bldAttendant/getJsonData.cmd?bld=dbms/MDC/STAT/standard/MDCSTAT04601,data/krx/etf_authenticated_master.json,a212d774f6e92cd83e37826483d3e3532247f0a18afc0d68eff1db91f9e49e5f
465330,KR7465330009,RISE 2차전지TOP10,2023-09-12,,iSelect 2차전지 TOP10 지수(PR),일반 (1),https://kind.krx.co.kr/disclosure/etfisudetail.do?method=searchEftIsuDetail&isuCd=KR7465330009,data/krx/kind_details/KR7465330009.html,1c8f1ee6ec83677fb1458050f0d563c4f08205b0e0dc20693b65263b126e86a6,,,,
465350,KR7465350007,RISE 2차전지TOP10인버스(합성),2023-09-12,,,,https://data.krx.co.kr/comm/bldAttendant/getJsonData.cmd?bld=dbms/MDC/STAT/standard/MDCSTAT04601,data/krx/kind_details/KR7465350007.html,e3b0c44298fc1c149afbf4c8996fb92427ae41e4649b934ca495991b7852b855,listing_date_missing,https://data.krx.co.kr/comm/bldAttendant/getJsonData.cmd?bld=dbms/MDC/STAT/standard/MDCSTAT04601,data/krx/etf_authenticated_master.json,a212d774f6e92cd83e37826483d3e3532247f0a18afc0d68eff1db91f9e49e5f
422420,KR7422420000,RISE 2차전지액티브,2022-04-08,,iSelect 2차전지 지수 (시장가격지수),일반 (1),https://kind.krx.co.kr/disclosure/etfisudetail.do?method=searchEftIsuDetail&isuCd=KR7422420000,data/krx/kind_details/KR7422420000.html,591c5b3c10bb010b370fb8e416d209abdf796bcdda1e8d3bd5d5fee053806b22,,,,
105780,KR7105780001,RISE 5대그룹주,2008-10-22,,,,https://data.krx.co.kr/comm/bldAttendant/getJsonData.cmd?bld=dbms/MDC/STAT/standard/MDCSTAT04601,data/krx/kind_details/KR7105780001.html,e3b0c44298fc1c149afbf4c8996fb92427ae41e4649b934ca495991b7852b855,listing_date_missing,https://data.krx.co.kr/comm/bldAttendant/getJsonData.cmd?bld=dbms/MDC/STAT/standard/MDCSTAT04601,data/krx/etf_authenticated_master.json,a212d774f6e92cd83e37826483d3e3532247f0a18afc0d68eff1db91f9e49e5f
469070,KR7469070007,RISE AI&로봇,2023-10-24,,,,https://data.krx.co.kr/comm/bldAttendant/getJsonData.cmd?bld=dbms/MDC/STAT/standard/MDCSTAT04601,data/krx/kind_details/KR7469070007.html,e3b0c44298fc1c149afbf4c8996fb92427ae41e4649b934ca495991b7852b855,listing_date_missing,https://data.krx.co.kr/comm/bldAttendant/getJsonData.cmd?bld=dbms/MDC/STAT/standard/MDCSTAT04601,data/krx/etf_authenticated_master.json,a212d774f6e92cd83e37826483d3e3532247f0a18afc0d68eff1db91f9e49e5f
0093A0,KR70093A0000,RISE AI반도체TOP10,2025-08-26,,FnGuide AI반도체TOP10 지수,일반 (1),https://kind.krx.co.kr/disclosure/etfisudetail.do?method=searchEftIsuDetail&isuCd=KR70093A0000,data/krx/kind_details/KR70093A0000.html,d892d2f4d44ed212e72ef87ec7b53cced51993ac29b34dfa24dd23cd9c85ac1a,,,,
0101N0,KR70101N0005,RISE AI전력인프라,2025-09-23,,,,https://data.krx.co.kr/comm/bldAttendant/getJsonData.cmd?bld=dbms/MDC/STAT/standard/MDCSTAT04601,data/krx/kind_details/KR70101N0005.html,e3b0c44298fc1c149afbf4c8996fb92427ae41e4649b934ca495991b7852b855,listing_date_missing,https://data.krx.co.kr/comm/bldAttendant/getJsonData.cmd?bld=dbms/MDC/STAT/standard/MDCSTAT04601,data/krx/etf_authenticated_master.json,a212d774f6e92cd83e37826483d3e3532247f0a18afc0d68eff1db91f9e49e5f
427120,KR7427120001,RISE AI플랫폼,2022-05-17,,,,https://data.krx.co.kr/comm/bldAttendant/getJsonData.cmd?bld=dbms/MDC/STAT/standard/MDCSTAT04601,data/krx/kind_details/KR7427120001.html,e3b0c44298fc1c149afbf4c8996fb92427ae41e4649b934ca495991b7852b855,listing_date_missing,https://data.krx.co.kr/comm/bldAttendant/getJsonData.cmd?bld=dbms/MDC/STAT/standard/MDCSTAT04601,data/krx/etf_authenticated_master.json,a212d774f6e92cd83e37826483d3e3532247f0a18afc0d68eff1db91f9e49e5f
477080,KR7477080006,RISE CD금리액티브(합성),2024-03-26,,,,https://data.krx.co.kr/comm/bldAttendant/getJsonData.cmd?bld=dbms/MDC/STAT/standard/MDCSTAT04601,data/krx/kind_details/KR7477080006.html,e3b0c44298fc1c149afbf4c8996fb92427ae41e4649b934ca495991b7852b855,listing_date_missing,https://data.krx.co.kr/comm/bldAttendant/getJsonData.cmd?bld=dbms/MDC/STAT/standard/MDCSTAT04601,data/krx/etf_authenticated_master.json,a212d774f6e92cd83e37826483d3e3532247f0a18afc0d68eff1db91f9e49e5f
290130,KR7290130004,RISE ESG사회책임투자,2018-02-27,,KRX ESG 사회책임경영(S)지수,일반 (1),https://kind.krx.co.kr/disclosure/etfisudetail.do?method=searchEftIsuDetail&isuCd=KR7290130004,data/krx/kind_details/KR7290130004.html,db8e4d89d2d5a92b3088fb7f97e185b2bac27b1d6252cfc567bfd0a1b5617441,,,,
326240,KR7326240009,RISE IT플러스,2019-06-20,,FnGuide IT플러스 지수,일반 (1),https://kind.krx.co.kr/disclosure/etfisudetail.do?method=searchEftIsuDetail&isuCd=KR7326240009,data/krx/kind_details/KR7326240009.html,b345bd6b92b95160d46998d5ea15fee22985e9c93aef8784888634632ec87a37,,,,
385560,KR7385560008,RISE KIS국고채30년Enhanced,2021-05-26,,KIS 국고채30년Enhanced지수(시장가격지수),일반 (1),https://kind.krx.co.kr/disclosure/etfisudetail.do?method=searchEftIsuDetail&isuCd=KR7385560008,data/krx/kind_details/KR7385560008.html,ef351466a033d855cc926c1f1c974628c2daa9caa28da074bec55ade2fd13752,,,,
479520,KR7479520009,RISE KOFR금리액티브(합성),2024-04-30,,KOFR 지수,일반 (1),https://kind.krx.co.kr/disclosure/etfisudetail.do?method=searchEftIsuDetail&isuCd=KR7479520009,data/krx/kind_details/KR7479520009.html,5342341c946d98d11f0f4e8521ff4477ba917310e5d5f6cf22cf0b89599ce27b,,,,
469580,KR7469580005,RISE KP달러채권액티브,2023-11-09,2025-01-22,KIS KP 달러채권 지수(총수익 지수),일반 (1),https://kind.krx.co.kr/disclosure/etfisudetail.do?method=searchEftIsuDetail&isuCd=KR7469580005,data/krx/kind_details/KR7469580005.html,85ef5937ca02c81eb78e3b4dfa6cb75c1dd95837b59c1dc6e0506a8580dba40a,,,,
270800,KR7270800006,RISE KQ고배당,2017-07-07,,,,https://data.krx.co.kr/comm/bldAttendant/getJsonData.cmd?bld=dbms/MDC/STAT/standard/MDCSTAT04601,data/krx/kind_details/KR7270800006.html,e3b0c44298fc1c149afbf4c8996fb92427ae41e4649b934ca495991b7852b855,listing_date_missing,https://data.krx.co.kr/comm/bldAttendant/getJsonData.cmd?bld=dbms/MDC/STAT/standard/MDCSTAT04601,data/krx/etf_authenticated_master.json,a212d774f6e92cd83e37826483d3e3532247f0a18afc0d68eff1db91f9e49e5f
292050,KR7292050002,RISE KRX300,2018-03-26,,KRX 300,일반 (1),https://kind.krx.co.kr/disclosure/etfisudetail.do?method=searchEftIsuDetail&isuCd=KR7292050002,data/krx/kind_details/KR7292050002.html,4ce880b055adb0251d93dfe9feb747b5f1468d360add803819d7cf53611ffdd6,,,,
388280,KR7388280000,RISE K엔터&여행레저,2021-06-10,,,,https://data.krx.co.kr/comm/bldAttendant/getJsonData.cmd?bld=dbms/MDC/STAT/standard/MDCSTAT04601,data/krx/kind_details/KR7388280000.html,e3b0c44298fc1c149afbf4c8996fb92427ae41e4649b934ca495991b7852b855,listing_date_missing,https://data.krx.co.kr/comm/bldAttendant/getJsonData.cmd?bld=dbms/MDC/STAT/standard/MDCSTAT04601,data/krx/etf_authenticated_master.json,a212d774f6e92cd83e37826483d3e3532247f0a18afc0d68eff1db91f9e49e5f
0192L0,KR70192L0007,RISE SK하이닉스단일종목레버리지,2026-05-27,,,,https://data.krx.co.kr/comm/bldAttendant/getJsonData.cmd?bld=dbms/MDC/STAT/standard/MDCSTAT04601,data/krx/kind_details/KR70192L0007.html,e3b0c44298fc1c149afbf4c8996fb92427ae41e4649b934ca495991b7852b855,listing_date_missing,https://data.krx.co.kr/comm/bldAttendant/getJsonData.cmd?bld=dbms/MDC/STAT/standard/MDCSTAT04601,data/krx/etf_authenticated_master.json,a212d774f6e92cd83e37826483d3e3532247f0a18afc0d68eff1db91f9e49e5f
442550,KR7442550000,RISE TDF2030액티브 적격,2022-09-22,,,,https://data.krx.co.kr/comm/bldAttendant/getJsonData.cmd?bld=dbms/MDC/STAT/standard/MDCSTAT04601,data/krx/kind_details/KR7442550000.html,e3b0c44298fc1c149afbf4c8996fb92427ae41e4649b934ca495991b7852b855,listing_date_missing,https://data.krx.co.kr/comm/bldAttendant/getJsonData.cmd?bld=dbms/MDC/STAT/standard/MDCSTAT04601,data/krx/etf_authenticated_master.json,a212d774f6e92cd83e37826483d3e3532247f0a18afc0d68eff1db91f9e49e5f
442560,KR7442560009,RISE TDF2040액티브 적격,2022-09-22,,iSelect 전략적자산배분 TDF 2040 지수,일반 (1),https://kind.krx.co.kr/disclosure/etfisudetail.do?method=searchEftIsuDetail&isuCd=KR7442560009,data/krx/kind_details/KR7442560009.html,8c80b21f1b9a798332d0a1991a55d6a50e78620b39bac3a5eaa1e9ef09a04941,,,,
442570,KR7442570008,RISE TDF2050액티브 적격,2022-09-22,,iSelect 전략적자산배분 TDF 2050 Index,일반 (1),https://kind.krx.co.kr/disclosure/etfisudetail.do?method=searchEftIsuDetail&isuCd=KR7442570008,data/krx/kind_details/KR7442570008.html,9bc815273e3e33f76b376cec30874feb3453dd883abc1b624ceaa5152d8bd4f6,,,,
234310,KR7234310001,RISE V&S셀렉트밸류,2016-02-02,,,,https://data.krx.co.kr/comm/bldAttendant/getJsonData.cmd?bld=dbms/MDC/STAT/standard/MDCSTAT04601,data/krx/kind_details/KR7234310001.html,e3b0c44298fc1c149afbf4c8996fb92427ae41e4649b934ca495991b7852b855,listing_date_missing,https://data.krx.co.kr/comm/bldAttendant/getJsonData.cmd?bld=dbms/MDC/STAT/standard/MDCSTAT04601,data/krx/etf_authenticated_master.json,a212d774f6e92cd83e37826483d3e3532247f0a18afc0d68eff1db91f9e49e5f
241390,KR7241390004,RISE V&S셀렉트밸류채권혼합,2016-04-12,,FnGuide 셀렉트밸류 채권혼합 지수,일반 (1),https://kind.krx.co.kr/disclosure/etfisudetail.do?method=searchEftIsuDetail&isuCd=KR7241390004,data/krx/kind_details/KR7241390004.html,7fe2aa51de11ba3aca6de86b12e6146c6b614b732b9a6c8e7810b869e3c989b2,,,,
300640,KR7300640000,RISE 게임테마,2018-07-24,,WISE 게임 테마 지수 (시장가격지수),일반 (1),https://kind.krx.co.kr/disclosure/etfisudetail.do?method=searchEftIsuDetail&isuCd=KR7300640000,data/krx/kind_details/KR7300640000.html,70f1d8d710c5f31a6126da138fdbf2749db90547f0da732d1576a7308ae609f7,,,,
266160,KR7266160001,RISE 고배당,2017-04-14,,,,https://data.krx.co.kr/comm/bldAttendant/getJsonData.cmd?bld=dbms/MDC/STAT/standard/MDCSTAT04601,data/krx/kind_details/KR7266160001.html,e3b0c44298fc1c149afbf4c8996fb92427ae41e4649b934ca495991b7852b855,listing_date_missing,https://data.krx.co.kr/comm/bldAttendant/getJsonData.cmd?bld=dbms/MDC/STAT/standard/MDCSTAT04601,data/krx/etf_authenticated_master.json,a212d774f6e92cd83e37826483d3e3532247f0a18afc0d68eff1db91f9e49e5f
481430,KR7481430007,RISE 국고채10년액티브,2024-05-21,,KAP 국고채 10년 지수(총수익),일반 (1),https://kind.krx.co.kr/disclosure/etfisudetail.do?method=searchEftIsuDetail&isuCd=KR7481430007,data/krx/kind_details/KR7481430007.html,f89e2e4b9d9131f83fe99c9c9793a303c90d9fd0ae40cacef7e7f89ae18eb7e1,,,,
114100,KR7114100001,RISE 국고채3년,2009-07-29,,KTB index(시장가격),일반 (1),https://kind.krx.co.kr/disclosure/etfisudetail.do?method=searchEftIsuDetail&isuCd=KR7114100001,data/krx/kind_details/KR7114100001.html,9d13b5b4fc0007214ea3a18fe8506345b8602cb8a10f006c4ac64445af5b887a,,,,
282000,KR7282000009,RISE 국고채3년선물인버스,2017-11-09,,F-KTB 인버스지수,1X 인버스 (-1),https://kind.krx.co.kr/disclosure/etfisudetail.do?method=searchEftIsuDetail&isuCd=KR7282000009,data/krx/kind_details/KR7282000009.html,b1aa7324118ff98cad4da6c1692d96086bb6471097393f3ef8cf873224f3a36e,,,,
451670,KR7451670004,RISE 국채30년레버리지(합성),2023-02-14,,KAP 레버리지 국채30년 TR 지수,2X 레버리지 (2),https://kind.krx.co.kr/disclosure/etfisudetail.do?method=searchEftIsuDetail&isuCd=KR7451670004,data/krx/kind_details/KR7451670004.html,0be54023d13f26e15b45b65df6b50c8f50ed635c49dc6898df2ae0aff7012806,,,,
295000,KR7295000004,RISE 국채선물10년,2018-05-11,,10년국채선물지수,일반 (1),https://kind.krx.co.kr/disclosure/etfisudetail.do?method=searchEftIsuDetail&isuCd=KR7295000004,data/krx/kind_details/KR7295000004.html,4b94568fcdc48f2e384b381bd3fa86432808b7881570f010189fb5f8877759e3,,,,
295020,KR7295020002,RISE 국채선물10년인버스,2018-05-11,,,,https://data.krx.co.kr/comm/bldAttendant/getJsonData.cmd?bld=dbms/MDC/STAT/standard/MDCSTAT04601,data/krx/kind_details/KR7295020002.html,e3b0c44298fc1c149afbf4c8996fb92427ae41e4649b934ca495991b7852b855,listing_date_missing,https://data.krx.co.kr/comm/bldAttendant/getJsonData.cmd?bld=dbms/MDC/STAT/standard/MDCSTAT04601,data/krx/etf_authenticated_master.json,a212d774f6e92cd83e37826483d3e3532247f0a18afc0d68eff1db91f9e49e5f
432600,KR7432600005,RISE 국채선물3년,2022-06-14,,,,https://data.krx.co.kr/comm/bldAttendant/getJsonData.cmd?bld=dbms/MDC/STAT/standard/MDCSTAT04601,data/krx/kind_details/KR7432600005.html,e3b0c44298fc1c149afbf4c8996fb92427ae41e4649b934ca495991b7852b855,listing_date_missing,https://data.krx.co.kr/comm/bldAttendant/getJsonData.cmd?bld=dbms/MDC/STAT/standard/MDCSTAT04601,data/krx/etf_authenticated_master.json,a212d774f6e92cd83e37826483d3e3532247f0a18afc0d68eff1db91f9e49e5f
397420,KR7397420001,RISE 국채선물5년추종,2021-08-31,2026-08-20,5년 국채선물 추종 지수,일반 (1),https://kind.krx.co.kr/disclosure/etfisudetail.do?method=searchEftIsuDetail&isuCd=KR7397420001,data/krx/kind_details/KR7397420001.html,b7e90d17b93a1c46fc511efbe3ae2f7a53419603483adb18e0bbfb1cb0204c1a,,,,
397410,KR7397410002,RISE 국채선물5년추종인버스,2021-08-31,2025-05-22,5년 국채선물 추종 인버스지수,1X 인버스 (-1),https://kind.krx.co.kr/disclosure/etfisudetail.do?method=searchEftIsuDetail&isuCd=KR7397410002,data/krx/kind_details/KR7397410002.html,f39232574c9cbe65c541d3c8a409883a4bf9fc22eb9c4ae884f0aa0b1d053b24,,,,
0233N0,KR70233N0006,RISE 글로벌AI낸드메모리반도체,2026-09-01,,iSelect 글로벌AI낸드메모리반도체지수,일반 (1),https://kind.krx.co.kr/disclosure/etfisudetail.do?method=searchEftIsuDetail&isuCd=KR70233N0006,data/krx/kind_details/KR70233N0006.html,66fd0c691ca3edefdbcad52bbf46bc22b43c4c1963f28605c3075f1cd7c7b986,,,,
0114X0,KR70114X0008,RISE 글로벌게임테크TOP3Plus,2025-10-21,,Solactive-KEDI 글로벌 게임 테크 TOP3 플러스 지수,일반 (1),https://kind.krx.co.kr/disclosure/etfisudetail.do?method=searchEftIsuDetail&isuCd=KR70114X0008,data/krx/kind_details/KR70114X0008.html,965f2df74100c350b7450a49c787a836ad476aa08466430fa2cd5e73b719ea00,,,,
437370,KR7437370000,RISE 글로벌농업경제,2022-07-29,,,,https://data.krx.co.kr/comm/bldAttendant/getJsonData.cmd?bld=dbms/MDC/STAT/standard/MDCSTAT04601,data/krx/kind_details/KR7437370000.html,e3b0c44298fc1c149afbf4c8996fb92427ae41e4649b934ca495991b7852b855,listing_date_missing,https://data.krx.co.kr/comm/bldAttendant/getJsonData.cmd?bld=dbms/MDC/STAT/standard/MDCSTAT04601,data/krx/etf_authenticated_master.json,a212d774f6e92cd83e37826483d3e3532247f0a18afc0d68eff1db91f9e49e5f
375270,KR7375270006,RISE 글로벌데이터센터리츠(합성),2021-01-14,,,,https://data.krx.co.kr/comm/bldAttendant/getJsonData.cmd?bld=dbms/MDC/STAT/standard/MDCSTAT04601,data/krx/kind_details/KR7375270006.html,e3b0c44298fc1c149afbf4c8996fb92427ae41e4649b934ca495991b7852b855,listing_date_missing,https://data.krx.co.kr/comm/bldAttendant/getJsonData.cmd?bld=dbms/MDC/STAT/standard/MDCSTAT04601,data/krx/etf_authenticated_master.json,a212d774f6e92cd83e37826483d3e3532247f0a18afc0d68eff1db91f9e49e5f
475380,KR7475380002,RISE 글로벌리얼티인컴,2024-02-20,,,,https://data.krx.co.kr/comm/bldAttendant/getJsonData.cmd?bld=dbms/MDC/STAT/standard/MDCSTAT04601,data/krx/kind_details/KR7475380002.html,e3b0c44298fc1c149afbf4c8996fb92427ae41e4649b934ca495991b7852b855,listing_date_missing,https://data.krx.co.kr/comm/bldAttendant/getJsonData.cmd?bld=dbms/MDC/STAT/standard/MDCSTAT04601,data/krx/etf_authenticated_master.json,a212d774f6e92cd83e37826483d3e3532247f0a18afc0d68eff1db91f9e49e5f
411720,KR7411720006,RISE 글로벌메타버스,2021-12-22,2025-01-22,Global Metaverse Index (Price Return),일반 (1),https://kind.krx.co.kr/disclosure/etfisudetail.do?method=searchEftIsuDetail&isuCd=KR7411720006,data/krx/kind_authenticated_followup/KR7411720006.html,c309cc7b2b54202bcb42d0ea54f6b9eac50b23508c6610b0c0d9cf3d20eaad8d,,https://kind.krx.co.kr/disclosure/etfisudetail.do?method=searchEftIsuDetail&isuCd=KR7411720006,data/krx/kind_authenticated_followup/KR7411720006.html,c309cc7b2b54202bcb42d0ea54f6b9eac50b23508c6610b0c0d9cf3d20eaad8d
476310,KR7476310008,RISE 글로벌비만산업TOP2+,2024-02-27,,KEDI 글로벌 비만 산업 Top2+ 지수(Price Return),일반 (1),https://kind.krx.co.kr/disclosure/etfisudetail.do?method=searchEftIsuDetail&isuCd=KR7476310008,data/krx/kind_details/KR7476310008.html,c324148043c65f80a197c6258c198b136b1011cbdd7e8b8d8ed774dbe25a2d66,,,,
417450,KR7417450004,RISE 글로벌수소경제,2022-02-15,,Indxx Hydrogen Economy Index (PR),일반 (1),https://kind.krx.co.kr/disclosure/etfisudetail.do?method=searchEftIsuDetail&isuCd=KR7417450004,data/krx/kind_details/KR7417450004.html,1a197bb7fc27a10bb6a5fdf99a0875551a92d30fe3df8298c7d1c5b55147bf27,,,,
442320,KR7442320008,RISE 글로벌원자력,2022-10-13,,iSelect 글로벌원자력 지수(시장가격),일반 (1),https://kind.krx.co.kr/disclosure/etfisudetail.do?method=searchEftIsuDetail&isuCd=KR7442320008,data/krx/kind_details/KR7442320008.html,f8551479b01699bce749aef28d5341b61a514e5e90fe657b7e9c6f9796aa8a0a,,,,
461490,KR7461490005,RISE 글로벌자산배분액티브,2023-06-27,,Bloomberg Multi-Asset Weighted (KRW ETFs) 지수(시장가격),일반 (1),https://kind.krx.co.kr/disclosure/etfisudetail.do?method=searchEftIsuDetail&isuCd=KR7461490005,data/krx/kind_details/KR7461490005.html,e4bd955698d2dbb1e5636df037330d9b21bd945504422918bf4997b60e88c094,,,,
459750,KR7459750006,RISE 글로벌주식분산액티브,2023-06-27,,,,https://data.krx.co.kr/comm/bldAttendant/getJsonData.cmd?bld=dbms/MDC/STAT/standard/MDCSTAT04601,data/krx/kind_details/KR7459750006.html,e3b0c44298fc1c149afbf4c8996fb92427ae41e4649b934ca495991b7852b855,listing_date_missing,https://data.krx.co.kr/comm/bldAttendant/getJsonData.cmd?bld=dbms/MDC/STAT/standard/MDCSTAT04601,data/krx/etf_authenticated_master.json,a212d774f6e92cd83e37826483d3e3532247f0a18afc0d68eff1db91f9e49e5f
399580,KR7399580000,RISE 글로벌클린에너지,2021-10-21,,S&P Global Clean Energy Transition Index (Price Return),일반 (1),https://kind.krx.co.kr/disclosure/etfisudetail.do?method=searchEftIsuDetail&isuCd=KR7399580000,data/krx/kind_details/KR7399580000.html,4c45501f977e8f084a804fc250d6c0f1a32efaa7fe1ca1458a91f0d91b2a2323,,,,
276650,KR7276650009,RISE 글로벌테크놀로지(합성 H),2017-08-17,,,,https://data.krx.co.kr/comm/bldAttendant/getJsonData.cmd?bld=dbms/MDC/STAT/standard/MDCSTAT04601,data/krx/kind_details/KR7276650009.html,e3b0c44298fc1c149afbf4c8996fb92427ae41e4649b934ca495991b7852b855,listing_date_missing,https://data.krx.co.kr/comm/bldAttendant/getJsonData.cmd?bld=dbms/MDC/STAT/standard/MDCSTAT04601,data/krx/etf_authenticated_master.json,a212d774f6e92cd83e37826483d3e3532247f0a18afc0d68eff1db91f9e49e5f
336160,KR7336160007,RISE 금융채액티브,2019-10-29,,KIS 종합채권금융채 2.5-3Y 지수(총수익),일반 (1),https://kind.krx.co.kr/disclosure/etfisudetail.do?method=searchEftIsuDetail&isuCd=KR7336160007,data/krx/kind_details/KR7336160007.html,da1e5376c4a005017555fdf9a53733fffa74a2150499a6a24c98c35776a7b257,,,,
326230,KR7326230000,RISE 내수주플러스,2019-06-20,,,,https://data.krx.co.kr/comm/bldAttendant/getJsonData.cmd?bld=dbms/MDC/STAT/standard/MDCSTAT04601,data/krx/kind_details/KR7326230000.html,e3b0c44298fc1c149afbf4c8996fb92427ae41e4649b934ca495991b7852b855,listing_date_missing,https://data.krx.co.kr/comm/bldAttendant/getJsonData.cmd?bld=dbms/MDC/STAT/standard/MDCSTAT04601,data/krx/etf_authenticated_master.json,a212d774f6e92cd83e37826483d3e3532247f0a18afc0d68eff1db91f9e49e5f
367760,KR7367760006,RISE 네트워크인프라,2020-10-29,,,,https://data.krx.co.kr/comm/bldAttendant/getJsonData.cmd?bld=dbms/MDC/STAT/standard/MDCSTAT04601,data/krx/kind_details/KR7367760006.html,e3b0c44298fc1c149afbf4c8996fb92427ae41e4649b934ca495991b7852b855,listing_date_missing,https://data.krx.co.kr/comm/bldAttendant/getJsonData.cmd?bld=dbms/MDC/STAT/standard/MDCSTAT04601,data/krx/etf_authenticated_master.json,a212d774f6e92cd83e37826483d3e3532247f0a18afc0d68eff1db91f9e49e5f
272560,KR7272560004,RISE 단기국공채액티브,2017-06-29,,,,https://data.krx.co.kr/comm/bldAttendant/getJsonData.cmd?bld=dbms/MDC/STAT/standard/MDCSTAT04601,data/krx/kind_details/KR7272560004.html,e3b0c44298fc1c149afbf4c8996fb92427ae41e4649b934ca495991b7852b855,listing_date_missing,https://data.krx.co.kr/comm/bldAttendant/getJsonData.cmd?bld=dbms/MDC/STAT/standard/MDCSTAT04601,data/krx/etf_authenticated_master.json,a212d774f6e92cd83e37826483d3e3532247f0a18afc0d68eff1db91f9e49e5f
385550,KR7385550009,RISE 단기채권알파액티브,2021-05-26,,,,https://data.krx.co.kr/comm/bldAttendant/getJsonData.cmd?bld=dbms/MDC/STAT/standard/MDCSTAT04601,data/krx/kind_details/KR7385550009.html,e3b0c44298fc1c149afbf4c8996fb92427ae41e4649b934ca495991b7852b855,listing_date_missing,https://data.krx.co.kr/comm/bldAttendant/getJsonData.cmd?bld=dbms/MDC/STAT/standard/MDCSTAT04601,data/krx/etf_authenticated_master.json,a212d774f6e92cd83e37826483d3e3532247f0a18afc0d68eff1db91f9e49e5f
196230,KR7196230007,RISE 단기통안채,2014-05-19,,,,https://data.krx.co.kr/comm/bldAttendant/getJsonData.cmd?bld=dbms/MDC/STAT/standard/MDCSTAT04601,data/krx/kind_details/KR7196230007.html,e3b0c44298fc1c149afbf4c8996fb92427ae41e4649b934ca495991b7852b855,listing_date_missing,https://data.krx.co.kr/comm/bldAttendant/getJsonData.cmd?bld=dbms/MDC/STAT/standard/MDCSTAT04601,data/krx/etf_authenticated_master.json,a212d774f6e92cd83e37826483d3e3532247f0a18afc0d68eff1db91f9e49e5f
0061Z0,KR70061Z0009,RISE 단기특수은행채액티브,2025-06-24,,,,https://data.krx.co.kr/comm/bldAttendant/getJsonData.cmd?bld=dbms/MDC/STAT/standard/MDCSTAT04601,data/krx/kind_details/KR70061Z0009.html,e3b0c44298fc1c149afbf4c8996fb92427ae41e4649b934ca495991b7852b855,listing_date_missing,https://data.krx.co.kr/comm/bldAttendant/getJsonData.cmd?bld=dbms/MDC/STAT/standard/MDCSTAT04601,data/krx/etf_authenticated_master.json,a212d774f6e92cd83e37826483d3e3532247f0a18afc0d68eff1db91f9e49e5f
315960,KR7315960005,RISE 대형고배당10TR,2019-01-22,,,,https://data.krx.co.kr/comm/bldAttendant/getJsonData.cmd?bld=dbms/MDC/STAT/standard/MDCSTAT04601,data/krx/kind_details/KR7315960005.html,e3b0c44298fc1c149afbf4c8996fb92427ae41e4649b934ca495991b7852b855,listing_date_missing,https://data.krx.co.kr/comm/bldAttendant/getJsonData.cmd?bld=dbms/MDC/STAT/standard/MDCSTAT04601,data/krx/etf_authenticated_master.json,a212d774f6e92cd83e37826483d3e3532247f0a18afc0d68eff1db91f9e49e5f
0138D0,KR70138D0004,RISE 동학개미,2025-12-16,,,,https://data.krx.co.kr/comm/bldAttendant/getJsonData.cmd?bld=dbms/MDC/STAT/standard/MDCSTAT04601,data/krx/kind_details/KR70138D0004.html,e3b0c44298fc1c149afbf4c8996fb92427ae41e4649b934ca495991b7852b855,listing_date_missing,https://data.krx.co.kr/comm/bldAttendant/getJsonData.cmd?bld=dbms/MDC/STAT/standard/MDCSTAT04601,data/krx/etf_authenticated_master.json,a212d774f6e92cd83e37826483d3e3532247f0a18afc0d68eff1db91f9e49e5f
455890,KR7455890004,RISE 머니마켓액티브,2023-05-09,,,,https://data.krx.co.kr/comm/bldAttendant/getJsonData.cmd?bld=dbms/MDC/STAT/standard/MDCSTAT04601,data/krx/kind_details/KR7455890004.html,e3b0c44298fc1c149afbf4c8996fb92427ae41e4649b934ca495991b7852b855,listing_date_missing,https://data.krx.co.kr/comm/bldAttendant/getJsonData.cmd?bld=dbms/MDC/STAT/standard/MDCSTAT04601,data/krx/etf_authenticated_master.json,a212d774f6e92cd83e37826483d3e3532247f0a18afc0d68eff1db91f9e49e5f
401170,KR7401170006,RISE 메타버스,2021-10-13,,,,https://data.krx.co.kr/comm/bldAttendant/getJsonData.cmd?bld=dbms/MDC/STAT/standard/MDCSTAT04601,data/krx/kind_details/KR7401170006.html,e3b0c44298fc1c149afbf4c8996fb92427ae41e4649b934ca495991b7852b855,listing_date_missing,https://data.krx.co.kr/comm/bldAttendant/getJsonData.cmd?bld=dbms/MDC/STAT/standard/MDCSTAT04601,data/krx/etf_authenticated_master.json,a212d774f6e92cd83e37826483d3e3532247f0a18afc0d68eff1db91f9e49e5f
481340,KR7481340008,RISE 미국30년국채액티브,2024-05-28,,,,https://data.krx.co.kr/comm/bldAttendant/getJsonData.cmd?bld=dbms/MDC/STAT/standard/MDCSTAT04601,data/krx/kind_details/KR7481340008.html,e3b0c44298fc1c149afbf4c8996fb92427ae41e4649b934ca495991b7852b855,listing_date_missing,https://data.krx.co.kr/comm/bldAttendant/getJsonData.cmd?bld=dbms/MDC/STAT/standard/MDCSTAT04601,data/krx/etf_authenticated_master.json,a212d774f6e92cd83e37826483d3e3532247f0a18afc0d68eff1db91f9e49e5f
472870,KR7472870005,RISE 미국30년국채엔화노출(합성 H),2023-12-27,,,,https://data.krx.co.kr/comm/bldAttendant/getJsonData.cmd?bld=dbms/MDC/STAT/standard/MDCSTAT04601,data/krx/kind_details/KR7472870005.html,e3b0c44298fc1c149afbf4c8996fb92427ae41e4649b934ca495991b7852b855,listing_date_missing,https://data.krx.co.kr/comm/bldAttendant/getJsonData.cmd?bld=dbms/MDC/STAT/standard/MDCSTAT04601,data/krx/etf_authenticated_master.json,a212d774f6e92cd83e37826483d3e3532247f0a18afc0d68eff1db91f9e49e5f
472830,KR7472830009,RISE 미국30년국채커버드콜(합성),2023-12-14,,,,https://data.krx.co.kr/comm/bldAttendant/getJsonData.cmd?bld=dbms/MDC/STAT/standard/MDCSTAT04601,data/krx/kind_details/KR7472830009.html,e3b0c44298fc1c149afbf4c8996fb92427ae41e4649b934ca495991b7852b855,listing_date_missing,https://data.krx.co.kr/comm/bldAttendant/getJsonData.cmd?bld=dbms/MDC/STAT/standard/MDCSTAT04601,data/krx/etf_authenticated_master.json,a212d774f6e92cd83e37826483d3e3532247f0a18afc0d68eff1db91f9e49e5f
485690,KR7485690002,RISE 미국AI밸류체인TOP3Plus,2024-07-23,,,,https://data.krx.co.kr/comm/bldAttendant/getJsonData.cmd?bld=dbms/MDC/STAT/standard/MDCSTAT04601,data/krx/kind_details/KR7485690002.html,e3b0c44298fc1c149afbf4c8996fb92427ae41e4649b934ca495991b7852b855,listing_date_missing,https://data.krx.co.kr/comm/bldAttendant/getJsonData.cmd?bld=dbms/MDC/STAT/standard/MDCSTAT04601,data/krx/etf_authenticated_master.json,a212d774f6e92cd83e37826483d3e3532247f0a18afc0d68eff1db91f9e49e5f
490590,KR7490590007,RISE 미국AI밸류체인데일리고정커버드콜,2024-10-02,,,,https://data.krx.co.kr/comm/bldAttendant/getJsonData.cmd?bld=dbms/MDC/STAT/standard/MDCSTAT04601,data/krx/kind_details/KR7490590007.html,e3b0c44298fc1c149afbf4c8996fb92427ae41e4649b934ca495991b7852b855,listing_date_missing,https://data.krx.co.kr/comm/bldAttendant/getJsonData.cmd?bld=dbms/MDC/STAT/standard/MDCSTAT04601,data/krx/etf_authenticated_master.json,a212d774f6e92cd83e37826483d3e3532247f0a18afc0d68eff1db91f9e49e5f
0176E0,KR70176E0006,RISE 미국AI전력인프라액티브,2026-04-07,,,,https://data.krx.co.kr/comm/bldAttendant/getJsonData.cmd?bld=dbms/MDC/STAT/standard/MDCSTAT04601,data/krx/kind_details/KR70176E0006.html,e3b0c44298fc1c149afbf4c8996fb92427ae41e4649b934ca495991b7852b855,listing_date_missing,https://data.krx.co.kr/comm/bldAttendant/getJsonData.cmd?bld=dbms/MDC/STAT/standard/MDCSTAT04601,data/krx/etf_authenticated_master.json,a212d774f6e92cd83e37826483d3e3532247f0a18afc0d68eff1db91f9e49e5f
0127R0,KR70127R0001,RISE 미국AI클라우드인프라,2025-11-25,,,,https://data.krx.co.kr/comm/bldAttendant/getJsonData.cmd?bld=dbms/MDC/STAT/standard/MDCSTAT04601,data/krx/kind_details/KR70127R0001.html,e3b0c44298fc1c149afbf4c8996fb92427ae41e4649b934ca495991b7852b855,listing_date_missing,https://data.krx.co.kr/comm/bldAttendant/getJsonData.cmd?bld=dbms/MDC/STAT/standard/MDCSTAT04601,data/krx/etf_authenticated_master.json,a212d774f6e92cd83e37826483d3e3532247f0a18afc0d68eff1db91f9e49e5f
495940,KR7495940009,RISE 미국AI테크액티브,2024-11-26,,,,https://data.krx.co.kr/comm/bldAttendant/getJsonData.cmd?bld=dbms/MDC/STAT/standard/MDCSTAT04601,data/krx/kind_details/KR7495940009.html,e3b0c44298fc1c149afbf4c8996fb92427ae41e4649b934ca495991b7852b855,listing_date_missing,https://data.krx.co.kr/comm/bldAttendant/getJsonData.cmd?bld=dbms/MDC/STAT/standard/MDCSTAT04601,data/krx/etf_authenticated_master.json,a212d774f6e92cd83e37826483d3e3532247f0a18afc0d68eff1db91f9e49e5f
379780,KR7379780000,RISE 미국S&P500,2021-04-09,,,,https://data.krx.co.kr/comm/bldAttendant/getJsonData.cmd?bld=dbms/MDC/STAT/standard/MDCSTAT04601,data/krx/kind_details/KR7379780000.html,e3b0c44298fc1c149afbf4c8996fb92427ae41e4649b934ca495991b7852b855,listing_date_missing,https://data.krx.co.kr/comm/bldAttendant/getJsonData.cmd?bld=dbms/MDC/STAT/standard/MDCSTAT04601,data/krx/etf_authenticated_master.json,a212d774f6e92cd83e37826483d3e3532247f0a18afc0d68eff1db91f9e49e5f
453330,KR7453330003,RISE 미국S&P500(H),2023-03-21,,,,https://data.krx.co.kr/comm/bldAttendant/getJsonData.cmd?bld=dbms/MDC/STAT/standard/MDCSTAT04601,data/krx/kind_details/KR7453330003.html,e3b0c44298fc1c149afbf4c8996fb92427ae41e4649b934ca495991b7852b855,listing_date_missing,https://data.krx.co.kr/comm/bldAttendant/getJsonData.cmd?bld=dbms/MDC/STAT/standard/MDCSTAT04601,data/krx/etf_authenticated_master.json,a212d774f6e92cd83e37826483d3e3532247f0a18afc0d68eff1db91f9e49e5f
0138T0,KR70138T0006,RISE 미국S&P500데일리고정커버드콜,2025-12-23,,,,https://data.krx.co.kr/comm/bldAttendant/getJsonData.cmd?bld=dbms/MDC/STAT/standard/MDCSTAT04601,data/krx/kind_details/KR70138T0006.html,e3b0c44298fc1c149afbf4c8996fb92427ae41e4649b934ca495991b7852b855,listing_date_missing,https://data.krx.co.kr/comm/bldAttendant/getJsonData.cmd?bld=dbms/MDC/STAT/standard/MDCSTAT04601,data/krx/etf_authenticated_master.json,a212d774f6e92cd83e37826483d3e3532247f0a18afc0d68eff1db91f9e49e5f
0005C0,KR70005C0005,RISE 미국S&P500엔화노출(합성 H),2025-01-14,,,,https://data.krx.co.kr/comm/bldAttendant/getJsonData.cmd?bld=dbms/MDC/STAT/standard/MDCSTAT04601,data/krx/kind_details/KR70005C0005.html,e3b0c44298fc1c149afbf4c8996fb92427ae41e4649b934ca495991b7852b855,listing_date_missing,https://data.krx.co.kr/comm/bldAttendant/getJsonData.cmd?bld=dbms/MDC/STAT/standard/MDCSTAT04601,data/krx/etf_authenticated_master.json,a212d774f6e92cd83e37826483d3e3532247f0a18afc0d68eff1db91f9e49e5f
460660,KR7460660004,RISE 미국S&P배당킹,2023-06-27,,,,https://data.krx.co.kr/comm/bldAttendant/getJsonData.cmd?bld=dbms/MDC/STAT/standard/MDCSTAT04601,data/krx/kind_details/KR7460660004.html,e3b0c44298fc1c149afbf4c8996fb92427ae41e4649b934ca495991b7852b855,listing_date_missing,https://data.krx.co.kr/comm/bldAttendant/getJsonData.cmd?bld=dbms/MDC/STAT/standard/MDCSTAT04601,data/krx/etf_authenticated_master.json,a212d774f6e92cd83e37826483d3e3532247f0a18afc0d68eff1db91f9e49e5f
219390,KR7219390002,RISE 미국S&P원유생산기업(합성 H),2015-06-02,,,,https://data.krx.co.kr/comm/bldAttendant/getJsonData.cmd?bld=dbms/MDC/STAT/standard/MDCSTAT04601,data/krx/kind_details/KR7219390002.html,e3b0c44298fc1c149afbf4c8996fb92427ae41e4649b934ca495991b7852b855,listing_date_missing,https://data.krx.co.kr/comm/bldAttendant/getJsonData.cmd?bld=dbms/MDC/STAT/standard/MDCSTAT04601,data/krx/etf_authenticated_master.json,a212d774f6e92cd83e37826483d3e3532247f0a18afc0d68eff1db91f9e49e5f
0115C0,KR70115C0002,RISE 미국고배당다우존스TOP10,2025-10-21,,,,https://data.krx.co.kr/comm/bldAttendant/getJsonData.cmd?bld=dbms/MDC/STAT/standard/MDCSTAT04601,data/krx/kind_details/KR70115C0002.html,e3b0c44298fc1c149afbf4c8996fb92427ae41e4649b934ca495991b7852b855,listing_date_missing,https://data.krx.co.kr/comm/bldAttendant/getJsonData.cmd?bld=dbms/MDC/STAT/standard/MDCSTAT04601,data/krx/etf_authenticated_master.json,a212d774f6e92cd83e37826483d3e3532247f0a18afc0d68eff1db91f9e49e5f
354240,KR7354240004,RISE 미국고정배당우선증권,2020-05-19,,,,https://data.krx.co.kr/comm/bldAttendant/getJsonData.cmd?bld=dbms/MDC/STAT/standard/MDCSTAT04601,data/krx/kind_details/KR7354240004.html,e3b0c44298fc1c149afbf4c8996fb92427ae41e4649b934ca495991b7852b855,listing_date_missing,https://data.krx.co.kr/comm/bldAttendant/getJsonData.cmd?bld=dbms/MDC/STAT/standard/MDCSTAT04601,data/krx/etf_authenticated_master.json,a212d774f6e92cd83e37826483d3e3532247f0a18afc0d68eff1db91f9e49e5f
368590,KR7368590006,RISE 미국나스닥100,2020-11-06,,,,https://data.krx.co.kr/comm/bldAttendant/getJsonData.cmd?bld=dbms/MDC/STAT/standard/MDCSTAT04601,data/krx/kind_details/KR7368590006.html,e3b0c44298fc1c149afbf4c8996fb92427ae41e4649b934ca495991b7852b855,listing_date_missing,https://data.krx.co.kr/comm/bldAttendant/getJsonData.cmd?bld=dbms/MDC/STAT/standard/MDCSTAT04601,data/krx/etf_authenticated_master.json,a212d774f6e92cd83e37826483d3e3532247f0a18afc0d68eff1db91f9e49e5f
437350,KR7437350002,RISE 미국단기투자등급회사채액티브,2022-07-29,,,,https://data.krx.co.kr/comm/bldAttendant/getJsonData.cmd?bld=dbms/MDC/STAT/standard/MDCSTAT04601,data/krx/kind_details/KR7437350002.html,e3b0c44298fc1c149afbf4c8996fb92427ae41e4649b934ca495991b7852b855,listing_date_missing,https://data.krx.co.kr/comm/bldAttendant/getJsonData.cmd?bld=dbms/MDC/STAT/standard/MDCSTAT04601,data/krx/etf_authenticated_master.json,a212d774f6e92cd83e37826483d3e3532247f0a18afc0d68eff1db91f9e49e5f
455960,KR7455960005,RISE 미국달러SOFR금리액티브(합성),2023-05-16,,,,https://data.krx.co.kr/comm/bldAttendant/getJsonData.cmd?bld=dbms/MDC/STAT/standard/MDCSTAT04601,data/krx/kind_details/KR7455960005.html,e3b0c44298fc1c149afbf4c8996fb92427ae41e4649b934ca495991b7852b855,listing_date_missing,https://data.krx.co.kr/comm/bldAttendant/getJsonData.cmd?bld=dbms/MDC/STAT/standard/MDCSTAT04601,data/krx/etf_authenticated_master.json,a212d774f6e92cd83e37826483d3e3532247f0a18afc0d68eff1db91f9e49e5f
469530,KR7469530000,RISE 미국달러선물인버스,2023-11-09,,,,https://data.krx.co.kr/comm/bldAttendant/getJsonData.cmd?bld=dbms/MDC/STAT/standard/MDCSTAT04601,data/krx/kind_details/KR7469530000.html,e3b0c44298fc1c149afbf4c8996fb92427ae41e4649b934ca495991b7852b855,listing_date_missing,https://data.krx.co.kr/comm/bldAttendant/getJsonData.cmd?bld=dbms/MDC/STAT/standard/MDCSTAT04601,data/krx/etf_authenticated_master.json,a212d774f6e92cd83e37826483d3e3532247f0a18afc0d68eff1db91f9e49e5f
469060,KR7469060008,RISE 미국반도체NYSE,2023-10-24,,,,https://data.krx.co.kr/comm/bldAttendant/getJsonData.cmd?bld=dbms/MDC/STAT/standard/MDCSTAT04601,data/krx/kind_details/KR7469060008.html,e3b0c44298fc1c149afbf4c8996fb92427ae41e4649b934ca495991b7852b855,listing_date_missing,https://data.krx.co.kr/comm/bldAttendant/getJsonData.cmd?bld=dbms/MDC/STAT/standard/MDCSTAT04601,data/krx/etf_authenticated_master.json,a212d774f6e92cd83e37826483d3e3532247f0a18afc0d68eff1db91f9e49e5f
469050,KR7469050009,RISE 미국반도체NYSE(H),2023-10-24,,,,https://data.krx.co.kr/comm/bldAttendant/getJsonData.cmd?bld=dbms/MDC/STAT/standard/MDCSTAT04601,data/krx/kind_details/KR7469050009.html,e3b0c44298fc1c149afbf4c8996fb92427ae41e4649b934ca495991b7852b855,listing_date_missing,https://data.krx.co.kr/comm/bldAttendant/getJsonData.cmd?bld=dbms/MDC/STAT/standard/MDCSTAT04601,data/krx/etf_authenticated_master.json,a212d774f6e92cd83e37826483d3e3532247f0a18afc0d68eff1db91f9e49e5f
491630,KR7491630000,RISE 미국반도체인버스(합성 H),2024-10-22,,,,https://data.krx.co.kr/comm/bldAttendant/getJsonData.cmd?bld=dbms/MDC/STAT/standard/MDCSTAT04601,data/krx/kind_details/KR7491630000.html,e3b0c44298fc1c149afbf4c8996fb92427ae41e4649b934ca495991b7852b855,listing_date_missing,https://data.krx.co.kr/comm/bldAttendant/getJsonData.cmd?bld=dbms/MDC/STAT/standard/MDCSTAT04601,data/krx/etf_authenticated_master.json,a212d774f6e92cd83e37826483d3e3532247f0a18afc0d68eff1db91f9e49e5f
490600,KR7490600004,RISE 미국배당100데일리고정커버드콜,2024-09-24,,,,https://data.krx.co.kr/comm/bldAttendant/getJsonData.cmd?bld=dbms/MDC/STAT/standard/MDCSTAT04601,data/krx/kind_details/KR7490600004.html,e3b0c44298fc1c149afbf4c8996fb92427ae41e4649b934ca495991b7852b855,listing_date_missing,https://data.krx.co.kr/comm/bldAttendant/getJsonData.cmd?bld=dbms/MDC/STAT/standard/MDCSTAT04601,data/krx/etf_authenticated_master.json,a212d774f6e92cd83e37826483d3e3532247f0a18afc0d68eff1db91f9e49e5f
0018Z0,KR70018Z0003,RISE 미국양자컴퓨팅,2025-03-11,,,,https://data.krx.co.kr/comm/bldAttendant/getJsonData.cmd?bld=dbms/MDC/STAT/standard/MDCSTAT04601,data/krx/kind_details/KR70018Z0003.html,e3b0c44298fc1c149afbf4c8996fb92427ae41e4649b934ca495991b7852b855,listing_date_missing,https://data.krx.co.kr/comm/bldAttendant/getJsonData.cmd?bld=dbms/MDC/STAT/standard/MDCSTAT04601,data/krx/etf_authenticated_master.json,a212d774f6e92cd83e37826483d3e3532247f0a18afc0d68eff1db91f9e49e5f
0218J0,KR70218J0001,RISE 미국우주&로봇TOP2미국채혼합50,2026-07-14,,,,https://data.krx.co.kr/comm/bldAttendant/getJsonData.cmd?bld=dbms/MDC/STAT/standard/MDCSTAT04601,data/krx/kind_details/KR70218J0001.html,e3b0c44298fc1c149afbf4c8996fb92427ae41e4649b934ca495991b7852b855,listing_date_missing,https://data.krx.co.kr/comm/bldAttendant/getJsonData.cmd?bld=dbms/MDC/STAT/standard/MDCSTAT04601,data/krx/etf_authenticated_master.json,a212d774f6e92cd83e37826483d3e3532247f0a18afc0d68eff1db91f9e49e5f
0227K0,KR70227K0007,RISE 미국우주위성통신,2026-08-11,,,,https://data.krx.co.kr/comm/bldAttendant/getJsonData.cmd?bld=dbms/MDC/STAT/standard/MDCSTAT04601,data/krx/kind_details/KR70227K0007.html,e3b0c44298fc1c149afbf4c8996fb92427ae41e4649b934ca495991b7852b855,listing_date_missing,https://data.krx.co.kr/comm/bldAttendant/getJsonData.cmd?bld=dbms/MDC/STAT/standard/MDCSTAT04601,data/krx/etf_authenticated_master.json,a212d774f6e92cd83e37826483d3e3532247f0a18afc0d68eff1db91f9e49e5f
0013P0,KR70013P0000,RISE 미국은행TOP10,2025-02-18,,,,https://data.krx.co.kr/comm/bldAttendant/getJsonData.cmd?bld=dbms/MDC/STAT/standard/MDCSTAT04601,data/krx/kind_details/KR70013P0000.html,e3b0c44298fc1c149afbf4c8996fb92427ae41e4649b934ca495991b7852b855,listing_date_missing,https://data.krx.co.kr/comm/bldAttendant/getJsonData.cmd?bld=dbms/MDC/STAT/standard/MDCSTAT04601,data/krx/etf_authenticated_master.json,a212d774f6e92cd83e37826483d3e3532247f0a18afc0d68eff1db91f9e49e5f
267440,KR7267440006,RISE 미국장기국채선물(H),2017-04-20,,,,https://data.krx.co.kr/comm/bldAttendant/getJsonData.cmd?bld=dbms/MDC/STAT/standard/MDCSTAT04601,data/krx/kind_details/KR7267440006.html,e3b0c44298fc1c149afbf4c8996fb92427ae41e4649b934ca495991b7852b855,listing_date_missing,https://data.krx.co.kr/comm/bldAttendant/getJsonData.cmd?bld=dbms/MDC/STAT/standard/MDCSTAT04601,data/krx/etf_authenticated_master.json,a212d774f6e92cd83e37826483d3e3532247f0a18afc0d68eff1db91f9e49e5f
267490,KR7267490001,RISE 미국장기국채선물레버리지(합성 H),2017-04-20,,S&P U.S. Treasury Bond Futures 2X Leverage Index ER,2X 레버리지 (2),https://kind.krx.co.kr/disclosure/etfisudetail.do?method=searchEftIsuDetail&isuCd=KR7267490001,data/krx/kind_details/KR7267490001.html,9c7004752cdf323574788b0408c30d27d9481b4462f33adffc2828caa6c89f3a,,,,
267450,KR7267450005,RISE 미국장기국채선물인버스(H),2017-04-20,,,,https://data.krx.co.kr/comm/bldAttendant/getJsonData.cmd?bld=dbms/MDC/STAT/standard/MDCSTAT04601,data/krx/kind_details/KR7267450005.html,e3b0c44298fc1c149afbf4c8996fb92427ae41e4649b934ca495991b7852b855,listing_date_missing,https://data.krx.co.kr/comm/bldAttendant/getJsonData.cmd?bld=dbms/MDC/STAT/standard/MDCSTAT04601,data/krx/etf_authenticated_master.json,a212d774f6e92cd83e37826483d3e3532247f0a18afc0d68eff1db91f9e49e5f
0036Z0,KR70036Z0001,RISE 미국천연가스밸류체인,2025-04-22,,,,https://data.krx.co.kr/comm/bldAttendant/getJsonData.cmd?bld=dbms/MDC/STAT/standard/MDCSTAT04601,data/krx/kind_details/KR70036Z0001.html,e3b0c44298fc1c149afbf4c8996fb92427ae41e4649b934ca495991b7852b855,listing_date_missing,https://data.krx.co.kr/comm/bldAttendant/getJsonData.cmd?bld=dbms/MDC/STAT/standard/MDCSTAT04601,data/krx/etf_authenticated_master.json,a212d774f6e92cd83e37826483d3e3532247f0a18afc0d68eff1db91f9e49e5f
491620,KR7491620001,RISE 미국테크100데일리고정커버드콜,2024-10-02,,,,https://data.krx.co.kr/comm/bldAttendant/getJsonData.cmd?bld=dbms/MDC/STAT/standard/MDCSTAT04601,data/krx/kind_details/KR7491620001.html,e3b0c44298fc1c149afbf4c8996fb92427ae41e4649b934ca495991b7852b855,listing_date_missing,https://data.krx.co.kr/comm/bldAttendant/getJsonData.cmd?bld=dbms/MDC/STAT/standard/MDCSTAT04601,data/krx/etf_authenticated_master.json,a212d774f6e92cd83e37826483d3e3532247f0a18afc0d68eff1db91f9e49e5f
0036R0,KR70036R0001,RISE 미국휴머노이드로봇,2025-04-15,,,,https://data.krx.co.kr/comm/bldAttendant/getJsonData.cmd?bld=dbms/MDC/STAT/standard/MDCSTAT04601,data/krx/kind_details/KR70036R0001.html,e3b0c44298fc1c149afbf4c8996fb92427ae41e4649b934ca495991b7852b855,listing_date_missing,https://data.krx.co.kr/comm/bldAttendant/getJsonData.cmd?bld=dbms/MDC/STAT/standard/MDCSTAT04601,data/krx/etf_authenticated_master.json,a212d774f6e92cd83e37826483d3e3532247f0a18afc0d68eff1db91f9e49e5f
0000Z0,KR70000Z0003,RISE 바이오TOP10액티브,2024-12-24,,,,https://data.krx.co.kr/comm/bldAttendant/getJsonData.cmd?bld=dbms/MDC/STAT/standard/MDCSTAT04601,data/krx/kind_details/KR70000Z0003.html,e3b0c44298fc1c149afbf4c8996fb92427ae41e4649b934ca495991b7852b855,listing_date_missing,https://data.krx.co.kr/comm/bldAttendant/getJsonData.cmd?bld=dbms/MDC/STAT/standard/MDCSTAT04601,data/krx/etf_authenticated_master.json,a212d774f6e92cd83e37826483d3e3532247f0a18afc0d68eff1db91f9e49e5f
446700,KR7446700007,RISE 배터리 리사이클링,2022-11-01,,,,https://data.krx.co.kr/comm/bldAttendant/getJsonData.cmd?bld=dbms/MDC/STAT/standard/MDCSTAT04601,data/krx/kind_details/KR7446700007.html,e3b0c44298fc1c149afbf4c8996fb92427ae41e4649b934ca495991b7852b855,listing_date_missing,https://data.krx.co.kr/comm/bldAttendant/getJsonData.cmd?bld=dbms/MDC/STAT/standard/MDCSTAT04601,data/krx/etf_authenticated_master.json,a212d774f6e92cd83e37826483d3e3532247f0a18afc0d68eff1db91f9e49e5f
475350,KR7475350005,RISE 버크셔포트폴리오TOP10,2024-02-27,,,,https://data.krx.co.kr/comm/bldAttendant/getJsonData.cmd?bld=dbms/MDC/STAT/standard/MDCSTAT04601,data/krx/kind_details/KR7475350005.html,e3b0c44298fc1c149afbf4c8996fb92427ae41e4649b934ca495991b7852b855,listing_date_missing,https://data.krx.co.kr/comm/bldAttendant/getJsonData.cmd?bld=dbms/MDC/STAT/standard/MDCSTAT04601,data/krx/etf_authenticated_master.json,a212d774f6e92cd83e37826483d3e3532247f0a18afc0d68eff1db91f9e49e5f
388420,KR7388420002,RISE 비메모리반도체액티브,2021-06-10,,iSelect 비메모리반도체 지수(시장가격지수),일반 (1),https://kind.krx.co.kr/disclosure/etfisudetail.do?method=searchEftIsuDetail&isuCd=KR7388420002,data/krx/kind_details/KR7388420002.html,34776b6261bed3f7be55d1e77eaef7f4de7b4dff223bf6ca8c6585f27c7bfb43,,,,
448630,KR7448630004,RISE 삼성그룹Top3채권혼합,2022-11-29,,,,https://data.krx.co.kr/comm/bldAttendant/getJsonData.cmd?bld=dbms/MDC/STAT/standard/MDCSTAT04601,data/krx/kind_details/KR7448630004.html,e3b0c44298fc1c149afbf4c8996fb92427ae41e4649b934ca495991b7852b855,listing_date_missing,https://data.krx.co.kr/comm/bldAttendant/getJsonData.cmd?bld=dbms/MDC/STAT/standard/MDCSTAT04601,data/krx/etf_authenticated_master.json,a212d774f6e92cd83e37826483d3e3532247f0a18afc0d68eff1db91f9e49e5f
0162Z0,KR70162Z0007,RISE 삼성전자SK하이닉스채권혼합50,2026-02-26,,KAP 삼성전자SK하이닉스채권혼합50 지수,일반 (1),https://kind.krx.co.kr/disclosure/etfisudetail.do?method=searchEftIsuDetail&isuCd=KR70162Z0007,data/krx/kind_details/KR70162Z0007.html,fac11bd5d748fa48e8b33a78d5797194fb4099ac0f9015d3af226da400082af7,,,,
0192M0,KR70192M0006,RISE 삼성전자단일종목레버리지,2026-05-27,,,,https://data.krx.co.kr/comm/bldAttendant/getJsonData.cmd?bld=dbms/MDC/STAT/standard/MDCSTAT04601,data/krx/kind_details/KR70192M0006.html,e3b0c44298fc1c149afbf4c8996fb92427ae41e4649b934ca495991b7852b855,listing_date_missing,https://data.krx.co.kr/comm/bldAttendant/getJsonData.cmd?bld=dbms/MDC/STAT/standard/MDCSTAT04601,data/krx/etf_authenticated_master.json,a212d774f6e92cd83e37826483d3e3532247f0a18afc0d68eff1db91f9e49e5f
367770,KR7367770005,RISE 수소경제테마,2020-10-29,,,,https://data.krx.co.kr/comm/bldAttendant/getJsonData.cmd?bld=dbms/MDC/STAT/standard/MDCSTAT04601,data/krx/kind_details/KR7367770005.html,e3b0c44298fc1c149afbf4c8996fb92427ae41e4649b934ca495991b7852b855,listing_date_missing,https://data.krx.co.kr/comm/bldAttendant/getJsonData.cmd?bld=dbms/MDC/STAT/standard/MDCSTAT04601,data/krx/etf_authenticated_master.json,a212d774f6e92cd83e37826483d3e3532247f0a18afc0d68eff1db91f9e49e5f
140570,KR7140570003,RISE 수출주,2011-04-15,,,,https://data.krx.co.kr/comm/bldAttendant/getJsonData.cmd?bld=dbms/MDC/STAT/standard/MDCSTAT04601,data/krx/kind_details/KR7140570003.html,e3b0c44298fc1c149afbf4c8996fb92427ae41e4649b934ca495991b7852b855,listing_date_missing,https://data.krx.co.kr/comm/bldAttendant/getJsonData.cmd?bld=dbms/MDC/STAT/standard/MDCSTAT04601,data/krx/etf_authenticated_master.json,a212d774f6e92cd83e37826483d3e3532247f0a18afc0d68eff1db91f9e49e5f
0093B0,KR70093B0009,RISE 엔비디아고정테크100,2025-08-26,,,,https://data.krx.co.kr/comm/bldAttendant/getJsonData.cmd?bld=dbms/MDC/STAT/standard/MDCSTAT04601,data/krx/kind_details/KR70093B0009.html,e3b0c44298fc1c149afbf4c8996fb92427ae41e4649b934ca495991b7852b855,listing_date_missing,https://data.krx.co.kr/comm/bldAttendant/getJsonData.cmd?bld=dbms/MDC/STAT/standard/MDCSTAT04601,data/krx/etf_authenticated_master.json,a212d774f6e92cd83e37826483d3e3532247f0a18afc0d68eff1db91f9e49e5f
140580,KR7140580002,RISE 우량업종대표주,2011-04-15,,,,https://data.krx.co.kr/comm/bldAttendant/getJsonData.cmd?bld=dbms/MDC/STAT/standard/MDCSTAT04601,data/krx/kind_details/KR7140580002.html,e3b0c44298fc1c149afbf4c8996fb92427ae41e4649b934ca495991b7852b855,listing_date_missing,https://data.krx.co.kr/comm/bldAttendant/getJsonData.cmd?bld=dbms/MDC/STAT/standard/MDCSTAT04601,data/krx/etf_authenticated_master.json,a212d774f6e92cd83e37826483d3e3532247f0a18afc0d68eff1db91f9e49e5f
379790,KR7379790009,RISE 유로스탁스50(H),2021-04-09,,EURO STOXX50,일반 (1),https://kind.krx.co.kr/disclosure/etfisudetail.do?method=searchEftIsuDetail&isuCd=KR7379790009,data/krx/kind_details/KR7379790009.html,f35a2573b94bf9925a7ab8bf0df13dfdf2159e9c1c9037d18783327044276b0b,,,,
498610,KR7498610005,RISE 인도디지털성장,2025-04-01,,,,https://data.krx.co.kr/comm/bldAttendant/getJsonData.cmd?bld=dbms/MDC/STAT/standard/MDCSTAT04601,data/krx/kind_details/KR7498610005.html,e3b0c44298fc1c149afbf4c8996fb92427ae41e4649b934ca495991b7852b855,listing_date_missing,https://data.krx.co.kr/comm/bldAttendant/getJsonData.cmd?bld=dbms/MDC/STAT/standard/MDCSTAT04601,data/krx/etf_authenticated_master.json,a212d774f6e92cd83e37826483d3e3532247f0a18afc0d68eff1db91f9e49e5f
488480,KR7488480005,RISE 일본섹터TOP4Plus,2024-08-20,,,,https://data.krx.co.kr/comm/bldAttendant/getJsonData.cmd?bld=dbms/MDC/STAT/standard/MDCSTAT04601,data/krx/kind_details/KR7488480005.html,e3b0c44298fc1c149afbf4c8996fb92427ae41e4649b934ca495991b7852b855,listing_date_missing,https://data.krx.co.kr/comm/bldAttendant/getJsonData.cmd?bld=dbms/MDC/STAT/standard/MDCSTAT04601,data/krx/etf_authenticated_master.json,a212d774f6e92cd83e37826483d3e3532247f0a18afc0d68eff1db91f9e49e5f
385540,KR7385540000,RISE 종합채권(A-이상)액티브,2021-05-26,,,,https://data.krx.co.kr/comm/bldAttendant/getJsonData.cmd?bld=dbms/MDC/STAT/standard/MDCSTAT04601,data/krx/kind_details/KR7385540000.html,e3b0c44298fc1c149afbf4c8996fb92427ae41e4649b934ca495991b7852b855,listing_date_missing,https://data.krx.co.kr/comm/bldAttendant/getJsonData.cmd?bld=dbms/MDC/STAT/standard/MDCSTAT04601,data/krx/etf_authenticated_master.json,a212d774f6e92cd83e37826483d3e3532247f0a18afc0d68eff1db91f9e49e5f
183710,KR7183710003,RISE 주식혼합,2013-10-17,,,,https://data.krx.co.kr/comm/bldAttendant/getJsonData.cmd?bld=dbms/MDC/STAT/standard/MDCSTAT04601,data/krx/kind_details/KR7183710003.html,e3b0c44298fc1c149afbf4c8996fb92427ae41e4649b934ca495991b7852b855,listing_date_missing,https://data.krx.co.kr/comm/bldAttendant/getJsonData.cmd?bld=dbms/MDC/STAT/standard/MDCSTAT04601,data/krx/etf_authenticated_master.json,a212d774f6e92cd83e37826483d3e3532247f0a18afc0d68eff1db91f9e49e5f
310080,KR7310080007,RISE 중국MSCI China(H),2018-11-28,,,,https://data.krx.co.kr/comm/bldAttendant/getJsonData.cmd?bld=dbms/MDC/STAT/standard/MDCSTAT04601,data/krx/kind_details/KR7310080007.html,e3b0c44298fc1c149afbf4c8996fb92427ae41e4649b934ca495991b7852b855,listing_date_missing,https://data.krx.co.kr/comm/bldAttendant/getJsonData.cmd?bld=dbms/MDC/STAT/standard/MDCSTAT04601,data/krx/etf_authenticated_master.json,a212d774f6e92cd83e37826483d3e3532247f0a18afc0d68eff1db91f9e49e5f
463300,KR7463300004,RISE 중국본토CSI300,2023-08-08,,,,https://data.krx.co.kr/comm/bldAttendant/getJsonData.cmd?bld=dbms/MDC/STAT/standard/MDCSTAT04601,data/krx/kind_details/KR7463300004.html,e3b0c44298fc1c149afbf4c8996fb92427ae41e4649b934ca495991b7852b855,listing_date_missing,https://data.krx.co.kr/comm/bldAttendant/getJsonData.cmd?bld=dbms/MDC/STAT/standard/MDCSTAT04601,data/krx/etf_authenticated_master.json,a212d774f6e92cd83e37826483d3e3532247f0a18afc0d68eff1db91f9e49e5f
174360,KR7174360008,RISE 중국본토대형주CSI100,2013-06-04,,,,https://data.krx.co.kr/comm/bldAttendant/getJsonData.cmd?bld=dbms/MDC/STAT/standard/MDCSTAT04601,data/krx/kind_details/KR7174360008.html,e3b0c44298fc1c149afbf4c8996fb92427ae41e4649b934ca495991b7852b855,listing_date_missing,https://data.krx.co.kr/comm/bldAttendant/getJsonData.cmd?bld=dbms/MDC/STAT/standard/MDCSTAT04601,data/krx/etf_authenticated_master.json,a212d774f6e92cd83e37826483d3e3532247f0a18afc0d68eff1db91f9e49e5f
136340,KR7136340007,RISE 중기우량회사채,2011-04-15,,,,https://data.krx.co.kr/comm/bldAttendant/getJsonData.cmd?bld=dbms/MDC/STAT/standard/MDCSTAT04601,data/krx/kind_details/KR7136340007.html,e3b0c44298fc1c149afbf4c8996fb92427ae41e4649b934ca495991b7852b855,listing_date_missing,https://data.krx.co.kr/comm/bldAttendant/getJsonData.cmd?bld=dbms/MDC/STAT/standard/MDCSTAT04601,data/krx/etf_authenticated_master.json,a212d774f6e92cd83e37826483d3e3532247f0a18afc0d68eff1db91f9e49e5f
281990,KR7281990002,RISE 중소형고배당,2017-11-02,,,,https://data.krx.co.kr/comm/bldAttendant/getJsonData.cmd?bld=dbms/MDC/STAT/standard/MDCSTAT04601,data/krx/kind_details/KR7281990002.html,e3b0c44298fc1c149afbf4c8996fb92427ae41e4649b934ca495991b7852b855,listing_date_missing,https://data.krx.co.kr/comm/bldAttendant/getJsonData.cmd?bld=dbms/MDC/STAT/standard/MDCSTAT04601,data/krx/etf_authenticated_master.json,a212d774f6e92cd83e37826483d3e3532247f0a18afc0d68eff1db91f9e49e5f
272570,KR7272570003,RISE 중장기국공채액티브,2017-06-29,,,,https://data.krx.co.kr/comm/bldAttendant/getJsonData.cmd?bld=dbms/MDC/STAT/standard/MDCSTAT04601,data/krx/kind_details/KR7272570003.html,e3b0c44298fc1c149afbf4c8996fb92427ae41e4649b934ca495991b7852b855,listing_date_missing,https://data.krx.co.kr/comm/bldAttendant/getJsonData.cmd?bld=dbms/MDC/STAT/standard/MDCSTAT04601,data/krx/etf_authenticated_master.json,a212d774f6e92cd83e37826483d3e3532247f0a18afc0d68eff1db91f9e49e5f
0164G0,KR70164G0008,RISE 차이나AI반도체TOP4Plus,2026-03-10,,,,https://data.krx.co.kr/comm/bldAttendant/getJsonData.cmd?bld=dbms/MDC/STAT/standard/MDCSTAT04601,data/krx/kind_details/KR70164G0008.html,e3b0c44298fc1c149afbf4c8996fb92427ae41e4649b934ca495991b7852b855,listing_date_missing,https://data.krx.co.kr/comm/bldAttendant/getJsonData.cmd?bld=dbms/MDC/STAT/standard/MDCSTAT04601,data/krx/etf_authenticated_master.json,a212d774f6e92cd83e37826483d3e3532247f0a18afc0d68eff1db91f9e49e5f
250730,KR7250730009,RISE 차이나HSCEI(H),2016-08-10,,,,https://data.krx.co.kr/comm/bldAttendant/getJsonData.cmd?bld=dbms/MDC/STAT/standard/MDCSTAT04601,data/krx/kind_details/KR7250730009.html,e3b0c44298fc1c149afbf4c8996fb92427ae41e4649b934ca495991b7852b855,listing_date_missing,https://data.krx.co.kr/comm/bldAttendant/getJsonData.cmd?bld=dbms/MDC/STAT/standard/MDCSTAT04601,data/krx/etf_authenticated_master.json,a212d774f6e92cd83e37826483d3e3532247f0a18afc0d68eff1db91f9e49e5f
291680,KR7291680007,RISE 차이나H선물인버스(H),2018-03-23,,Hang Seng China Enterprises Futures Short Index(Price Return),1X 인버스 (-1),https://kind.krx.co.kr/disclosure/etfisudetail.do?method=searchEftIsuDetail&isuCd=KR7291680007,data/krx/kind_details/KR7291680007.html,f5e5cf0cc3b8ae72d550407394fc7f07bab08f7ba99c6cb4bbe236d3753bad93,,,,
0094L0,KR70094L0006,RISE 차이나테크TOP10위클리타겟커버드콜,2025-09-02,,,,https://data.krx.co.kr/comm/bldAttendant/getJsonData.cmd?bld=dbms/MDC/STAT/standard/MDCSTAT04601,data/krx/kind_details/KR70094L0006.html,e3b0c44298fc1c149afbf4c8996fb92427ae41e4649b934ca495991b7852b855,listing_date_missing,https://data.krx.co.kr/comm/bldAttendant/getJsonData.cmd?bld=dbms/MDC/STAT/standard/MDCSTAT04601,data/krx/etf_authenticated_master.json,a212d774f6e92cd83e37826483d3e3532247f0a18afc0d68eff1db91f9e49e5f
371150,KR7371150004,RISE 차이나항셍테크,2020-12-16,,Hang Seng TECH Index,일반 (1),https://kind.krx.co.kr/disclosure/etfisudetail.do?method=searchEftIsuDetail&isuCd=KR7371150004,data/krx/kind_details/KR7371150004.html,83ecf323717991d9631edc24e79d15d2f34e6f2e62b463fd89c6c92af0b98311,,,,
427110,KR7427110002,RISE 창업투자회사,2022-05-17,2025-01-22,FnGuide 창업투자회사 지수(시장가격지수),일반 (1),https://kind.krx.co.kr/disclosure/etfisudetail.do?method=searchEftIsuDetail&isuCd=KR7427110002,data/krx/kind_authenticated_followup/KR7427110002.html,89e6bc6cb558d258b7da8ff3956486eb0822b3d31f0c07c8235d7089afc29e99,,https://kind.krx.co.kr/disclosure/etfisudetail.do?method=searchEftIsuDetail&isuCd=KR7427110002,data/krx/kind_authenticated_followup/KR7427110002.html,89e6bc6cb558d258b7da8ff3956486eb0822b3d31f0c07c8235d7089afc29e99
498860,KR7498860006,RISE 코리아금융고배당,2024-12-10,,,,https://data.krx.co.kr/comm/bldAttendant/getJsonData.cmd?bld=dbms/MDC/STAT/standard/MDCSTAT04601,data/krx/kind_details/KR7498860006.html,e3b0c44298fc1c149afbf4c8996fb92427ae41e4649b934ca495991b7852b855,listing_date_missing,https://data.krx.co.kr/comm/bldAttendant/getJsonData.cmd?bld=dbms/MDC/STAT/standard/MDCSTAT04601,data/krx/etf_authenticated_master.json,a212d774f6e92cd83e37826483d3e3532247f0a18afc0d68eff1db91f9e49e5f
495050,KR7495050007,RISE 코리아밸류업,2024-11-04,,,,https://data.krx.co.kr/comm/bldAttendant/getJsonData.cmd?bld=dbms/MDC/STAT/standard/MDCSTAT04601,data/krx/kind_details/KR7495050007.html,e3b0c44298fc1c149afbf4c8996fb92427ae41e4649b934ca495991b7852b855,listing_date_missing,https://data.krx.co.kr/comm/bldAttendant/getJsonData.cmd?bld=dbms/MDC/STAT/standard/MDCSTAT04601,data/krx/etf_authenticated_master.json,a212d774f6e92cd83e37826483d3e3532247f0a18afc0d68eff1db91f9e49e5f
0094M0,KR70094M0005,RISE 코리아밸류업위클리고정커버드콜,2025-09-02,,,,https://data.krx.co.kr/comm/bldAttendant/getJsonData.cmd?bld=dbms/MDC/STAT/standard/MDCSTAT04601,data/krx/kind_details/KR70094M0005.html,e3b0c44298fc1c149afbf4c8996fb92427ae41e4649b934ca495991b7852b855,listing_date_missing,https://data.krx.co.kr/comm/bldAttendant/getJsonData.cmd?bld=dbms/MDC/STAT/standard/MDCSTAT04601,data/krx/etf_authenticated_master.json,a212d774f6e92cd83e37826483d3e3532247f0a18afc0d68eff1db91f9e49e5f
0151P0,KR70151P0002,RISE 코리아전략산업액티브,2026-01-20,,,,https://data.krx.co.kr/comm/bldAttendant/getJsonData.cmd?bld=dbms/MDC/STAT/standard/MDCSTAT04601,data/krx/kind_details/KR70151P0002.html,e3b0c44298fc1c149afbf4c8996fb92427ae41e4649b934ca495991b7852b855,listing_date_missing,https://data.krx.co.kr/comm/bldAttendant/getJsonData.cmd?bld=dbms/MDC/STAT/standard/MDCSTAT04601,data/krx/etf_authenticated_master.json,a212d774f6e92cd83e37826483d3e3532247f0a18afc0d68eff1db91f9e49e5f
270810,KR7270810005,RISE 코스닥150,2017-06-16,,,,https://data.krx.co.kr/comm/bldAttendant/getJsonData.cmd?bld=dbms/MDC/STAT/standard/MDCSTAT04601,data/krx/kind_details/KR7270810005.html,e3b0c44298fc1c149afbf4c8996fb92427ae41e4649b934ca495991b7852b855,listing_date_missing,https://data.krx.co.kr/comm/bldAttendant/getJsonData.cmd?bld=dbms/MDC/STAT/standard/MDCSTAT04601,data/krx/etf_authenticated_master.json,a212d774f6e92cd83e37826483d3e3532247f0a18afc0d68eff1db91f9e49e5f
278240,KR7278240007,RISE 코스닥150선물레버리지,2017-08-31,,,,https://data.krx.co.kr/comm/bldAttendant/getJsonData.cmd?bld=dbms/MDC/STAT/standard/MDCSTAT04601,data/krx/kind_details/KR7278240007.html,e3b0c44298fc1c149afbf4c8996fb92427ae41e4649b934ca495991b7852b855,listing_date_missing,https://data.krx.co.kr/comm/bldAttendant/getJsonData.cmd?bld=dbms/MDC/STAT/standard/MDCSTAT04601,data/krx/etf_authenticated_master.json,a212d774f6e92cd83e37826483d3e3532247f0a18afc0d68eff1db91f9e49e5f
275750,KR7275750008,RISE 코스닥150선물인버스,2017-08-01,,,,https://data.krx.co.kr/comm/bldAttendant/getJsonData.cmd?bld=dbms/MDC/STAT/standard/MDCSTAT04601,data/krx/kind_details/KR7275750008.html,e3b0c44298fc1c149afbf4c8996fb92427ae41e4649b934ca495991b7852b855,listing_date_missing,https://data.krx.co.kr/comm/bldAttendant/getJsonData.cmd?bld=dbms/MDC/STAT/standard/MDCSTAT04601,data/krx/etf_authenticated_master.json,a212d774f6e92cd83e37826483d3e3532247f0a18afc0d68eff1db91f9e49e5f
0223A0,KR70223A0003,RISE 코스닥커버드콜액티브,2026-07-28,,,,https://data.krx.co.kr/comm/bldAttendant/getJsonData.cmd?bld=dbms/MDC/STAT/standard/MDCSTAT04601,data/krx/kind_details/KR70223A0003.html,e3b0c44298fc1c149afbf4c8996fb92427ae41e4649b934ca495991b7852b855,listing_date_missing,https://data.krx.co.kr/comm/bldAttendant/getJsonData.cmd?bld=dbms/MDC/STAT/standard/MDCSTAT04601,data/krx/etf_authenticated_master.json,a212d774f6e92cd83e37826483d3e3532247f0a18afc0d68eff1db91f9e49e5f
302450,KR7302450002,RISE 코스피,2018-07-24,,,,https://data.krx.co.kr/comm/bldAttendant/getJsonData.cmd?bld=dbms/MDC/STAT/standard/MDCSTAT04601,data/krx/kind_details/KR7302450002.html,e3b0c44298fc1c149afbf4c8996fb92427ae41e4649b934ca495991b7852b855,listing_date_missing,https://data.krx.co.kr/comm/bldAttendant/getJsonData.cmd?bld=dbms/MDC/STAT/standard/MDCSTAT04601,data/krx/etf_authenticated_master.json,a212d774f6e92cd83e37826483d3e3532247f0a18afc0d68eff1db91f9e49e5f
0047P0,KR70047P0000,RISE 테슬라고정테크100,2025-05-13,,,,https://data.krx.co.kr/comm/bldAttendant/getJsonData.cmd?bld=dbms/MDC/STAT/standard/MDCSTAT04601,data/krx/kind_details/KR70047P0000.html,e3b0c44298fc1c149afbf4c8996fb92427ae41e4649b934ca495991b7852b855,listing_date_missing,https://data.krx.co.kr/comm/bldAttendant/getJsonData.cmd?bld=dbms/MDC/STAT/standard/MDCSTAT04601,data/krx/etf_authenticated_master.json,a212d774f6e92cd83e37826483d3e3532247f0a18afc0d68eff1db91f9e49e5f
0013R0,KR70013R0008,RISE 테슬라미국채타겟커버드콜혼합(합성),2025-02-18,,,,https://data.krx.co.kr/comm/bldAttendant/getJsonData.cmd?bld=dbms/MDC/STAT/standard/MDCSTAT04601,data/krx/kind_details/KR70013R0008.html,e3b0c44298fc1c149afbf4c8996fb92427ae41e4649b934ca495991b7852b855,listing_date_missing,https://data.krx.co.kr/comm/bldAttendant/getJsonData.cmd?bld=dbms/MDC/STAT/standard/MDCSTAT04601,data/krx/etf_authenticated_master.json,a212d774f6e92cd83e37826483d3e3532247f0a18afc0d68eff1db91f9e49e5f
449580,KR7449580000,RISE 테슬라애플아마존채권혼합,2022-12-20,,,,https://data.krx.co.kr/comm/bldAttendant/getJsonData.cmd?bld=dbms/MDC/STAT/standard/MDCSTAT04601,data/krx/kind_details/KR7449580000.html,e3b0c44298fc1c149afbf4c8996fb92427ae41e4649b934ca495991b7852b855,listing_date_missing,https://data.krx.co.kr/comm/bldAttendant/getJsonData.cmd?bld=dbms/MDC/STAT/standard/MDCSTAT04601,data/krx/etf_authenticated_master.json,a212d774f6e92cd83e37826483d3e3532247f0a18afc0d68eff1db91f9e49e5f
334690,KR7334690005,RISE 팔라듐선물(H),2019-09-24,,,,https://data.krx.co.kr/comm/bldAttendant/getJsonData.cmd?bld=dbms/MDC/STAT/standard/MDCSTAT04601,data/krx/kind_details/KR7334690005.html,e3b0c44298fc1c149afbf4c8996fb92427ae41e4649b934ca495991b7852b855,listing_date_missing,https://data.krx.co.kr/comm/bldAttendant/getJsonData.cmd?bld=dbms/MDC/STAT/standard/MDCSTAT04601,data/krx/etf_authenticated_master.json,a212d774f6e92cd83e37826483d3e3532247f0a18afc0d68eff1db91f9e49e5f
334700,KR7334700002,RISE 팔라듐선물인버스(H),2019-09-24,,,,https://data.krx.co.kr/comm/bldAttendant/getJsonData.cmd?bld=dbms/MDC/STAT/standard/MDCSTAT04601,data/krx/kind_details/KR7334700002.html,e3b0c44298fc1c149afbf4c8996fb92427ae41e4649b934ca495991b7852b855,listing_date_missing,https://data.krx.co.kr/comm/bldAttendant/getJsonData.cmd?bld=dbms/MDC/STAT/standard/MDCSTAT04601,data/krx/etf_authenticated_master.json,a212d774f6e92cd83e37826483d3e3532247f0a18afc0d68eff1db91f9e49e5f
0047R0,KR70047R0008,RISE 팔란티어고정테크100,2025-05-13,,,,https://data.krx.co.kr/comm/bldAttendant/getJsonData.cmd?bld=dbms/MDC/STAT/standard/MDCSTAT04601,data/krx/kind_details/KR70047R0008.html,e3b0c44298fc1c149afbf4c8996fb92427ae41e4649b934ca495991b7852b855,listing_date_missing,https://data.krx.co.kr/comm/bldAttendant/getJsonData.cmd?bld=dbms/MDC/STAT/standard/MDCSTAT04601,data/krx/etf_authenticated_master.json,a212d774f6e92cd83e37826483d3e3532247f0a18afc0d68eff1db91f9e49e5f
253280,KR7253280002,RISE 헬스케어,2016-09-23,,,,https://data.krx.co.kr/comm/bldAttendant/getJsonData.cmd?bld=dbms/MDC/STAT/standard/MDCSTAT04601,data/krx/kind_details/KR7253280002.html,e3b0c44298fc1c149afbf4c8996fb92427ae41e4649b934ca495991b7852b855,listing_date_missing,https://data.krx.co.kr/comm/bldAttendant/getJsonData.cmd?bld=dbms/MDC/STAT/standard/MDCSTAT04601,data/krx/etf_authenticated_master.json,a212d774f6e92cd83e37826483d3e3532247f0a18afc0d68eff1db91f9e49e5f
253290,KR7253290001,RISE 헬스케어채권혼합,2016-09-23,,,,https://data.krx.co.kr/comm/bldAttendant/getJsonData.cmd?bld=dbms/MDC/STAT/standard/MDCSTAT04601,data/krx/kind_details/KR7253290001.html,e3b0c44298fc1c149afbf4c8996fb92427ae41e4649b934ca495991b7852b855,listing_date_missing,https://data.krx.co.kr/comm/bldAttendant/getJsonData.cmd?bld=dbms/MDC/STAT/standard/MDCSTAT04601,data/krx/etf_authenticated_master.json,a212d774f6e92cd83e37826483d3e3532247f0a18afc0d68eff1db91f9e49e5f
0190C0,KR70190C0000,RISE 현대차고정피지컬AI,2026-05-12,,,,https://data.krx.co.kr/comm/bldAttendant/getJsonData.cmd?bld=dbms/MDC/STAT/standard/MDCSTAT04601,data/krx/kind_details/KR70190C0000.html,e3b0c44298fc1c149afbf4c8996fb92427ae41e4649b934ca495991b7852b855,listing_date_missing,https://data.krx.co.kr/comm/bldAttendant/getJsonData.cmd?bld=dbms/MDC/STAT/standard/MDCSTAT04601,data/krx/etf_authenticated_master.json,a212d774f6e92cd83e37826483d3e3532247f0a18afc0d68eff1db91f9e49e5f
411540,KR7411540008,SOL 200 Top10,2021-12-09,,,,https://data.krx.co.kr/comm/bldAttendant/getJsonData.cmd?bld=dbms/MDC/STAT/standard/MDCSTAT04601,data/krx/kind_details/KR7411540008.html,e3b0c44298fc1c149afbf4c8996fb92427ae41e4649b934ca495991b7852b855,listing_date_missing,https://data.krx.co.kr/comm/bldAttendant/getJsonData.cmd?bld=dbms/MDC/STAT/standard/MDCSTAT04601,data/krx/etf_authenticated_master.json,a212d774f6e92cd83e37826483d3e3532247f0a18afc0d68eff1db91f9e49e5f
295040,KR7295040000,SOL 200TR,2018-04-23,,,,https://data.krx.co.kr/comm/bldAttendant/getJsonData.cmd?bld=dbms/MDC/STAT/standard/MDCSTAT04601,data/krx/kind_details/KR7295040000.html,e3b0c44298fc1c149afbf4c8996fb92427ae41e4649b934ca495991b7852b855,listing_date_missing,https://data.krx.co.kr/comm/bldAttendant/getJsonData.cmd?bld=dbms/MDC/STAT/standard/MDCSTAT04601,data/krx/etf_authenticated_master.json,a212d774f6e92cd83e37826483d3e3532247f0a18afc0d68eff1db91f9e49e5f
0167B0,KR70167B0000,SOL 200타겟위클리커버드콜,2026-03-17,,,,https://data.krx.co.kr/comm/bldAttendant/getJsonData.cmd?bld=dbms/MDC/STAT/standard/MDCSTAT04601,data/krx/kind_details/KR70167B0000.html,e3b0c44298fc1c149afbf4c8996fb92427ae41e4649b934ca495991b7852b855,listing_date_missing,https://data.krx.co.kr/comm/bldAttendant/getJsonData.cmd?bld=dbms/MDC/STAT/standard/MDCSTAT04601,data/krx/etf_authenticated_master.json,a212d774f6e92cd83e37826483d3e3532247f0a18afc0d68eff1db91f9e49e5f
449540,KR7449540004,SOL 24-06 국고채액티브,2022-12-16,2024-06-07,KAP 24-06 무위험채권 총수익 지수,일반 (1),https://kind.krx.co.kr/disclosure/etfisudetail.do?method=searchEftIsuDetail&isuCd=KR7449540004,data/krx/kind_authenticated_followup/KR7449540004.html,4f491fb6274946c3b8110d2670c6263fc1e52682d7f12eedbdac16771c534dd1,,https://kind.krx.co.kr/disclosure/etfisudetail.do?method=searchEftIsuDetail&isuCd=KR7449540004,data/krx/kind_authenticated_followup/KR7449540004.html,4f491fb6274946c3b8110d2670c6263fc1e52682d7f12eedbdac16771c534dd1
469820,KR7469820005,SOL 24-12 회사채(AA-이상)액티브,2023-11-07,2024-12-09,"KAP 24-12 크레딧 채권지수(AA-이상, 총수익)",일반 (1),https://kind.krx.co.kr/disclosure/etfisudetail.do?method=searchEftIsuDetail&isuCd=KR7469820005,data/krx/kind_authenticated_followup/KR7469820005.html,8de36b8fb3bf0c8c93ab97a7b0331749ac75a6c0f20b0bd5f4f4ebc739b4545b,,https://kind.krx.co.kr/disclosure/etfisudetail.do?method=searchEftIsuDetail&isuCd=KR7469820005,data/krx/kind_authenticated_followup/KR7469820005.html,8de36b8fb3bf0c8c93ab97a7b0331749ac75a6c0f20b0bd5f4f4ebc739b4545b
462540,KR7462540006,SOL 25-09 회사채(AA-이상)액티브,2023-08-08,2025-09-09,"KAP 25-09 크레딧 채권지수(AA- 이상, 총수익)",일반 (1),https://kind.krx.co.kr/disclosure/etfisudetail.do?method=searchEftIsuDetail&isuCd=KR7462540006,data/krx/kind_authenticated_followup/KR7462540006.html,4147cb57031167816501d020440781727e2e7737e907d9ad732dcf29b0a2ae28,,https://kind.krx.co.kr/disclosure/etfisudetail.do?method=searchEftIsuDetail&isuCd=KR7462540006,data/krx/kind_authenticated_followup/KR7462540006.html,4147cb57031167816501d020440781727e2e7737e907d9ad732dcf29b0a2ae28
488980,KR7488980004,SOL 26-12 회사채(AA-이상)액티브,2024-10-08,,,,https://data.krx.co.kr/comm/bldAttendant/getJsonData.cmd?bld=dbms/MDC/STAT/standard/MDCSTAT04601,data/krx/kind_details/KR7488980004.html,e3b0c44298fc1c149afbf4c8996fb92427ae41e4649b934ca495991b7852b855,listing_date_missing,https://data.krx.co.kr/comm/bldAttendant/getJsonData.cmd?bld=dbms/MDC/STAT/standard/MDCSTAT04601,data/krx/etf_authenticated_master.json,a212d774f6e92cd83e37826483d3e3532247f0a18afc0d68eff1db91f9e49e5f
0092C0,KR70092C0009,SOL 27-12 회사채(AA-이상)액티브,2025-08-19,,,,https://data.krx.co.kr/comm/bldAttendant/getJsonData.cmd?bld=dbms/MDC/STAT/standard/MDCSTAT04601,data/krx/kind_details/KR70092C0009.html,e3b0c44298fc1c149afbf4c8996fb92427ae41e4649b934ca495991b7852b855,listing_date_missing,https://data.krx.co.kr/comm/bldAttendant/getJsonData.cmd?bld=dbms/MDC/STAT/standard/MDCSTAT04601,data/krx/etf_authenticated_master.json,a212d774f6e92cd83e37826483d3e3532247f0a18afc0d68eff1db91f9e49e5f
455860,KR7455860007,SOL 2차전지소부장Fn,2023-04-25,,,,https://data.krx.co.kr/comm/bldAttendant/getJsonData.cmd?bld=dbms/MDC/STAT/standard/MDCSTAT04601,data/krx/kind_details/KR7455860007.html,e3b0c44298fc1c149afbf4c8996fb92427ae41e4649b934ca495991b7852b855,listing_date_missing,https://data.krx.co.kr/comm/bldAttendant/getJsonData.cmd?bld=dbms/MDC/STAT/standard/MDCSTAT04601,data/krx/etf_authenticated_master.json,a212d774f6e92cd83e37826483d3e3532247f0a18afc0d68eff1db91f9e49e5f
0167A0,KR70167A0001,SOL AI반도체TOP2플러스,2026-03-17,,,,https://data.krx.co.kr/comm/bldAttendant/getJsonData.cmd?bld=dbms/MDC/STAT/standard/MDCSTAT04601,data/krx/kind_details/KR70167A0001.html,e3b0c44298fc1c149afbf4c8996fb92427ae41e4649b934ca495991b7852b855,listing_date_missing,https://data.krx.co.kr/comm/bldAttendant/getJsonData.cmd?bld=dbms/MDC/STAT/standard/MDCSTAT04601,data/krx/etf_authenticated_master.json,a212d774f6e92cd83e37826483d3e3532247f0a18afc0d68eff1db91f9e49e5f
455850,KR7455850008,SOL AI반도체소부장,2023-04-25,,,,https://data.krx.co.kr/comm/bldAttendant/getJsonData.cmd?bld=dbms/MDC/STAT/standard/MDCSTAT04601,data/krx/kind_details/KR7455850008.html,e3b0c44298fc1c149afbf4c8996fb92427ae41e4649b934ca495991b7852b855,listing_date_missing,https://data.krx.co.kr/comm/bldAttendant/getJsonData.cmd?bld=dbms/MDC/STAT/standard/MDCSTAT04601,data/krx/etf_authenticated_master.json,a212d774f6e92cd83e37826483d3e3532247f0a18afc0d68eff1db91f9e49e5f
497880,KR7497880005,SOL CD금리&머니마켓액티브,2024-11-26,,,,https://data.krx.co.kr/comm/bldAttendant/getJsonData.cmd?bld=dbms/MDC/STAT/standard/MDCSTAT04601,data/krx/kind_details/KR7497880005.html,e3b0c44298fc1c149afbf4c8996fb92427ae41e4649b934ca495991b7852b855,listing_date_missing,https://data.krx.co.kr/comm/bldAttendant/getJsonData.cmd?bld=dbms/MDC/STAT/standard/MDCSTAT04601,data/krx/etf_authenticated_master.json,a212d774f6e92cd83e37826483d3e3532247f0a18afc0d68eff1db91f9e49e5f
363510,KR7363510009,SOL KIS단기통안채,2020-09-09,,,,https://data.krx.co.kr/comm/bldAttendant/getJsonData.cmd?bld=dbms/MDC/STAT/standard/MDCSTAT04601,data/krx/kind_details/KR7363510009.html,e3b0c44298fc1c149afbf4c8996fb92427ae41e4649b934ca495991b7852b855,listing_date_missing,https://data.krx.co.kr/comm/bldAttendant/getJsonData.cmd?bld=dbms/MDC/STAT/standard/MDCSTAT04601,data/krx/etf_authenticated_master.json,a212d774f6e92cd83e37826483d3e3532247f0a18afc0d68eff1db91f9e49e5f
292500,KR7292500006,SOL KRX300,2018-03-26,,,,https://data.krx.co.kr/comm/bldAttendant/getJsonData.cmd?bld=dbms/MDC/STAT/standard/MDCSTAT04601,data/krx/kind_details/KR7292500006.html,e3b0c44298fc1c149afbf4c8996fb92427ae41e4649b934ca495991b7852b855,listing_date_missing,https://data.krx.co.kr/comm/bldAttendant/getJsonData.cmd?bld=dbms/MDC/STAT/standard/MDCSTAT04601,data/krx/etf_authenticated_master.json,a212d774f6e92cd83e37826483d3e3532247f0a18afc0d68eff1db91f9e49e5f
404650,KR7404650004,SOL KRX기후변화솔루션,2021-10-29,,,,https://data.krx.co.kr/comm/bldAttendant/getJsonData.cmd?bld=dbms/MDC/STAT/standard/MDCSTAT04601,data/krx/kind_details/KR7404650004.html,e3b0c44298fc1c149afbf4c8996fb92427ae41e4649b934ca495991b7852b855,listing_date_missing,https://data.krx.co.kr/comm/bldAttendant/getJsonData.cmd?bld=dbms/MDC/STAT/standard/MDCSTAT04601,data/krx/etf_authenticated_master.json,a212d774f6e92cd83e37826483d3e3532247f0a18afc0d68eff1db91f9e49e5f
490480,KR7490480001,SOL K방산,2024-10-02,,,,https://data.krx.co.kr/comm/bldAttendant/getJsonData.cmd?bld=dbms/MDC/STAT/standard/MDCSTAT04601,data/krx/kind_details/KR7490480001.html,e3b0c44298fc1c149afbf4c8996fb92427ae41e4649b934ca495991b7852b855,listing_date_missing,https://data.krx.co.kr/comm/bldAttendant/getJsonData.cmd?bld=dbms/MDC/STAT/standard/MDCSTAT04601,data/krx/etf_authenticated_master.json,a212d774f6e92cd83e37826483d3e3532247f0a18afc0d68eff1db91f9e49e5f
0197W0,KR70197W0009,SOL SK하이닉스단일종목레버리지,2026-05-27,,,,https://data.krx.co.kr/comm/bldAttendant/getJsonData.cmd?bld=dbms/MDC/STAT/standard/MDCSTAT04601,data/krx/kind_details/KR70197W0009.html,e3b0c44298fc1c149afbf4c8996fb92427ae41e4649b934ca495991b7852b855,listing_date_missing,https://data.krx.co.kr/comm/bldAttendant/getJsonData.cmd?bld=dbms/MDC/STAT/standard/MDCSTAT04601,data/krx/etf_authenticated_master.json,a212d774f6e92cd83e37826483d3e3532247f0a18afc0d68eff1db91f9e49e5f
0197X0,KR70197X0008,SOL SK하이닉스선물단일종목인버스2X,2026-05-27,,,,https://data.krx.co.kr/comm/bldAttendant/getJsonData.cmd?bld=dbms/MDC/STAT/standard/MDCSTAT04601,data/krx/kind_details/KR70197X0008.html,e3b0c44298fc1c149afbf4c8996fb92427ae41e4649b934ca495991b7852b855,listing_date_missing,https://data.krx.co.kr/comm/bldAttendant/getJsonData.cmd?bld=dbms/MDC/STAT/standard/MDCSTAT04601,data/krx/etf_authenticated_master.json,a212d774f6e92cd83e37826483d3e3532247f0a18afc0d68eff1db91f9e49e5f
438570,KR7438570004,SOL 국고채10년,2022-09-06,,,,https://data.krx.co.kr/comm/bldAttendant/getJsonData.cmd?bld=dbms/MDC/STAT/standard/MDCSTAT04601,data/krx/kind_details/KR7438570004.html,e3b0c44298fc1c149afbf4c8996fb92427ae41e4649b934ca495991b7852b855,listing_date_missing,https://data.krx.co.kr/comm/bldAttendant/getJsonData.cmd?bld=dbms/MDC/STAT/standard/MDCSTAT04601,data/krx/etf_authenticated_master.json,a212d774f6e92cd83e37826483d3e3532247f0a18afc0d68eff1db91f9e49e5f
474390,KR7474390002,SOL 국고채30년액티브,2024-01-16,,,,https://data.krx.co.kr/comm/bldAttendant/getJsonData.cmd?bld=dbms/MDC/STAT/standard/MDCSTAT04601,data/krx/kind_details/KR7474390002.html,e3b0c44298fc1c149afbf4c8996fb92427ae41e4649b934ca495991b7852b855,listing_date_missing,https://data.krx.co.kr/comm/bldAttendant/getJsonData.cmd?bld=dbms/MDC/STAT/standard/MDCSTAT04601,data/krx/etf_authenticated_master.json,a212d774f6e92cd83e37826483d3e3532247f0a18afc0d68eff1db91f9e49e5f
438560,KR7438560005,SOL 국고채3년,2022-09-06,,,,https://data.krx.co.kr/comm/bldAttendant/getJsonData.cmd?bld=dbms/MDC/STAT/standard/MDCSTAT04601,data/krx/kind_details/KR7438560005.html,e3b0c44298fc1c149afbf4c8996fb92427ae41e4649b934ca495991b7852b855,listing_date_missing,https://data.krx.co.kr/comm/bldAttendant/getJsonData.cmd?bld=dbms/MDC/STAT/standard/MDCSTAT04601,data/krx/etf_authenticated_master.json,a212d774f6e92cd83e37826483d3e3532247f0a18afc0d68eff1db91f9e49e5f
0066W0,KR70066W0007,SOL 국제금,2025-06-17,,,,https://data.krx.co.kr/comm/bldAttendant/getJsonData.cmd?bld=dbms/MDC/STAT/standard/MDCSTAT04601,data/krx/kind_details/KR70066W0007.html,e3b0c44298fc1c149afbf4c8996fb92427ae41e4649b934ca495991b7852b855,listing_date_missing,https://data.krx.co.kr/comm/bldAttendant/getJsonData.cmd?bld=dbms/MDC/STAT/standard/MDCSTAT04601,data/krx/etf_authenticated_master.json,a212d774f6e92cd83e37826483d3e3532247f0a18afc0d68eff1db91f9e49e5f
0022T0,KR70022T0005,SOL 국제금커버드콜액티브,2025-03-11,,,,https://data.krx.co.kr/comm/bldAttendant/getJsonData.cmd?bld=dbms/MDC/STAT/standard/MDCSTAT04601,data/krx/kind_details/KR70022T0005.html,e3b0c44298fc1c149afbf4c8996fb92427ae41e4649b934ca495991b7852b855,listing_date_missing,https://data.krx.co.kr/comm/bldAttendant/getJsonData.cmd?bld=dbms/MDC/STAT/standard/MDCSTAT04601,data/krx/etf_authenticated_master.json,a212d774f6e92cd83e37826483d3e3532247f0a18afc0d68eff1db91f9e49e5f
423170,KR7423170000,SOL 글로벌AI반도체탑픽액티브,2022-04-12,,,,https://data.krx.co.kr/comm/bldAttendant/getJsonData.cmd?bld=dbms/MDC/STAT/standard/MDCSTAT04601,data/krx/kind_details/KR7423170000.html,e3b0c44298fc1c149afbf4c8996fb92427ae41e4649b934ca495991b7852b855,listing_date_missing,https://data.krx.co.kr/comm/bldAttendant/getJsonData.cmd?bld=dbms/MDC/STAT/standard/MDCSTAT04601,data/krx/etf_authenticated_master.json,a212d774f6e92cd83e37826483d3e3532247f0a18afc0d68eff1db91f9e49e5f
400590,KR7400590006,SOL 글로벌탄소배출권선물ICE(합성),2021-09-30,,,,https://data.krx.co.kr/comm/bldAttendant/getJsonData.cmd?bld=dbms/MDC/STAT/standard/MDCSTAT04601,data/krx/kind_details/KR7400590006.html,e3b0c44298fc1c149afbf4c8996fb92427ae41e4649b934ca495991b7852b855,listing_date_missing,https://data.krx.co.kr/comm/bldAttendant/getJsonData.cmd?bld=dbms/MDC/STAT/standard/MDCSTAT04601,data/krx/etf_authenticated_master.json,a212d774f6e92cd83e37826483d3e3532247f0a18afc0d68eff1db91f9e49e5f
484880,KR7484880000,SOL 금융지주플러스고배당,2024-06-25,,,,https://data.krx.co.kr/comm/bldAttendant/getJsonData.cmd?bld=dbms/MDC/STAT/standard/MDCSTAT04601,data/krx/kind_details/KR7484880000.html,e3b0c44298fc1c149afbf4c8996fb92427ae41e4649b934ca495991b7852b855,listing_date_missing,https://data.krx.co.kr/comm/bldAttendant/getJsonData.cmd?bld=dbms/MDC/STAT/standard/MDCSTAT04601,data/krx/etf_authenticated_master.json,a212d774f6e92cd83e37826483d3e3532247f0a18afc0d68eff1db91f9e49e5f
484890,KR7484890009,SOL 머니마켓액티브,2024-06-25,,,,https://data.krx.co.kr/comm/bldAttendant/getJsonData.cmd?bld=dbms/MDC/STAT/standard/MDCSTAT04601,data/krx/kind_details/KR7484890009.html,e3b0c44298fc1c149afbf4c8996fb92427ae41e4649b934ca495991b7852b855,listing_date_missing,https://data.krx.co.kr/comm/bldAttendant/getJsonData.cmd?bld=dbms/MDC/STAT/standard/MDCSTAT04601,data/krx/etf_authenticated_master.json,a212d774f6e92cd83e37826483d3e3532247f0a18afc0d68eff1db91f9e49e5f
461600,KR7461600009,SOL 미국30년국채액티브(H),2023-07-11,,,,https://data.krx.co.kr/comm/bldAttendant/getJsonData.cmd?bld=dbms/MDC/STAT/standard/MDCSTAT04601,data/krx/kind_details/KR7461600009.html,e3b0c44298fc1c149afbf4c8996fb92427ae41e4649b934ca495991b7852b855,listing_date_missing,https://data.krx.co.kr/comm/bldAttendant/getJsonData.cmd?bld=dbms/MDC/STAT/standard/MDCSTAT04601,data/krx/etf_authenticated_master.json,a212d774f6e92cd83e37826483d3e3532247f0a18afc0d68eff1db91f9e49e5f
473330,KR7473330009,SOL 미국30년국채커버드콜(합성),2023-12-27,,,,https://data.krx.co.kr/comm/bldAttendant/getJsonData.cmd?bld=dbms/MDC/STAT/standard/MDCSTAT04601,data/krx/kind_details/KR7473330009.html,e3b0c44298fc1c149afbf4c8996fb92427ae41e4649b934ca495991b7852b855,listing_date_missing,https://data.krx.co.kr/comm/bldAttendant/getJsonData.cmd?bld=dbms/MDC/STAT/standard/MDCSTAT04601,data/krx/etf_authenticated_master.json,a212d774f6e92cd83e37826483d3e3532247f0a18afc0d68eff1db91f9e49e5f
494210,KR7494210008,SOL 미국500타겟데일리커버드콜액티브,2024-10-15,,,,https://data.krx.co.kr/comm/bldAttendant/getJsonData.cmd?bld=dbms/MDC/STAT/standard/MDCSTAT04601,data/krx/kind_details/KR7494210008.html,e3b0c44298fc1c149afbf4c8996fb92427ae41e4649b934ca495991b7852b855,listing_date_missing,https://data.krx.co.kr/comm/bldAttendant/getJsonData.cmd?bld=dbms/MDC/STAT/standard/MDCSTAT04601,data/krx/etf_authenticated_master.json,a212d774f6e92cd83e37826483d3e3532247f0a18afc0d68eff1db91f9e49e5f
479620,KR7479620007,SOL 미국AI반도체칩메이커,2024-04-16,,,,https://data.krx.co.kr/comm/bldAttendant/getJsonData.cmd?bld=dbms/MDC/STAT/standard/MDCSTAT04601,data/krx/kind_details/KR7479620007.html,e3b0c44298fc1c149afbf4c8996fb92427ae41e4649b934ca495991b7852b855,listing_date_missing,https://data.krx.co.kr/comm/bldAttendant/getJsonData.cmd?bld=dbms/MDC/STAT/standard/MDCSTAT04601,data/krx/etf_authenticated_master.json,a212d774f6e92cd83e37826483d3e3532247f0a18afc0d68eff1db91f9e49e5f
481180,KR7481180008,SOL 미국AI소프트웨어,2024-05-14,,,,https://data.krx.co.kr/comm/bldAttendant/getJsonData.cmd?bld=dbms/MDC/STAT/standard/MDCSTAT04601,data/krx/kind_details/KR7481180008.html,e3b0c44298fc1c149afbf4c8996fb92427ae41e4649b934ca495991b7852b855,listing_date_missing,https://data.krx.co.kr/comm/bldAttendant/getJsonData.cmd?bld=dbms/MDC/STAT/standard/MDCSTAT04601,data/krx/etf_authenticated_master.json,a212d774f6e92cd83e37826483d3e3532247f0a18afc0d68eff1db91f9e49e5f
486450,KR7486450000,SOL 미국AI전력인프라,2024-07-16,,,,https://data.krx.co.kr/comm/bldAttendant/getJsonData.cmd?bld=dbms/MDC/STAT/standard/MDCSTAT04601,data/krx/kind_details/KR7486450000.html,e3b0c44298fc1c149afbf4c8996fb92427ae41e4649b934ca495991b7852b855,listing_date_missing,https://data.krx.co.kr/comm/bldAttendant/getJsonData.cmd?bld=dbms/MDC/STAT/standard/MDCSTAT04601,data/krx/etf_authenticated_master.json,a212d774f6e92cd83e37826483d3e3532247f0a18afc0d68eff1db91f9e49e5f
433330,KR7433330008,SOL 미국S&P500,2022-06-21,,,,https://data.krx.co.kr/comm/bldAttendant/getJsonData.cmd?bld=dbms/MDC/STAT/standard/MDCSTAT04601,data/krx/kind_details/KR7433330008.html,e3b0c44298fc1c149afbf4c8996fb92427ae41e4649b934ca495991b7852b855,listing_date_missing,https://data.krx.co.kr/comm/bldAttendant/getJsonData.cmd?bld=dbms/MDC/STAT/standard/MDCSTAT04601,data/krx/etf_authenticated_master.json,a212d774f6e92cd83e37826483d3e3532247f0a18afc0d68eff1db91f9e49e5f
399110,KR7399110006,SOL 미국S&P500ESG,2021-09-14,,,,https://data.krx.co.kr/comm/bldAttendant/getJsonData.cmd?bld=dbms/MDC/STAT/standard/MDCSTAT04601,data/krx/kind_details/KR7399110006.html,e3b0c44298fc1c149afbf4c8996fb92427ae41e4649b934ca495991b7852b855,listing_date_missing,https://data.krx.co.kr/comm/bldAttendant/getJsonData.cmd?bld=dbms/MDC/STAT/standard/MDCSTAT04601,data/krx/etf_authenticated_master.json,a212d774f6e92cd83e37826483d3e3532247f0a18afc0d68eff1db91f9e49e5f
0080X0,KR70080X0008,SOL 미국S&P500미국채혼합50,2025-07-15,,,,https://data.krx.co.kr/comm/bldAttendant/getJsonData.cmd?bld=dbms/MDC/STAT/standard/MDCSTAT04601,data/krx/kind_details/KR70080X0008.html,e3b0c44298fc1c149afbf4c8996fb92427ae41e4649b934ca495991b7852b855,listing_date_missing,https://data.krx.co.kr/comm/bldAttendant/getJsonData.cmd?bld=dbms/MDC/STAT/standard/MDCSTAT04601,data/krx/etf_authenticated_master.json,a212d774f6e92cd83e37826483d3e3532247f0a18afc0d68eff1db91f9e49e5f
499150,KR7499150001,SOL 미국S&P500엔화노출(H),2024-12-03,,,,https://data.krx.co.kr/comm/bldAttendant/getJsonData.cmd?bld=dbms/MDC/STAT/standard/MDCSTAT04601,data/krx/kind_details/KR7499150001.html,e3b0c44298fc1c149afbf4c8996fb92427ae41e4649b934ca495991b7852b855,listing_date_missing,https://data.krx.co.kr/comm/bldAttendant/getJsonData.cmd?bld=dbms/MDC/STAT/standard/MDCSTAT04601,data/krx/etf_authenticated_master.json,a212d774f6e92cd83e37826483d3e3532247f0a18afc0d68eff1db91f9e49e5f
447620,KR7447620006,SOL 미국TOP5채권혼합50,2022-11-29,,,,https://data.krx.co.kr/comm/bldAttendant/getJsonData.cmd?bld=dbms/MDC/STAT/standard/MDCSTAT04601,data/krx/kind_details/KR7447620006.html,e3b0c44298fc1c149afbf4c8996fb92427ae41e4649b934ca495991b7852b855,listing_date_missing,https://data.krx.co.kr/comm/bldAttendant/getJsonData.cmd?bld=dbms/MDC/STAT/standard/MDCSTAT04601,data/krx/etf_authenticated_master.json,a212d774f6e92cd83e37826483d3e3532247f0a18afc0d68eff1db91f9e49e5f
476030,KR7476030002,SOL 미국나스닥100,2024-03-12,,,,https://data.krx.co.kr/comm/bldAttendant/getJsonData.cmd?bld=dbms/MDC/STAT/standard/MDCSTAT04601,data/krx/kind_details/KR7476030002.html,e3b0c44298fc1c149afbf4c8996fb92427ae41e4649b934ca495991b7852b855,listing_date_missing,https://data.krx.co.kr/comm/bldAttendant/getJsonData.cmd?bld=dbms/MDC/STAT/standard/MDCSTAT04601,data/krx/etf_authenticated_master.json,a212d774f6e92cd83e37826483d3e3532247f0a18afc0d68eff1db91f9e49e5f
0118S0,KR70118S0001,SOL 미국넥스트테크TOP10액티브,2025-10-28,,,,https://data.krx.co.kr/comm/bldAttendant/getJsonData.cmd?bld=dbms/MDC/STAT/standard/MDCSTAT04601,data/krx/kind_details/KR70118S0001.html,e3b0c44298fc1c149afbf4c8996fb92427ae41e4649b934ca495991b7852b855,listing_date_missing,https://data.krx.co.kr/comm/bldAttendant/getJsonData.cmd?bld=dbms/MDC/STAT/standard/MDCSTAT04601,data/krx/etf_authenticated_master.json,a212d774f6e92cd83e37826483d3e3532247f0a18afc0d68eff1db91f9e49e5f
446720,KR7446720005,SOL 미국배당다우존스,2022-11-15,,Dow Jones U.S. Dividend 100 Price Return Index,일반 (1),https://kind.krx.co.kr/disclosure/etfisudetail.do?method=searchEftIsuDetail&isuCd=KR7446720005,data/krx/kind_details/KR7446720005.html,c7982fb0e2da1f8cc59ae7035dae946244c33d67c15e645d9918c4986a974054,,,,
452360,KR7452360001,SOL 미국배당다우존스(H),2023-03-21,,,,https://data.krx.co.kr/comm/bldAttendant/getJsonData.cmd?bld=dbms/MDC/STAT/standard/MDCSTAT04601,data/krx/kind_details/KR7452360001.html,e3b0c44298fc1c149afbf4c8996fb92427ae41e4649b934ca495991b7852b855,listing_date_missing,https://data.krx.co.kr/comm/bldAttendant/getJsonData.cmd?bld=dbms/MDC/STAT/standard/MDCSTAT04601,data/krx/etf_authenticated_master.json,a212d774f6e92cd83e37826483d3e3532247f0a18afc0d68eff1db91f9e49e5f
493420,KR7493420004,SOL 미국배당다우존스2호,2024-10-08,,Dow Jones U.S. Dividend 100 Index(TR),일반 (1),https://kind.krx.co.kr/disclosure/etfisudetail.do?method=searchEftIsuDetail&isuCd=KR7493420004,data/krx/kind_details/KR7493420004.html,b37717acd54f63853dc9e01ac8cfed7d518e293c911cdf76b9f771af9e3e1f75,,,,
490490,KR7490490000,SOL 미국배당미국채혼합50,2024-09-24,,,,https://data.krx.co.kr/comm/bldAttendant/getJsonData.cmd?bld=dbms/MDC/STAT/standard/MDCSTAT04601,data/krx/kind_details/KR7490490000.html,e3b0c44298fc1c149afbf4c8996fb92427ae41e4649b934ca495991b7852b855,listing_date_missing,https://data.krx.co.kr/comm/bldAttendant/getJsonData.cmd?bld=dbms/MDC/STAT/standard/MDCSTAT04601,data/krx/etf_authenticated_master.json,a212d774f6e92cd83e37826483d3e3532247f0a18afc0d68eff1db91f9e49e5f
0023A0,KR70023A0005,SOL 미국양자컴퓨팅TOP10,2025-03-11,,,,https://data.krx.co.kr/comm/bldAttendant/getJsonData.cmd?bld=dbms/MDC/STAT/standard/MDCSTAT04601,data/krx/kind_details/KR70023A0005.html,e3b0c44298fc1c149afbf4c8996fb92427ae41e4649b934ca495991b7852b855,listing_date_missing,https://data.krx.co.kr/comm/bldAttendant/getJsonData.cmd?bld=dbms/MDC/STAT/standard/MDCSTAT04601,data/krx/etf_authenticated_master.json,a212d774f6e92cd83e37826483d3e3532247f0a18afc0d68eff1db91f9e49e5f
0181L0,KR70181L0000,SOL 미국우주항공TOP10,2026-04-21,,KEDI 미국우주항공 TOP10(PR),일반 (1),https://kind.krx.co.kr/disclosure/etfisudetail.do?method=searchEftIsuDetail&isuCd=KR70181L0000,data/krx/kind_details/KR70181L0000.html,8e03ed18e1850317855b8f152d3c1ff6142cc5faa3df0de423245be0093cadc4,,,,
0051G0,KR70051G0004,SOL 미국원자력SMR,2025-05-20,,KEDI 미국원자력 SMR 지수(PR),일반 (1),https://kind.krx.co.kr/disclosure/etfisudetail.do?method=searchEftIsuDetail&isuCd=KR70051G0004,data/krx/kind_details/KR70051G0004.html,dd0038c091ca2ac93b760c3bd116e7cb6748ac25a5df08f7692fc268148932bc,,,,
481190,KR7481190007,SOL 미국테크TOP10,2024-05-21,,,,https://data.krx.co.kr/comm/bldAttendant/getJsonData.cmd?bld=dbms/MDC/STAT/standard/MDCSTAT04601,data/krx/kind_details/KR7481190007.html,e3b0c44298fc1c149afbf4c8996fb92427ae41e4649b934ca495991b7852b855,listing_date_missing,https://data.krx.co.kr/comm/bldAttendant/getJsonData.cmd?bld=dbms/MDC/STAT/standard/MDCSTAT04601,data/krx/etf_authenticated_master.json,a212d774f6e92cd83e37826483d3e3532247f0a18afc0d68eff1db91f9e49e5f
481200,KR7481200004,SOL 미국테크TOP10인버스(합성),2024-05-21,2026-02-23,Solactive US Tech TOP 10 Custom Inverse Index(PR),1X 인버스 (-1),https://kind.krx.co.kr/disclosure/etfisudetail.do?method=searchEftIsuDetail&isuCd=KR7481200004,data/krx/kind_authenticated_followup/KR7481200004.html,e0aa67bc6649117108d17a2c195dde97a565decde8caa471543169bc55a349fc,,https://kind.krx.co.kr/disclosure/etfisudetail.do?method=searchEftIsuDetail&isuCd=KR7481200004,data/krx/kind_authenticated_followup/KR7481200004.html,e0aa67bc6649117108d17a2c195dde97a565decde8caa471543169bc55a349fc
475300,KR7475300000,SOL 반도체전공정,2024-02-14,,,,https://data.krx.co.kr/comm/bldAttendant/getJsonData.cmd?bld=dbms/MDC/STAT/standard/MDCSTAT04601,data/krx/kind_details/KR7475300000.html,e3b0c44298fc1c149afbf4c8996fb92427ae41e4649b934ca495991b7852b855,listing_date_missing,https://data.krx.co.kr/comm/bldAttendant/getJsonData.cmd?bld=dbms/MDC/STAT/standard/MDCSTAT04601,data/krx/etf_authenticated_master.json,a212d774f6e92cd83e37826483d3e3532247f0a18afc0d68eff1db91f9e49e5f
475310,KR7475310009,SOL 반도체후공정,2024-02-14,,,,https://data.krx.co.kr/comm/bldAttendant/getJsonData.cmd?bld=dbms/MDC/STAT/standard/MDCSTAT04601,data/krx/kind_details/KR7475310009.html,e3b0c44298fc1c149afbf4c8996fb92427ae41e4649b934ca495991b7852b855,listing_date_missing,https://data.krx.co.kr/comm/bldAttendant/getJsonData.cmd?bld=dbms/MDC/STAT/standard/MDCSTAT04601,data/krx/etf_authenticated_master.json,a212d774f6e92cd83e37826483d3e3532247f0a18afc0d68eff1db91f9e49e5f
0152E0,KR70152E0004,SOL 배당성향탑픽액티브,2026-01-13,,,,https://data.krx.co.kr/comm/bldAttendant/getJsonData.cmd?bld=dbms/MDC/STAT/standard/MDCSTAT04601,data/krx/kind_details/KR70152E0004.html,e3b0c44298fc1c149afbf4c8996fb92427ae41e4649b934ca495991b7852b855,listing_date_missing,https://data.krx.co.kr/comm/bldAttendant/getJsonData.cmd?bld=dbms/MDC/STAT/standard/MDCSTAT04601,data/krx/etf_authenticated_master.json,a212d774f6e92cd83e37826483d3e3532247f0a18afc0d68eff1db91f9e49e5f
208470,KR7208470005,SOL 선진국MSCI World(합성 H),2014-11-24,2022-04-20,MSCI World,일반 (1),https://kind.krx.co.kr/disclosure/etfisudetail.do?method=searchEftIsuDetail&isuCd=KR7208470005,data/krx/kind_details/KR7208470005.html,f5fa011500865af076b36c41d600e290544e5033075ee37137ebe663ffdde3d1,,,,
0207G0,KR70207G0007,SOL 우주항공밸류체인,2026-06-16,,,,https://data.krx.co.kr/comm/bldAttendant/getJsonData.cmd?bld=dbms/MDC/STAT/standard/MDCSTAT04601,data/krx/kind_details/KR70207G0007.html,e3b0c44298fc1c149afbf4c8996fb92427ae41e4649b934ca495991b7852b855,listing_date_missing,https://data.krx.co.kr/comm/bldAttendant/getJsonData.cmd?bld=dbms/MDC/STAT/standard/MDCSTAT04601,data/krx/etf_authenticated_master.json,a212d774f6e92cd83e37826483d3e3532247f0a18afc0d68eff1db91f9e49e5f
400580,KR7400580007,SOL 유럽탄소배출권선물S&P(H),2021-09-30,,,,https://data.krx.co.kr/comm/bldAttendant/getJsonData.cmd?bld=dbms/MDC/STAT/standard/MDCSTAT04601,data/krx/kind_details/KR7400580007.html,e3b0c44298fc1c149afbf4c8996fb92427ae41e4649b934ca495991b7852b855,listing_date_missing,https://data.krx.co.kr/comm/bldAttendant/getJsonData.cmd?bld=dbms/MDC/STAT/standard/MDCSTAT04601,data/krx/etf_authenticated_master.json,a212d774f6e92cd83e37826483d3e3532247f0a18afc0d68eff1db91f9e49e5f
459370,KR7459370003,SOL 유럽탄소배출권선물인버스ICE(H),2023-06-20,2025-12-19,ICE EUA Carbon Futures Custom Roll Inverse Index(Excess Return),1X 인버스 (-1),https://kind.krx.co.kr/disclosure/etfisudetail.do?method=searchEftIsuDetail&isuCd=KR7459370003,data/krx/kind_authenticated_followup/KR7459370003.html,67fab83a8fe89cc5a85af561e18a80ecf12aaa6e5233baf13ebb864c6383f455,,https://kind.krx.co.kr/disclosure/etfisudetail.do?method=searchEftIsuDetail&isuCd=KR7459370003,data/krx/kind_authenticated_followup/KR7459370003.html,67fab83a8fe89cc5a85af561e18a80ecf12aaa6e5233baf13ebb864c6383f455
464610,KR7464610005,SOL 의료기기소부장Fn,2023-08-22,,,,https://data.krx.co.kr/comm/bldAttendant/getJsonData.cmd?bld=dbms/MDC/STAT/standard/MDCSTAT04601,data/krx/kind_details/KR7464610005.html,e3b0c44298fc1c149afbf4c8996fb92427ae41e4649b934ca495991b7852b855,listing_date_missing,https://data.krx.co.kr/comm/bldAttendant/getJsonData.cmd?bld=dbms/MDC/STAT/standard/MDCSTAT04601,data/krx/etf_authenticated_master.json,a212d774f6e92cd83e37826483d3e3532247f0a18afc0d68eff1db91f9e49e5f
466930,KR7466930005,SOL 자동차TOP3플러스,2023-10-05,,,,https://data.krx.co.kr/comm/bldAttendant/getJsonData.cmd?bld=dbms/MDC/STAT/standard/MDCSTAT04601,data/krx/kind_details/KR7466930005.html,e3b0c44298fc1c149afbf4c8996fb92427ae41e4649b934ca495991b7852b855,listing_date_missing,https://data.krx.co.kr/comm/bldAttendant/getJsonData.cmd?bld=dbms/MDC/STAT/standard/MDCSTAT04601,data/krx/etf_authenticated_master.json,a212d774f6e92cd83e37826483d3e3532247f0a18afc0d68eff1db91f9e49e5f
464600,KR7464600006,SOL 자동차소부장Fn,2023-08-22,,,,https://data.krx.co.kr/comm/bldAttendant/getJsonData.cmd?bld=dbms/MDC/STAT/standard/MDCSTAT04601,data/krx/kind_details/KR7464600006.html,e3b0c44298fc1c149afbf4c8996fb92427ae41e4649b934ca495991b7852b855,listing_date_missing,https://data.krx.co.kr/comm/bldAttendant/getJsonData.cmd?bld=dbms/MDC/STAT/standard/MDCSTAT04601,data/krx/etf_authenticated_master.json,a212d774f6e92cd83e37826483d3e3532247f0a18afc0d68eff1db91f9e49e5f
0005D0,KR70005D0004,SOL 전고체배터리&실리콘음극재,2025-01-07,,,,https://data.krx.co.kr/comm/bldAttendant/getJsonData.cmd?bld=dbms/MDC/STAT/standard/MDCSTAT04601,data/krx/kind_details/KR70005D0004.html,e3b0c44298fc1c149afbf4c8996fb92427ae41e4649b934ca495991b7852b855,listing_date_missing,https://data.krx.co.kr/comm/bldAttendant/getJsonData.cmd?bld=dbms/MDC/STAT/standard/MDCSTAT04601,data/krx/etf_authenticated_master.json,a212d774f6e92cd83e37826483d3e3532247f0a18afc0d68eff1db91f9e49e5f
466920,KR7466920006,SOL 조선TOP3플러스,2023-10-05,,,,https://data.krx.co.kr/comm/bldAttendant/getJsonData.cmd?bld=dbms/MDC/STAT/standard/MDCSTAT04601,data/krx/kind_details/KR7466920006.html,e3b0c44298fc1c149afbf4c8996fb92427ae41e4649b934ca495991b7852b855,listing_date_missing,https://data.krx.co.kr/comm/bldAttendant/getJsonData.cmd?bld=dbms/MDC/STAT/standard/MDCSTAT04601,data/krx/etf_authenticated_master.json,a212d774f6e92cd83e37826483d3e3532247f0a18afc0d68eff1db91f9e49e5f
0080Y0,KR70080Y0007,SOL 조선TOP3플러스레버리지,2025-07-15,,,,https://data.krx.co.kr/comm/bldAttendant/getJsonData.cmd?bld=dbms/MDC/STAT/standard/MDCSTAT04601,data/krx/kind_details/KR70080Y0007.html,e3b0c44298fc1c149afbf4c8996fb92427ae41e4649b934ca495991b7852b855,listing_date_missing,https://data.krx.co.kr/comm/bldAttendant/getJsonData.cmd?bld=dbms/MDC/STAT/standard/MDCSTAT04601,data/krx/etf_authenticated_master.json,a212d774f6e92cd83e37826483d3e3532247f0a18afc0d68eff1db91f9e49e5f
0141S0,KR70141S0002,SOL 조선기자재,2025-12-16,,,,https://data.krx.co.kr/comm/bldAttendant/getJsonData.cmd?bld=dbms/MDC/STAT/standard/MDCSTAT04601,data/krx/kind_details/KR70141S0002.html,e3b0c44298fc1c149afbf4c8996fb92427ae41e4649b934ca495991b7852b855,listing_date_missing,https://data.krx.co.kr/comm/bldAttendant/getJsonData.cmd?bld=dbms/MDC/STAT/standard/MDCSTAT04601,data/krx/etf_authenticated_master.json,a212d774f6e92cd83e37826483d3e3532247f0a18afc0d68eff1db91f9e49e5f
436140,KR7436140008,SOL 종합채권(AA-이상)액티브,2022-08-09,,,,https://data.krx.co.kr/comm/bldAttendant/getJsonData.cmd?bld=dbms/MDC/STAT/standard/MDCSTAT04601,data/krx/kind_details/KR7436140008.html,e3b0c44298fc1c149afbf4c8996fb92427ae41e4649b934ca495991b7852b855,listing_date_missing,https://data.krx.co.kr/comm/bldAttendant/getJsonData.cmd?bld=dbms/MDC/STAT/standard/MDCSTAT04601,data/krx/etf_authenticated_master.json,a212d774f6e92cd83e37826483d3e3532247f0a18afc0d68eff1db91f9e49e5f
0141T0,KR70141T0001,SOL 중기종합채권(AA-이상)액티브,2025-12-16,,"KAP K-중기종합채권지수(AA-이상,총수익)",일반 (1),https://kind.krx.co.kr/disclosure/etfisudetail.do?method=searchEftIsuDetail&isuCd=KR70141T0001,data/krx/kind_details/KR70141T0001.html,e3733c5422935b99455253e3f9a060c7ddc5a07d035ba4e05dfdd5534de60108,,,,
0016X0,KR70016X0007,SOL 중단기회사채(A-이상)액티브,2025-02-18,,,,https://data.krx.co.kr/comm/bldAttendant/getJsonData.cmd?bld=dbms/MDC/STAT/standard/MDCSTAT04601,data/krx/kind_details/KR70016X0007.html,e3b0c44298fc1c149afbf4c8996fb92427ae41e4649b934ca495991b7852b855,listing_date_missing,https://data.krx.co.kr/comm/bldAttendant/getJsonData.cmd?bld=dbms/MDC/STAT/standard/MDCSTAT04601,data/krx/etf_authenticated_master.json,a212d774f6e92cd83e37826483d3e3532247f0a18afc0d68eff1db91f9e49e5f
220130,KR7220130009,SOL 차이나강소기업CSI500(합성 H),2015-06-08,,,,https://data.krx.co.kr/comm/bldAttendant/getJsonData.cmd?bld=dbms/MDC/STAT/standard/MDCSTAT04601,data/krx/kind_details/KR7220130009.html,e3b0c44298fc1c149afbf4c8996fb92427ae41e4649b934ca495991b7852b855,listing_date_missing,https://data.krx.co.kr/comm/bldAttendant/getJsonData.cmd?bld=dbms/MDC/STAT/standard/MDCSTAT04601,data/krx/etf_authenticated_master.json,a212d774f6e92cd83e37826483d3e3532247f0a18afc0d68eff1db91f9e49e5f
0131A0,KR70131A0004,SOL 차이나소비트렌드,2025-11-25,,,,https://data.krx.co.kr/comm/bldAttendant/getJsonData.cmd?bld=dbms/MDC/STAT/standard/MDCSTAT04601,data/krx/kind_details/KR70131A0004.html,e3b0c44298fc1c149afbf4c8996fb92427ae41e4649b934ca495991b7852b855,listing_date_missing,https://data.krx.co.kr/comm/bldAttendant/getJsonData.cmd?bld=dbms/MDC/STAT/standard/MDCSTAT04601,data/krx/etf_authenticated_master.json,a212d774f6e92cd83e37826483d3e3532247f0a18afc0d68eff1db91f9e49e5f
415760,KR7415760008,SOL 차이나육성산업액티브(합성),2022-01-13,,STAR 50 Index(Price Return),일반 (1),https://kind.krx.co.kr/disclosure/etfisudetail.do?method=searchEftIsuDetail&isuCd=KR7415760008,data/krx/kind_details/KR7415760008.html,15e7426e5d1c7f25a62fe3ca2ca41d78a5cc25869cc0f01f29d49c9b095c68e8,,,,
413220,KR7413220005,SOL 차이나태양광CSI(합성),2021-12-22,,,,https://data.krx.co.kr/comm/bldAttendant/getJsonData.cmd?bld=dbms/MDC/STAT/standard/MDCSTAT04601,data/krx/kind_details/KR7413220005.html,e3b0c44298fc1c149afbf4c8996fb92427ae41e4649b934ca495991b7852b855,listing_date_missing,https://data.krx.co.kr/comm/bldAttendant/getJsonData.cmd?bld=dbms/MDC/STAT/standard/MDCSTAT04601,data/krx/etf_authenticated_master.json,a212d774f6e92cd83e37826483d3e3532247f0a18afc0d68eff1db91f9e49e5f
469830,KR7469830004,SOL 초단기채권액티브,2023-11-07,,KAP 단기자금시장지수,일반 (1),https://kind.krx.co.kr/disclosure/etfisudetail.do?method=searchEftIsuDetail&isuCd=KR7469830004,data/krx/kind_details/KR7469830004.html,3afdb1250c9df34c3fa15b42c7819fe6445327094f8fe1305bc6125929cc21da,,,,
0105E0,KR70105E0002,SOL 코리아고배당,2025-09-23,,FnGuide 코리아 고배당 지수(PR),일반 (1),https://kind.krx.co.kr/disclosure/etfisudetail.do?method=searchEftIsuDetail&isuCd=KR70105E0002,data/krx/kind_details/KR70105E0002.html,0e5c3d45f962ef4f0e3ddd97184ce6aefeec0ef178829a8c47c7b92eb6ac0856,,,,
444200,KR7444200000,SOL 코리아메가테크액티브,2022-10-18,,,,https://data.krx.co.kr/comm/bldAttendant/getJsonData.cmd?bld=dbms/MDC/STAT/standard/MDCSTAT04601,data/krx/kind_details/KR7444200000.html,e3b0c44298fc1c149afbf4c8996fb92427ae41e4649b934ca495991b7852b855,listing_date_missing,https://data.krx.co.kr/comm/bldAttendant/getJsonData.cmd?bld=dbms/MDC/STAT/standard/MDCSTAT04601,data/krx/etf_authenticated_master.json,a212d774f6e92cd83e37826483d3e3532247f0a18afc0d68eff1db91f9e49e5f
495550,KR7495550006,SOL 코리아밸류업TR,2024-11-04,,,,https://data.krx.co.kr/comm/bldAttendant/getJsonData.cmd?bld=dbms/MDC/STAT/standard/MDCSTAT04601,data/krx/kind_details/KR7495550006.html,e3b0c44298fc1c149afbf4c8996fb92427ae41e4649b934ca495991b7852b855,listing_date_missing,https://data.krx.co.kr/comm/bldAttendant/getJsonData.cmd?bld=dbms/MDC/STAT/standard/MDCSTAT04601,data/krx/etf_authenticated_master.json,a212d774f6e92cd83e37826483d3e3532247f0a18afc0d68eff1db91f9e49e5f
450910,KR7450910005,SOL 코스닥150,2023-01-31,,,,https://data.krx.co.kr/comm/bldAttendant/getJsonData.cmd?bld=dbms/MDC/STAT/standard/MDCSTAT04601,data/krx/kind_details/KR7450910005.html,e3b0c44298fc1c149afbf4c8996fb92427ae41e4649b934ca495991b7852b855,listing_date_missing,https://data.krx.co.kr/comm/bldAttendant/getJsonData.cmd?bld=dbms/MDC/STAT/standard/MDCSTAT04601,data/krx/etf_authenticated_master.json,a212d774f6e92cd83e37826483d3e3532247f0a18afc0d68eff1db91f9e49e5f
0192T0,KR70192T0009,SOL 코스닥TOP10,2026-05-19,,,,https://data.krx.co.kr/comm/bldAttendant/getJsonData.cmd?bld=dbms/MDC/STAT/standard/MDCSTAT04601,data/krx/kind_details/KR70192T0009.html,e3b0c44298fc1c149afbf4c8996fb92427ae41e4649b934ca495991b7852b855,listing_date_missing,https://data.krx.co.kr/comm/bldAttendant/getJsonData.cmd?bld=dbms/MDC/STAT/standard/MDCSTAT04601,data/krx/etf_authenticated_master.json,a212d774f6e92cd83e37826483d3e3532247f0a18afc0d68eff1db91f9e49e5f
0192S0,KR70192S0000,SOL 코스피200채권혼합50,2026-05-19,,,,https://data.krx.co.kr/comm/bldAttendant/getJsonData.cmd?bld=dbms/MDC/STAT/standard/MDCSTAT04601,data/krx/kind_details/KR70192S0000.html,e3b0c44298fc1c149afbf4c8996fb92427ae41e4649b934ca495991b7852b855,listing_date_missing,https://data.krx.co.kr/comm/bldAttendant/getJsonData.cmd?bld=dbms/MDC/STAT/standard/MDCSTAT04601,data/krx/etf_authenticated_master.json,a212d774f6e92cd83e37826483d3e3532247f0a18afc0d68eff1db91f9e49e5f
0040X0,KR70040X0007,SOL 팔란티어미국채커버드콜혼합,2025-04-22,,,,https://data.krx.co.kr/comm/bldAttendant/getJsonData.cmd?bld=dbms/MDC/STAT/standard/MDCSTAT04601,data/krx/kind_details/KR70040X0007.html,e3b0c44298fc1c149afbf4c8996fb92427ae41e4649b934ca495991b7852b855,listing_date_missing,https://data.krx.co.kr/comm/bldAttendant/getJsonData.cmd?bld=dbms/MDC/STAT/standard/MDCSTAT04601,data/krx/etf_authenticated_master.json,a212d774f6e92cd83e37826483d3e3532247f0a18afc0d68eff1db91f9e49e5f
0040Y0,KR70040Y0006,SOL 팔란티어커버드콜OTM채권혼합,2025-04-22,,KEDI 팔란티어커버드콜OTM 채권혼합지수(NTR),일반 (1),https://kind.krx.co.kr/disclosure/etfisudetail.do?method=searchEftIsuDetail&isuCd=KR70040Y0006,data/krx/kind_details/KR70040Y0006.html,a46b8fffd206a36648807d9221c4e2c6b5599ba2fa45f5cd4ea07484ee4c2e9f,,,,
0105D0,KR70105D0003,SOL 한국AI소프트웨어,2025-09-23,,,,https://data.krx.co.kr/comm/bldAttendant/getJsonData.cmd?bld=dbms/MDC/STAT/standard/MDCSTAT04601,data/krx/kind_details/KR70105D0003.html,e3b0c44298fc1c149afbf4c8996fb92427ae41e4649b934ca495991b7852b855,listing_date_missing,https://data.krx.co.kr/comm/bldAttendant/getJsonData.cmd?bld=dbms/MDC/STAT/standard/MDCSTAT04601,data/krx/etf_authenticated_master.json,a212d774f6e92cd83e37826483d3e3532247f0a18afc0d68eff1db91f9e49e5f
0092B0,KR70092B0000,SOL 한국원자력SMR,2025-08-19,,,,https://data.krx.co.kr/comm/bldAttendant/getJsonData.cmd?bld=dbms/MDC/STAT/standard/MDCSTAT04601,data/krx/kind_details/KR70092B0000.html,e3b0c44298fc1c149afbf4c8996fb92427ae41e4649b934ca495991b7852b855,listing_date_missing,https://data.krx.co.kr/comm/bldAttendant/getJsonData.cmd?bld=dbms/MDC/STAT/standard/MDCSTAT04601,data/krx/etf_authenticated_master.json,a212d774f6e92cd83e37826483d3e3532247f0a18afc0d68eff1db91f9e49e5f
429980,KR7429980006,SOL 한국형글로벌전기차&2차전지액티브,2022-06-14,,FactSet Global Electric Vehicle and Rechargeable Battery Korea-Tilted Index(PR),일반 (1),https://kind.krx.co.kr/disclosure/etfisudetail.do?method=searchEftIsuDetail&isuCd=KR7429980006,data/krx/kind_details/KR7429980006.html,8f78d77c039b518969e3232c373f4b2049a6964bcc1747958812209c574a2d29,,,,
429990,KR7429990005,SOL 한국형글로벌플랫폼&메타버스액티브,2022-06-14,2025-01-17,Dow Jones Internet Korea Tilted Index(PR),일반 (1),https://kind.krx.co.kr/disclosure/etfisudetail.do?method=searchEftIsuDetail&isuCd=KR7429990005,data/krx/kind_authenticated_followup/KR7429990005.html,faeb55cb9bbde530fee539c8193131785e2f433d409d27028f31c43b7c01e4fd,,https://kind.krx.co.kr/disclosure/etfisudetail.do?method=searchEftIsuDetail&isuCd=KR7429990005,data/krx/kind_authenticated_followup/KR7429990005.html,faeb55cb9bbde530fee539c8193131785e2f433d409d27028f31c43b7c01e4fd
0008T0,KR70008T0003,SOL 화장품TOP3플러스,2025-01-21,,,,https://data.krx.co.kr/comm/bldAttendant/getJsonData.cmd?bld=dbms/MDC/STAT/standard/MDCSTAT04601,data/krx/kind_details/KR70008T0003.html,e3b0c44298fc1c149afbf4c8996fb92427ae41e4649b934ca495991b7852b855,listing_date_missing,https://data.krx.co.kr/comm/bldAttendant/getJsonData.cmd?bld=dbms/MDC/STAT/standard/MDCSTAT04601,data/krx/etf_authenticated_master.json,a212d774f6e92cd83e37826483d3e3532247f0a18afc0d68eff1db91f9e49e5f
0139F0,KR70139F0001,TIGER 12월자동연장금융채(AA-이상)액티브,2025-12-09,,,,https://data.krx.co.kr/comm/bldAttendant/getJsonData.cmd?bld=dbms/MDC/STAT/standard/MDCSTAT04601,data/krx/kind_details/KR70139F0001.html,e3b0c44298fc1c149afbf4c8996fb92427ae41e4649b934ca495991b7852b855,listing_date_missing,https://data.krx.co.kr/comm/bldAttendant/getJsonData.cmd?bld=dbms/MDC/STAT/standard/MDCSTAT04601,data/krx/etf_authenticated_master.json,a212d774f6e92cd83e37826483d3e3532247f0a18afc0d68eff1db91f9e49e5f
102110,KR7102110004,TIGER 200,2008-04-03,,,,https://data.krx.co.kr/comm/bldAttendant/getJsonData.cmd?bld=dbms/MDC/STAT/standard/MDCSTAT04601,data/krx/kind_details/KR7102110004.html,e3b0c44298fc1c149afbf4c8996fb92427ae41e4649b934ca495991b7852b855,listing_date_missing,https://data.krx.co.kr/comm/bldAttendant/getJsonData.cmd?bld=dbms/MDC/STAT/standard/MDCSTAT04601,data/krx/etf_authenticated_master.json,a212d774f6e92cd83e37826483d3e3532247f0a18afc0d68eff1db91f9e49e5f
139260,KR7139260004,TIGER 200 IT,2011-04-06,,,,https://data.krx.co.kr/comm/bldAttendant/getJsonData.cmd?bld=dbms/MDC/STAT/standard/MDCSTAT04601,data/krx/kind_details/KR7139260004.html,e3b0c44298fc1c149afbf4c8996fb92427ae41e4649b934ca495991b7852b855,listing_date_missing,https://data.krx.co.kr/comm/bldAttendant/getJsonData.cmd?bld=dbms/MDC/STAT/standard/MDCSTAT04601,data/krx/etf_authenticated_master.json,a212d774f6e92cd83e37826483d3e3532247f0a18afc0d68eff1db91f9e49e5f
139220,KR7139220008,TIGER 200 건설,2011-04-06,,,,https://data.krx.co.kr/comm/bldAttendant/getJsonData.cmd?bld=dbms/MDC/STAT/standard/MDCSTAT04601,data/krx/kind_details/KR7139220008.html,e3b0c44298fc1c149afbf4c8996fb92427ae41e4649b934ca495991b7852b855,listing_date_missing,https://data.krx.co.kr/comm/bldAttendant/getJsonData.cmd?bld=dbms/MDC/STAT/standard/MDCSTAT04601,data/krx/etf_authenticated_master.json,a212d774f6e92cd83e37826483d3e3532247f0a18afc0d68eff1db91f9e49e5f
139290,KR7139290001,TIGER 200 경기소비재,2011-04-06,,,,https://data.krx.co.kr/comm/bldAttendant/getJsonData.cmd?bld=dbms/MDC/STAT/standard/MDCSTAT04601,data/krx/kind_details/KR7139290001.html,e3b0c44298fc1c149afbf4c8996fb92427ae41e4649b934ca495991b7852b855,listing_date_missing,https://data.krx.co.kr/comm/bldAttendant/getJsonData.cmd?bld=dbms/MDC/STAT/standard/MDCSTAT04601,data/krx/etf_authenticated_master.json,a212d774f6e92cd83e37826483d3e3532247f0a18afc0d68eff1db91f9e49e5f
139270,KR7139270003,TIGER 200 금융,2011-04-06,,,,https://data.krx.co.kr/comm/bldAttendant/getJsonData.cmd?bld=dbms/MDC/STAT/standard/MDCSTAT04601,data/krx/kind_details/KR7139270003.html,e3b0c44298fc1c149afbf4c8996fb92427ae41e4649b934ca495991b7852b855,listing_date_missing,https://data.krx.co.kr/comm/bldAttendant/getJsonData.cmd?bld=dbms/MDC/STAT/standard/MDCSTAT04601,data/krx/etf_authenticated_master.json,a212d774f6e92cd83e37826483d3e3532247f0a18afc0d68eff1db91f9e49e5f
227550,KR7227550001,TIGER 200 산업재,2015-09-23,,,,https://data.krx.co.kr/comm/bldAttendant/getJsonData.cmd?bld=dbms/MDC/STAT/standard/MDCSTAT04601,data/krx/kind_details/KR7227550001.html,e3b0c44298fc1c149afbf4c8996fb92427ae41e4649b934ca495991b7852b855,listing_date_missing,https://data.krx.co.kr/comm/bldAttendant/getJsonData.cmd?bld=dbms/MDC/STAT/standard/MDCSTAT04601,data/krx/etf_authenticated_master.json,a212d774f6e92cd83e37826483d3e3532247f0a18afc0d68eff1db91f9e49e5f
227560,KR7227560000,TIGER 200 생활소비재,2015-09-23,,코스피 200 생활소비재,일반 (1),https://kind.krx.co.kr/disclosure/etfisudetail.do?method=searchEftIsuDetail&isuCd=KR7227560000,data/krx/kind_details/KR7227560000.html,410d431c0da28150d6a0ce424ad82acccd4c6b3232d4c59b35854607df49aae7,,,,
139250,KR7139250005,TIGER 200 에너지화학,2011-04-06,,,,https://data.krx.co.kr/comm/bldAttendant/getJsonData.cmd?bld=dbms/MDC/STAT/standard/MDCSTAT04601,data/krx/kind_details/KR7139250005.html,e3b0c44298fc1c149afbf4c8996fb92427ae41e4649b934ca495991b7852b855,listing_date_missing,https://data.krx.co.kr/comm/bldAttendant/getJsonData.cmd?bld=dbms/MDC/STAT/standard/MDCSTAT04601,data/krx/etf_authenticated_master.json,a212d774f6e92cd83e37826483d3e3532247f0a18afc0d68eff1db91f9e49e5f
139230,KR7139230007,TIGER 200 중공업,2011-04-06,,,,https://data.krx.co.kr/comm/bldAttendant/getJsonData.cmd?bld=dbms/MDC/STAT/standard/MDCSTAT04601,data/krx/kind_details/KR7139230007.html,e3b0c44298fc1c149afbf4c8996fb92427ae41e4649b934ca495991b7852b855,listing_date_missing,https://data.krx.co.kr/comm/bldAttendant/getJsonData.cmd?bld=dbms/MDC/STAT/standard/MDCSTAT04601,data/krx/etf_authenticated_master.json,a212d774f6e92cd83e37826483d3e3532247f0a18afc0d68eff1db91f9e49e5f
139240,KR7139240006,TIGER 200 철강소재,2011-04-06,,,,https://data.krx.co.kr/comm/bldAttendant/getJsonData.cmd?bld=dbms/MDC/STAT/standard/MDCSTAT04601,data/krx/kind_details/KR7139240006.html,e3b0c44298fc1c149afbf4c8996fb92427ae41e4649b934ca495991b7852b855,listing_date_missing,https://data.krx.co.kr/comm/bldAttendant/getJsonData.cmd?bld=dbms/MDC/STAT/standard/MDCSTAT04601,data/krx/etf_authenticated_master.json,a212d774f6e92cd83e37826483d3e3532247f0a18afc0d68eff1db91f9e49e5f
227540,KR7227540002,TIGER 200 헬스케어,2015-09-23,,,,https://data.krx.co.kr/comm/bldAttendant/getJsonData.cmd?bld=dbms/MDC/STAT/standard/MDCSTAT04601,data/krx/kind_details/KR7227540002.html,e3b0c44298fc1c149afbf4c8996fb92427ae41e4649b934ca495991b7852b855,listing_date_missing,https://data.krx.co.kr/comm/bldAttendant/getJsonData.cmd?bld=dbms/MDC/STAT/standard/MDCSTAT04601,data/krx/etf_authenticated_master.json,a212d774f6e92cd83e37826483d3e3532247f0a18afc0d68eff1db91f9e49e5f
243880,KR7243880002,TIGER 200IT레버리지,2016-05-13,,,,https://data.krx.co.kr/comm/bldAttendant/getJsonData.cmd?bld=dbms/MDC/STAT/standard/MDCSTAT04601,data/krx/kind_details/KR7243880002.html,e3b0c44298fc1c149afbf4c8996fb92427ae41e4649b934ca495991b7852b855,listing_date_missing,https://data.krx.co.kr/comm/bldAttendant/getJsonData.cmd?bld=dbms/MDC/STAT/standard/MDCSTAT04601,data/krx/etf_authenticated_master.json,a212d774f6e92cd83e37826483d3e3532247f0a18afc0d68eff1db91f9e49e5f
310960,KR7310960000,TIGER 200TR,2018-11-20,,,,https://data.krx.co.kr/comm/bldAttendant/getJsonData.cmd?bld=dbms/MDC/STAT/standard/MDCSTAT04601,data/krx/kind_details/KR7310960000.html,e3b0c44298fc1c149afbf4c8996fb92427ae41e4649b934ca495991b7852b855,listing_date_missing,https://data.krx.co.kr/comm/bldAttendant/getJsonData.cmd?bld=dbms/MDC/STAT/standard/MDCSTAT04601,data/krx/etf_authenticated_master.json,a212d774f6e92cd83e37826483d3e3532247f0a18afc0d68eff1db91f9e49e5f
252000,KR7252000005,TIGER 200동일가중,2016-09-20,,,,https://data.krx.co.kr/comm/bldAttendant/getJsonData.cmd?bld=dbms/MDC/STAT/standard/MDCSTAT04601,data/krx/kind_details/KR7252000005.html,e3b0c44298fc1c149afbf4c8996fb92427ae41e4649b934ca495991b7852b855,listing_date_missing,https://data.krx.co.kr/comm/bldAttendant/getJsonData.cmd?bld=dbms/MDC/STAT/standard/MDCSTAT04601,data/krx/etf_authenticated_master.json,a212d774f6e92cd83e37826483d3e3532247f0a18afc0d68eff1db91f9e49e5f
267770,KR7267770006,TIGER 200선물레버리지,2017-04-25,,,,https://data.krx.co.kr/comm/bldAttendant/getJsonData.cmd?bld=dbms/MDC/STAT/standard/MDCSTAT04601,data/krx/kind_details/KR7267770006.html,e3b0c44298fc1c149afbf4c8996fb92427ae41e4649b934ca495991b7852b855,listing_date_missing,https://data.krx.co.kr/comm/bldAttendant/getJsonData.cmd?bld=dbms/MDC/STAT/standard/MDCSTAT04601,data/krx/etf_authenticated_master.json,a212d774f6e92cd83e37826483d3e3532247f0a18afc0d68eff1db91f9e49e5f
252710,KR7252710009,TIGER 200선물인버스2X,2016-09-22,,코스피 200 선물인버스 -2X 지수,2X 인버스 (-2),https://kind.krx.co.kr/disclosure/etfisudetail.do?method=searchEftIsuDetail&isuCd=KR7252710009,data/krx/kind_details/KR7252710009.html,9def1e862acb5790ee333ab53a9dd0120cda41adbe8b93082632092eac82b7c7,,,,
243890,KR7243890001,TIGER 200에너지화학레버리지,2016-05-13,,,,https://data.krx.co.kr/comm/bldAttendant/getJsonData.cmd?bld=dbms/MDC/STAT/standard/MDCSTAT04601,data/krx/kind_details/KR7243890001.html,e3b0c44298fc1c149afbf4c8996fb92427ae41e4649b934ca495991b7852b855,listing_date_missing,https://data.krx.co.kr/comm/bldAttendant/getJsonData.cmd?bld=dbms/MDC/STAT/standard/MDCSTAT04601,data/krx/etf_authenticated_master.json,a212d774f6e92cd83e37826483d3e3532247f0a18afc0d68eff1db91f9e49e5f
315270,KR7315270009,TIGER 200커뮤니케이션서비스,2019-01-15,,,,https://data.krx.co.kr/comm/bldAttendant/getJsonData.cmd?bld=dbms/MDC/STAT/standard/MDCSTAT04601,data/krx/kind_details/KR7315270009.html,e3b0c44298fc1c149afbf4c8996fb92427ae41e4649b934ca495991b7852b855,listing_date_missing,https://data.krx.co.kr/comm/bldAttendant/getJsonData.cmd?bld=dbms/MDC/STAT/standard/MDCSTAT04601,data/krx/etf_authenticated_master.json,a212d774f6e92cd83e37826483d3e3532247f0a18afc0d68eff1db91f9e49e5f
289480,KR7289480006,TIGER 200커버드콜,2018-02-09,,,,https://data.krx.co.kr/comm/bldAttendant/getJsonData.cmd?bld=dbms/MDC/STAT/standard/MDCSTAT04601,data/krx/kind_details/KR7289480006.html,e3b0c44298fc1c149afbf4c8996fb92427ae41e4649b934ca495991b7852b855,listing_date_missing,https://data.krx.co.kr/comm/bldAttendant/getJsonData.cmd?bld=dbms/MDC/STAT/standard/MDCSTAT04601,data/krx/etf_authenticated_master.json,a212d774f6e92cd83e37826483d3e3532247f0a18afc0d68eff1db91f9e49e5f
166400,KR7166400002,TIGER 200커버드콜OTM,2012-10-25,,,,https://data.krx.co.kr/comm/bldAttendant/getJsonData.cmd?bld=dbms/MDC/STAT/standard/MDCSTAT04601,data/krx/kind_details/KR7166400002.html,e3b0c44298fc1c149afbf4c8996fb92427ae41e4649b934ca495991b7852b855,listing_date_missing,https://data.krx.co.kr/comm/bldAttendant/getJsonData.cmd?bld=dbms/MDC/STAT/standard/MDCSTAT04601,data/krx/etf_authenticated_master.json,a212d774f6e92cd83e37826483d3e3532247f0a18afc0d68eff1db91f9e49e5f
0104N0,KR70104N0002,TIGER 200타겟위클리커버드콜,2025-09-23,,,,https://data.krx.co.kr/comm/bldAttendant/getJsonData.cmd?bld=dbms/MDC/STAT/standard/MDCSTAT04601,data/krx/kind_details/KR70104N0002.html,e3b0c44298fc1c149afbf4c8996fb92427ae41e4649b934ca495991b7852b855,listing_date_missing,https://data.krx.co.kr/comm/bldAttendant/getJsonData.cmd?bld=dbms/MDC/STAT/standard/MDCSTAT04601,data/krx/etf_authenticated_master.json,a212d774f6e92cd83e37826483d3e3532247f0a18afc0d68eff1db91f9e49e5f
447780,KR7447780008,TIGER 23-12 국공채액티브,2022-12-09,2023-12-13,KIS 국공채 2312만기형 지수(총수익지수),일반 (1),https://kind.krx.co.kr/disclosure/etfisudetail.do?method=searchEftIsuDetail&isuCd=KR7447780008,data/krx/kind_authenticated_followup/KR7447780008.html,b10208d44588646be9bdea72ea05acb6947b2fa1f725738a6bfd08ffa00b7c3e,,https://kind.krx.co.kr/disclosure/etfisudetail.do?method=searchEftIsuDetail&isuCd=KR7447780008,data/krx/kind_authenticated_followup/KR7447780008.html,b10208d44588646be9bdea72ea05acb6947b2fa1f725738a6bfd08ffa00b7c3e
453530,KR7453530008,TIGER 24-04 회사채(A+이상)액티브,2023-03-23,2024-04-09,KIS 회사채2404만기형 지수 (총수익지수),일반 (1),https://kind.krx.co.kr/disclosure/etfisudetail.do?method=searchEftIsuDetail&isuCd=KR7453530008,data/krx/kind_authenticated_followup/KR7453530008.html,6c785e781e71ac89771a6ec4d40ae6a9a307e99586add299f0b62db6c6dcffd1,,https://kind.krx.co.kr/disclosure/etfisudetail.do?method=searchEftIsuDetail&isuCd=KR7453530008,data/krx/kind_authenticated_followup/KR7453530008.html,6c785e781e71ac89771a6ec4d40ae6a9a307e99586add299f0b62db6c6dcffd1
447820,KR7447820002,TIGER 24-10 회사채(A+이상)액티브,2022-11-22,2024-10-08,KIS 회사채 2410만기형 지수(총수익지수),일반 (1),https://kind.krx.co.kr/disclosure/etfisudetail.do?method=searchEftIsuDetail&isuCd=KR7447820002,data/krx/kind_authenticated_followup/KR7447820002.html,d0c1569eca24c3166b1b78f35faaf7ec0bbd5b752821e214a8c787663da0fe08,,https://kind.krx.co.kr/disclosure/etfisudetail.do?method=searchEftIsuDetail&isuCd=KR7447820002,data/krx/kind_authenticated_followup/KR7447820002.html,d0c1569eca24c3166b1b78f35faaf7ec0bbd5b752821e214a8c787663da0fe08
470260,KR7470260001,TIGER 24-12 금융채(AA-이상),2023-11-21,2024-12-18,KIS 금융채2412만기형 지수(총수익지수),일반 (1),https://kind.krx.co.kr/disclosure/etfisudetail.do?method=searchEftIsuDetail&isuCd=KR7470260001,data/krx/kind_authenticated_followup/KR7470260001.html,f8a3f50dd9bbe1abae12ae7271c8b9f53c40c0adddb1ec3b98648b5c7311fb23,,https://kind.krx.co.kr/disclosure/etfisudetail.do?method=searchEftIsuDetail&isuCd=KR7470260001,data/krx/kind_authenticated_followup/KR7470260001.html,f8a3f50dd9bbe1abae12ae7271c8b9f53c40c0adddb1ec3b98648b5c7311fb23
453540,KR7453540007,TIGER 25-10 회사채(A+이상)액티브,2023-03-23,2025-10-15,KIS 회사채2510만기형 지수 (총수익지수),일반 (1),https://kind.krx.co.kr/disclosure/etfisudetail.do?method=searchEftIsuDetail&isuCd=KR7453540007,data/krx/kind_authenticated_followup/KR7453540007.html,5ad9e69919781c8c5c21876af0279939dbd9f3ab9b9c6c51186fb120a373e358,,https://kind.krx.co.kr/disclosure/etfisudetail.do?method=searchEftIsuDetail&isuCd=KR7453540007,data/krx/kind_authenticated_followup/KR7453540007.html,5ad9e69919781c8c5c21876af0279939dbd9f3ab9b9c6c51186fb120a373e358
494900,KR7494900004,TIGER 25-12 금융채(AA-이상),2024-10-29,2025-12-17,KIS 금융채2512만기형 지수(총수익),일반 (1),https://kind.krx.co.kr/disclosure/etfisudetail.do?method=searchEftIsuDetail&isuCd=KR7494900004,data/krx/kind_authenticated_followup/KR7494900004.html,d8186e04ca071ed367738b2ba420004e7d4be6d3680232dbf9c91ffde9cead44,,https://kind.krx.co.kr/disclosure/etfisudetail.do?method=searchEftIsuDetail&isuCd=KR7494900004,data/krx/kind_authenticated_followup/KR7494900004.html,d8186e04ca071ed367738b2ba420004e7d4be6d3680232dbf9c91ffde9cead44
0001S0,KR70001S0001,TIGER 26-04 회사채(A+이상)액티브,2024-12-24,2026-04-22,KIS 회사채 2604만기형 지수,일반 (1),https://kind.krx.co.kr/disclosure/etfisudetail.do?method=searchEftIsuDetail&isuCd=KR70001S0001,data/krx/kind_details/KR70001S0001.html,855dfdc7fdc802b7cd66ad1841f938ffbb552dcb0ee6e748127e55cc4c6521a6,,,,
480260,KR7480260009,TIGER 27-04회사채(A+이상)액티브,2024-04-23,,,,https://data.krx.co.kr/comm/bldAttendant/getJsonData.cmd?bld=dbms/MDC/STAT/standard/MDCSTAT04601,data/krx/kind_details/KR7480260009.html,e3b0c44298fc1c149afbf4c8996fb92427ae41e4649b934ca495991b7852b855,listing_date_missing,https://data.krx.co.kr/comm/bldAttendant/getJsonData.cmd?bld=dbms/MDC/STAT/standard/MDCSTAT04601,data/krx/etf_authenticated_master.json,a212d774f6e92cd83e37826483d3e3532247f0a18afc0d68eff1db91f9e49e5f
0094K0,KR70094K0007,TIGER 28-04 회사채(A+이상)액티브,2025-08-26,,,,https://data.krx.co.kr/comm/bldAttendant/getJsonData.cmd?bld=dbms/MDC/STAT/standard/MDCSTAT04601,data/krx/kind_details/KR70094K0007.html,e3b0c44298fc1c149afbf4c8996fb92427ae41e4649b934ca495991b7852b855,listing_date_missing,https://data.krx.co.kr/comm/bldAttendant/getJsonData.cmd?bld=dbms/MDC/STAT/standard/MDCSTAT04601,data/krx/etf_authenticated_master.json,a212d774f6e92cd83e37826483d3e3532247f0a18afc0d68eff1db91f9e49e5f
364980,KR7364980003,TIGER 2차전지TOP10,2020-10-07,,,,https://data.krx.co.kr/comm/bldAttendant/getJsonData.cmd?bld=dbms/MDC/STAT/standard/MDCSTAT04601,data/krx/kind_details/KR7364980003.html,e3b0c44298fc1c149afbf4c8996fb92427ae41e4649b934ca495991b7852b855,listing_date_missing,https://data.krx.co.kr/comm/bldAttendant/getJsonData.cmd?bld=dbms/MDC/STAT/standard/MDCSTAT04601,data/krx/etf_authenticated_master.json,a212d774f6e92cd83e37826483d3e3532247f0a18afc0d68eff1db91f9e49e5f
412570,KR7412570004,TIGER 2차전지TOP10레버리지,2021-12-15,,,,https://data.krx.co.kr/comm/bldAttendant/getJsonData.cmd?bld=dbms/MDC/STAT/standard/MDCSTAT04601,data/krx/kind_details/KR7412570004.html,e3b0c44298fc1c149afbf4c8996fb92427ae41e4649b934ca495991b7852b855,listing_date_missing,https://data.krx.co.kr/comm/bldAttendant/getJsonData.cmd?bld=dbms/MDC/STAT/standard/MDCSTAT04601,data/krx/etf_authenticated_master.json,a212d774f6e92cd83e37826483d3e3532247f0a18afc0d68eff1db91f9e49e5f
462010,KR7462010000,TIGER 2차전지소재Fn,2023-07-13,,FnGuide 2차전지소재 (Price Return) 지수,일반 (1),https://kind.krx.co.kr/disclosure/etfisudetail.do?method=searchEftIsuDetail&isuCd=KR7462010000,data/krx/kind_details/KR7462010000.html,dd366a44c668f400a688f060d1aca71ed548fbfb6a90e609ad105b3487230396,,,,
305540,KR7305540007,TIGER 2차전지테마,2018-09-12,,,,https://data.krx.co.kr/comm/bldAttendant/getJsonData.cmd?bld=dbms/MDC/STAT/standard/MDCSTAT04601,data/krx/kind_details/KR7305540007.html,e3b0c44298fc1c149afbf4c8996fb92427ae41e4649b934ca495991b7852b855,listing_date_missing,https://data.krx.co.kr/comm/bldAttendant/getJsonData.cmd?bld=dbms/MDC/STAT/standard/MDCSTAT04601,data/krx/etf_authenticated_master.json,a212d774f6e92cd83e37826483d3e3532247f0a18afc0d68eff1db91f9e49e5f
471760,KR7471760009,TIGER AI반도체핵심공정,2023-11-21,,,,https://data.krx.co.kr/comm/bldAttendant/getJsonData.cmd?bld=dbms/MDC/STAT/standard/MDCSTAT04601,data/krx/kind_details/KR7471760009.html,e3b0c44298fc1c149afbf4c8996fb92427ae41e4649b934ca495991b7852b855,listing_date_missing,https://data.krx.co.kr/comm/bldAttendant/getJsonData.cmd?bld=dbms/MDC/STAT/standard/MDCSTAT04601,data/krx/etf_authenticated_master.json,a212d774f6e92cd83e37826483d3e3532247f0a18afc0d68eff1db91f9e49e5f
365040,KR7365040005,TIGER AI코리아그로스액티브,2020-09-29,,,,https://data.krx.co.kr/comm/bldAttendant/getJsonData.cmd?bld=dbms/MDC/STAT/standard/MDCSTAT04601,data/krx/kind_details/KR7365040005.html,e3b0c44298fc1c149afbf4c8996fb92427ae41e4649b934ca495991b7852b855,listing_date_missing,https://data.krx.co.kr/comm/bldAttendant/getJsonData.cmd?bld=dbms/MDC/STAT/standard/MDCSTAT04601,data/krx/etf_authenticated_master.json,a212d774f6e92cd83e37826483d3e3532247f0a18afc0d68eff1db91f9e49e5f
364960,KR7364960005,TIGER BBIG,2020-10-07,,,,https://data.krx.co.kr/comm/bldAttendant/getJsonData.cmd?bld=dbms/MDC/STAT/standard/MDCSTAT04601,data/krx/kind_details/KR7364960005.html,e3b0c44298fc1c149afbf4c8996fb92427ae41e4649b934ca495991b7852b855,listing_date_missing,https://data.krx.co.kr/comm/bldAttendant/getJsonData.cmd?bld=dbms/MDC/STAT/standard/MDCSTAT04601,data/krx/etf_authenticated_master.json,a212d774f6e92cd83e37826483d3e3532247f0a18afc0d68eff1db91f9e49e5f
412560,KR7412560005,TIGER BBIG레버리지,2021-12-15,,KRX BBIG 레버리지 지수,2X 레버리지 (2),https://kind.krx.co.kr/disclosure/etfisudetail.do?method=searchEftIsuDetail&isuCd=KR7412560005,data/krx/kind_details/KR7412560005.html,3bddefac22821c3ca8b2afb74e304ee5163ba697592454bc123b27dc7309e01e,,,,
475630,KR7475630000,TIGER CD1년금리액티브(합성),2024-02-06,,,,https://data.krx.co.kr/comm/bldAttendant/getJsonData.cmd?bld=dbms/MDC/STAT/standard/MDCSTAT04601,data/krx/kind_details/KR7475630000.html,e3b0c44298fc1c149afbf4c8996fb92427ae41e4649b934ca495991b7852b855,listing_date_missing,https://data.krx.co.kr/comm/bldAttendant/getJsonData.cmd?bld=dbms/MDC/STAT/standard/MDCSTAT04601,data/krx/etf_authenticated_master.json,a212d774f6e92cd83e37826483d3e3532247f0a18afc0d68eff1db91f9e49e5f
357870,KR7357870005,TIGER CD금리투자KIS(합성),2020-07-07,,,,https://data.krx.co.kr/comm/bldAttendant/getJsonData.cmd?bld=dbms/MDC/STAT/standard/MDCSTAT04601,data/krx/kind_details/KR7357870005.html,e3b0c44298fc1c149afbf4c8996fb92427ae41e4649b934ca495991b7852b855,listing_date_missing,https://data.krx.co.kr/comm/bldAttendant/getJsonData.cmd?bld=dbms/MDC/STAT/standard/MDCSTAT04601,data/krx/etf_authenticated_master.json,a212d774f6e92cd83e37826483d3e3532247f0a18afc0d68eff1db91f9e49e5f
499660,KR7499660009,TIGER CD금리플러스액티브(합성),2024-12-17,,,,https://data.krx.co.kr/comm/bldAttendant/getJsonData.cmd?bld=dbms/MDC/STAT/standard/MDCSTAT04601,data/krx/kind_details/KR7499660009.html,e3b0c44298fc1c149afbf4c8996fb92427ae41e4649b934ca495991b7852b855,listing_date_missing,https://data.krx.co.kr/comm/bldAttendant/getJsonData.cmd?bld=dbms/MDC/STAT/standard/MDCSTAT04601,data/krx/etf_authenticated_master.json,a212d774f6e92cd83e37826483d3e3532247f0a18afc0d68eff1db91f9e49e5f
400970,KR7400970000,TIGER Fn메타버스,2021-10-13,,,,https://data.krx.co.kr/comm/bldAttendant/getJsonData.cmd?bld=dbms/MDC/STAT/standard/MDCSTAT04601,data/krx/kind_details/KR7400970000.html,e3b0c44298fc1c149afbf4c8996fb92427ae41e4649b934ca495991b7852b855,listing_date_missing,https://data.krx.co.kr/comm/bldAttendant/getJsonData.cmd?bld=dbms/MDC/STAT/standard/MDCSTAT04601,data/krx/etf_authenticated_master.json,a212d774f6e92cd83e37826483d3e3532247f0a18afc0d68eff1db91f9e49e5f
377990,KR7377990007,TIGER Fn신재생에너지,2021-03-05,,,,https://data.krx.co.kr/comm/bldAttendant/getJsonData.cmd?bld=dbms/MDC/STAT/standard/MDCSTAT04601,data/krx/kind_details/KR7377990007.html,e3b0c44298fc1c149afbf4c8996fb92427ae41e4649b934ca495991b7852b855,listing_date_missing,https://data.krx.co.kr/comm/bldAttendant/getJsonData.cmd?bld=dbms/MDC/STAT/standard/MDCSTAT04601,data/krx/etf_authenticated_master.json,a212d774f6e92cd83e37826483d3e3532247f0a18afc0d68eff1db91f9e49e5f
417630,KR7417630001,TIGER KEDI혁신기업ESG30,2022-02-08,,,,https://data.krx.co.kr/comm/bldAttendant/getJsonData.cmd?bld=dbms/MDC/STAT/standard/MDCSTAT04601,data/krx/kind_details/KR7417630001.html,e3b0c44298fc1c149afbf4c8996fb92427ae41e4649b934ca495991b7852b855,listing_date_missing,https://data.krx.co.kr/comm/bldAttendant/getJsonData.cmd?bld=dbms/MDC/STAT/standard/MDCSTAT04601,data/krx/etf_authenticated_master.json,a212d774f6e92cd83e37826483d3e3532247f0a18afc0d68eff1db91f9e49e5f
449170,KR7449170000,TIGER KOFR금리액티브(합성),2022-11-30,,,,https://data.krx.co.kr/comm/bldAttendant/getJsonData.cmd?bld=dbms/MDC/STAT/standard/MDCSTAT04601,data/krx/kind_details/KR7449170000.html,e3b0c44298fc1c149afbf4c8996fb92427ae41e4649b934ca495991b7852b855,listing_date_missing,https://data.krx.co.kr/comm/bldAttendant/getJsonData.cmd?bld=dbms/MDC/STAT/standard/MDCSTAT04601,data/krx/etf_authenticated_master.json,a212d774f6e92cd83e37826483d3e3532247f0a18afc0d68eff1db91f9e49e5f
091210,KR7091210005,TIGER KRX100,2006-06-27,2019-09-20,KRX 100,일반 (1),https://kind.krx.co.kr/disclosure/etfisudetail.do?method=searchEftIsuDetail&isuCd=KR7091210005,data/krx/kind_authenticated_followup/KR7091210005.html,5b13b888daabc8fac9dfc1f104fef4ba0936203a69bfa68933ec1b0b8032e415,,https://kind.krx.co.kr/disclosure/etfisudetail.do?method=searchEftIsuDetail&isuCd=KR7091210005,data/krx/kind_authenticated_followup/KR7091210005.html,5b13b888daabc8fac9dfc1f104fef4ba0936203a69bfa68933ec1b0b8032e415
292160,KR7292160009,TIGER KRX300,2018-03-26,,,,https://data.krx.co.kr/comm/bldAttendant/getJsonData.cmd?bld=dbms/MDC/STAT/standard/MDCSTAT04601,data/krx/kind_details/KR7292160009.html,e3b0c44298fc1c149afbf4c8996fb92427ae41e4649b934ca495991b7852b855,listing_date_missing,https://data.krx.co.kr/comm/bldAttendant/getJsonData.cmd?bld=dbms/MDC/STAT/standard/MDCSTAT04601,data/krx/etf_authenticated_master.json,a212d774f6e92cd83e37826483d3e3532247f0a18afc0d68eff1db91f9e49e5f
307610,KR7307610006,TIGER KRX300레버리지,2018-10-16,2020-12-24,KRX300레버리지,2X 레버리지 (2),https://kind.krx.co.kr/disclosure/etfisudetail.do?method=searchEftIsuDetail&isuCd=KR7307610006,data/krx/kind_authenticated_followup/KR7307610006.html,d86e594e74f90ee33474166df799ede4ef2a49771e6544f39fad0dbade1d2444,,https://kind.krx.co.kr/disclosure/etfisudetail.do?method=searchEftIsuDetail&isuCd=KR7307610006,data/krx/kind_authenticated_followup/KR7307610006.html,d86e594e74f90ee33474166df799ede4ef2a49771e6544f39fad0dbade1d2444
307620,KR7307620005,TIGER KRX300선물인버스,2018-10-16,2020-09-28,KRX300 선물인버스 지수,1X 인버스 (-1),https://kind.krx.co.kr/disclosure/etfisudetail.do?method=searchEftIsuDetail&isuCd=KR7307620005,data/krx/kind_authenticated_followup/KR7307620005.html,283fcd2eb2ba304026f123791c95dfaa7f6f3c5c2f24c3f2f393a7cfb79c1e14,,https://kind.krx.co.kr/disclosure/etfisudetail.do?method=searchEftIsuDetail&isuCd=KR7307620005,data/krx/kind_authenticated_followup/KR7307620005.html,283fcd2eb2ba304026f123791c95dfaa7f6f3c5c2f24c3f2f393a7cfb79c1e14
0072R0,KR70072R0006,TIGER KRX금현물,2025-06-24,,,,https://data.krx.co.kr/comm/bldAttendant/getJsonData.cmd?bld=dbms/MDC/STAT/standard/MDCSTAT04601,data/krx/kind_details/KR70072R0006.html,e3b0c44298fc1c149afbf4c8996fb92427ae41e4649b934ca495991b7852b855,listing_date_missing,https://data.krx.co.kr/comm/bldAttendant/getJsonData.cmd?bld=dbms/MDC/STAT/standard/MDCSTAT04601,data/krx/etf_authenticated_master.json,a212d774f6e92cd83e37826483d3e3532247f0a18afc0d68eff1db91f9e49e5f
404540,KR7404540007,TIGER KRX기후변화솔루션,2021-10-29,,,,https://data.krx.co.kr/comm/bldAttendant/getJsonData.cmd?bld=dbms/MDC/STAT/standard/MDCSTAT04601,data/krx/kind_details/KR7404540007.html,e3b0c44298fc1c149afbf4c8996fb92427ae41e4649b934ca495991b7852b855,listing_date_missing,https://data.krx.co.kr/comm/bldAttendant/getJsonData.cmd?bld=dbms/MDC/STAT/standard/MDCSTAT04601,data/krx/etf_authenticated_master.json,a212d774f6e92cd83e37826483d3e3532247f0a18afc0d68eff1db91f9e49e5f
228820,KR7228820007,TIGER KTOP30,2015-10-14,,,,https://data.krx.co.kr/comm/bldAttendant/getJsonData.cmd?bld=dbms/MDC/STAT/standard/MDCSTAT04601,data/krx/kind_details/KR7228820007.html,e3b0c44298fc1c149afbf4c8996fb92427ae41e4649b934ca495991b7852b855,listing_date_missing,https://data.krx.co.kr/comm/bldAttendant/getJsonData.cmd?bld=dbms/MDC/STAT/standard/MDCSTAT04601,data/krx/etf_authenticated_master.json,a212d774f6e92cd83e37826483d3e3532247f0a18afc0d68eff1db91f9e49e5f
300610,KR7300610003,TIGER K게임,2018-07-24,,,,https://data.krx.co.kr/comm/bldAttendant/getJsonData.cmd?bld=dbms/MDC/STAT/standard/MDCSTAT04601,data/krx/kind_details/KR7300610003.html,e3b0c44298fc1c149afbf4c8996fb92427ae41e4649b934ca495991b7852b855,listing_date_missing,https://data.krx.co.kr/comm/bldAttendant/getJsonData.cmd?bld=dbms/MDC/STAT/standard/MDCSTAT04601,data/krx/etf_authenticated_master.json,a212d774f6e92cd83e37826483d3e3532247f0a18afc0d68eff1db91f9e49e5f
463250,KR7463250001,TIGER K방산&우주,2023-07-25,,,,https://data.krx.co.kr/comm/bldAttendant/getJsonData.cmd?bld=dbms/MDC/STAT/standard/MDCSTAT04601,data/krx/kind_details/KR7463250001.html,e3b0c44298fc1c149afbf4c8996fb92427ae41e4649b934ca495991b7852b855,listing_date_missing,https://data.krx.co.kr/comm/bldAttendant/getJsonData.cmd?bld=dbms/MDC/STAT/standard/MDCSTAT04601,data/krx/etf_authenticated_master.json,a212d774f6e92cd83e37826483d3e3532247f0a18afc0d68eff1db91f9e49e5f
138530,KR7138530001,TIGER LG그룹플러스,2011-03-10,,,,https://data.krx.co.kr/comm/bldAttendant/getJsonData.cmd?bld=dbms/MDC/STAT/standard/MDCSTAT04601,data/krx/kind_details/KR7138530001.html,e3b0c44298fc1c149afbf4c8996fb92427ae41e4649b934ca495991b7852b855,listing_date_missing,https://data.krx.co.kr/comm/bldAttendant/getJsonData.cmd?bld=dbms/MDC/STAT/standard/MDCSTAT04601,data/krx/etf_authenticated_master.json,a212d774f6e92cd83e37826483d3e3532247f0a18afc0d68eff1db91f9e49e5f
445910,KR7445910003,TIGER MKF배당귀족,2022-10-18,,,,https://data.krx.co.kr/comm/bldAttendant/getJsonData.cmd?bld=dbms/MDC/STAT/standard/MDCSTAT04601,data/krx/kind_details/KR7445910003.html,e3b0c44298fc1c149afbf4c8996fb92427ae41e4649b934ca495991b7852b855,listing_date_missing,https://data.krx.co.kr/comm/bldAttendant/getJsonData.cmd?bld=dbms/MDC/STAT/standard/MDCSTAT04601,data/krx/etf_authenticated_master.json,a212d774f6e92cd83e37826483d3e3532247f0a18afc0d68eff1db91f9e49e5f
289260,KR7289260002,TIGER MSCI KOREA ESG리더스,2018-02-07,,,,https://data.krx.co.kr/comm/bldAttendant/getJsonData.cmd?bld=dbms/MDC/STAT/standard/MDCSTAT04601,data/krx/kind_details/KR7289260002.html,e3b0c44298fc1c149afbf4c8996fb92427ae41e4649b934ca495991b7852b855,listing_date_missing,https://data.krx.co.kr/comm/bldAttendant/getJsonData.cmd?bld=dbms/MDC/STAT/standard/MDCSTAT04601,data/krx/etf_authenticated_master.json,a212d774f6e92cd83e37826483d3e3532247f0a18afc0d68eff1db91f9e49e5f
289250,KR7289250003,TIGER MSCI KOREA ESG유니버설,2018-02-07,,,,https://data.krx.co.kr/comm/bldAttendant/getJsonData.cmd?bld=dbms/MDC/STAT/standard/MDCSTAT04601,data/krx/kind_details/KR7289250003.html,e3b0c44298fc1c149afbf4c8996fb92427ae41e4649b934ca495991b7852b855,listing_date_missing,https://data.krx.co.kr/comm/bldAttendant/getJsonData.cmd?bld=dbms/MDC/STAT/standard/MDCSTAT04601,data/krx/etf_authenticated_master.json,a212d774f6e92cd83e37826483d3e3532247f0a18afc0d68eff1db91f9e49e5f
310970,KR7310970009,TIGER MSCI Korea TR,2018-11-20,,,,https://data.krx.co.kr/comm/bldAttendant/getJsonData.cmd?bld=dbms/MDC/STAT/standard/MDCSTAT04601,data/krx/kind_details/KR7310970009.html,e3b0c44298fc1c149afbf4c8996fb92427ae41e4649b934ca495991b7852b855,listing_date_missing,https://data.krx.co.kr/comm/bldAttendant/getJsonData.cmd?bld=dbms/MDC/STAT/standard/MDCSTAT04601,data/krx/etf_authenticated_master.json,a212d774f6e92cd83e37826483d3e3532247f0a18afc0d68eff1db91f9e49e5f
269370,KR7269370003,TIGER S&P글로벌인프라(합성),2017-05-16,,,,https://data.krx.co.kr/comm/bldAttendant/getJsonData.cmd?bld=dbms/MDC/STAT/standard/MDCSTAT04601,data/krx/kind_details/KR7269370003.html,e3b0c44298fc1c149afbf4c8996fb92427ae41e4649b934ca495991b7852b855,listing_date_missing,https://data.krx.co.kr/comm/bldAttendant/getJsonData.cmd?bld=dbms/MDC/STAT/standard/MDCSTAT04601,data/krx/etf_authenticated_master.json,a212d774f6e92cd83e37826483d3e3532247f0a18afc0d68eff1db91f9e49e5f
248270,KR7248270001,TIGER S&P글로벌헬스케어(합성),2016-07-01,,S&P Global 1200 Health Care Index,일반 (1),https://kind.krx.co.kr/disclosure/etfisudetail.do?method=searchEftIsuDetail&isuCd=KR7248270001,data/krx/kind_details/KR7248270001.html,6884536e9506186ca4fb20ee846287dfd0817236571c1aca90485a6c09da4e49,,,,
0195S0,KR70195S0007,TIGER SK하이닉스단일종목레버리지,2026-05-27,,,,https://data.krx.co.kr/comm/bldAttendant/getJsonData.cmd?bld=dbms/MDC/STAT/standard/MDCSTAT04601,data/krx/kind_details/KR70195S0007.html,e3b0c44298fc1c149afbf4c8996fb92427ae41e4649b934ca495991b7852b855,listing_date_missing,https://data.krx.co.kr/comm/bldAttendant/getJsonData.cmd?bld=dbms/MDC/STAT/standard/MDCSTAT04601,data/krx/etf_authenticated_master.json,a212d774f6e92cd83e37826483d3e3532247f0a18afc0d68eff1db91f9e49e5f
0025N0,KR70025N0008,TIGER TDF2045 적격,2025-03-25,,,,https://data.krx.co.kr/comm/bldAttendant/getJsonData.cmd?bld=dbms/MDC/STAT/standard/MDCSTAT04601,data/krx/kind_details/KR70025N0008.html,e3b0c44298fc1c149afbf4c8996fb92427ae41e4649b934ca495991b7852b855,listing_date_missing,https://data.krx.co.kr/comm/bldAttendant/getJsonData.cmd?bld=dbms/MDC/STAT/standard/MDCSTAT04601,data/krx/etf_authenticated_master.json,a212d774f6e92cd83e37826483d3e3532247f0a18afc0d68eff1db91f9e49e5f
453950,KR7453950008,TIGER TSMC파운드리밸류체인,2023-04-04,,,,https://data.krx.co.kr/comm/bldAttendant/getJsonData.cmd?bld=dbms/MDC/STAT/standard/MDCSTAT04601,data/krx/kind_details/KR7453950008.html,e3b0c44298fc1c149afbf4c8996fb92427ae41e4649b934ca495991b7852b855,listing_date_missing,https://data.krx.co.kr/comm/bldAttendant/getJsonData.cmd?bld=dbms/MDC/STAT/standard/MDCSTAT04601,data/krx/etf_authenticated_master.json,a212d774f6e92cd83e37826483d3e3532247f0a18afc0d68eff1db91f9e49e5f
217790,KR7217790005,TIGER 가격조정,2015-04-29,2022-12-21,FnGuide Contrarian Index,일반 (1),https://kind.krx.co.kr/disclosure/etfisudetail.do?method=searchEftIsuDetail&isuCd=KR7217790005,data/krx/kind_authenticated_followup/KR7217790005.html,0a8159299a25c61b1820e1e10c683a7c42bfb91d38367dbb4061d62d532a7752,,https://kind.krx.co.kr/disclosure/etfisudetail.do?method=searchEftIsuDetail&isuCd=KR7217790005,data/krx/kind_authenticated_followup/KR7217790005.html,0a8159299a25c61b1820e1e10c683a7c42bfb91d38367dbb4061d62d532a7752
097710,KR7097710008,TIGER 가치주,2007-07-31,2015-12-15,MKF 순수가치,일반 (1),https://kind.krx.co.kr/disclosure/etfisudetail.do?method=searchEftIsuDetail&isuCd=KR7097710008,data/krx/kind_authenticated_followup/KR7097710008.html,9001e0af4aba272135ba205173c4b0e3f7fe6d821b1fa6ab67d2967f0a6e1348,,https://kind.krx.co.kr/disclosure/etfisudetail.do?method=searchEftIsuDetail&isuCd=KR7097710008,data/krx/kind_authenticated_followup/KR7097710008.html,9001e0af4aba272135ba205173c4b0e3f7fe6d821b1fa6ab67d2967f0a6e1348
364990,KR7364990002,TIGER 게임TOP10,2020-10-07,,,,https://data.krx.co.kr/comm/bldAttendant/getJsonData.cmd?bld=dbms/MDC/STAT/standard/MDCSTAT04601,data/krx/kind_details/KR7364990002.html,e3b0c44298fc1c149afbf4c8996fb92427ae41e4649b934ca495991b7852b855,listing_date_missing,https://data.krx.co.kr/comm/bldAttendant/getJsonData.cmd?bld=dbms/MDC/STAT/standard/MDCSTAT04601,data/krx/etf_authenticated_master.json,a212d774f6e92cd83e37826483d3e3532247f0a18afc0d68eff1db91f9e49e5f
139280,KR7139280002,TIGER 경기방어,2011-04-06,,,,https://data.krx.co.kr/comm/bldAttendant/getJsonData.cmd?bld=dbms/MDC/STAT/standard/MDCSTAT04601,data/krx/kind_details/KR7139280002.html,e3b0c44298fc1c149afbf4c8996fb92427ae41e4649b934ca495991b7852b855,listing_date_missing,https://data.krx.co.kr/comm/bldAttendant/getJsonData.cmd?bld=dbms/MDC/STAT/standard/MDCSTAT04601,data/krx/etf_authenticated_master.json,a212d774f6e92cd83e37826483d3e3532247f0a18afc0d68eff1db91f9e49e5f
237440,KR7237440003,TIGER 경기방어채권혼합,2016-01-27,,,,https://data.krx.co.kr/comm/bldAttendant/getJsonData.cmd?bld=dbms/MDC/STAT/standard/MDCSTAT04601,data/krx/kind_details/KR7237440003.html,e3b0c44298fc1c149afbf4c8996fb92427ae41e4649b934ca495991b7852b855,listing_date_missing,https://data.krx.co.kr/comm/bldAttendant/getJsonData.cmd?bld=dbms/MDC/STAT/standard/MDCSTAT04601,data/krx/etf_authenticated_master.json,a212d774f6e92cd83e37826483d3e3532247f0a18afc0d68eff1db91f9e49e5f
319640,KR7319640009,TIGER 골드선물(H),2019-04-09,,,,https://data.krx.co.kr/comm/bldAttendant/getJsonData.cmd?bld=dbms/MDC/STAT/standard/MDCSTAT04601,data/krx/kind_details/KR7319640009.html,e3b0c44298fc1c149afbf4c8996fb92427ae41e4649b934ca495991b7852b855,listing_date_missing,https://data.krx.co.kr/comm/bldAttendant/getJsonData.cmd?bld=dbms/MDC/STAT/standard/MDCSTAT04601,data/krx/etf_authenticated_master.json,a212d774f6e92cd83e37826483d3e3532247f0a18afc0d68eff1db91f9e49e5f
0190Y0,KR70190Y0004,TIGER 구글밸류체인,2026-05-12,,,,https://data.krx.co.kr/comm/bldAttendant/getJsonData.cmd?bld=dbms/MDC/STAT/standard/MDCSTAT04601,data/krx/kind_details/KR70190Y0004.html,e3b0c44298fc1c149afbf4c8996fb92427ae41e4649b934ca495991b7852b855,listing_date_missing,https://data.krx.co.kr/comm/bldAttendant/getJsonData.cmd?bld=dbms/MDC/STAT/standard/MDCSTAT04601,data/krx/etf_authenticated_master.json,a212d774f6e92cd83e37826483d3e3532247f0a18afc0d68eff1db91f9e49e5f
160580,KR7160580007,TIGER 구리실물,2012-12-17,,,,https://data.krx.co.kr/comm/bldAttendant/getJsonData.cmd?bld=dbms/MDC/STAT/standard/MDCSTAT04601,data/krx/kind_details/KR7160580007.html,e3b0c44298fc1c149afbf4c8996fb92427ae41e4649b934ca495991b7852b855,listing_date_missing,https://data.krx.co.kr/comm/bldAttendant/getJsonData.cmd?bld=dbms/MDC/STAT/standard/MDCSTAT04601,data/krx/etf_authenticated_master.json,a212d774f6e92cd83e37826483d3e3532247f0a18afc0d68eff1db91f9e49e5f
451530,KR7451530000,TIGER 국고채30년스트립액티브,2023-02-01,,,,https://data.krx.co.kr/comm/bldAttendant/getJsonData.cmd?bld=dbms/MDC/STAT/standard/MDCSTAT04601,data/krx/kind_details/KR7451530000.html,e3b0c44298fc1c149afbf4c8996fb92427ae41e4649b934ca495991b7852b855,listing_date_missing,https://data.krx.co.kr/comm/bldAttendant/getJsonData.cmd?bld=dbms/MDC/STAT/standard/MDCSTAT04601,data/krx/etf_authenticated_master.json,a212d774f6e92cd83e37826483d3e3532247f0a18afc0d68eff1db91f9e49e5f
114820,KR7114820004,TIGER 국채3년,2009-08-27,,,,https://data.krx.co.kr/comm/bldAttendant/getJsonData.cmd?bld=dbms/MDC/STAT/standard/MDCSTAT04601,data/krx/kind_details/KR7114820004.html,e3b0c44298fc1c149afbf4c8996fb92427ae41e4649b934ca495991b7852b855,listing_date_missing,https://data.krx.co.kr/comm/bldAttendant/getJsonData.cmd?bld=dbms/MDC/STAT/standard/MDCSTAT04601,data/krx/etf_authenticated_master.json,a212d774f6e92cd83e37826483d3e3532247f0a18afc0d68eff1db91f9e49e5f
302180,KR7302180005,TIGER 국채선물10년인버스,2018-07-20,2021-12-20,10년국채선물 인버스지수,1X 인버스 (-1),https://kind.krx.co.kr/disclosure/etfisudetail.do?method=searchEftIsuDetail&isuCd=KR7302180005,data/krx/kind_authenticated_followup/KR7302180005.html,decfe518e874b7519f462e606253a60425a862c5a34440c748057efd548518d8,,https://kind.krx.co.kr/disclosure/etfisudetail.do?method=searchEftIsuDetail&isuCd=KR7302180005,data/krx/kind_authenticated_followup/KR7302180005.html,decfe518e874b7519f462e606253a60425a862c5a34440c748057efd548518d8
302170,KR7302170006,TIGER 국채선물3년인버스,2018-07-20,2021-12-20,F-KTB 인버스지수,1X 인버스 (-1),https://kind.krx.co.kr/disclosure/etfisudetail.do?method=searchEftIsuDetail&isuCd=KR7302170006,data/krx/kind_authenticated_followup/KR7302170006.html,e86afd6ddb0f3b23e5750fa8dc9bf7e3e33b10dc1e5e08bb90815e64793291c8,,https://kind.krx.co.kr/disclosure/etfisudetail.do?method=searchEftIsuDetail&isuCd=KR7302170006,data/krx/kind_authenticated_followup/KR7302170006.html,e86afd6ddb0f3b23e5750fa8dc9bf7e3e33b10dc1e5e08bb90815e64793291c8
137990,KR7137990008,TIGER 그린,2011-01-27,2015-12-15,녹색산업지수,일반 (1),https://kind.krx.co.kr/disclosure/etfisudetail.do?method=searchEftIsuDetail&isuCd=KR7137990008,data/krx/kind_details/KR7137990008.html,c409418d1277242164da846f0272eb9895595b0c343c5af375f4317c63ad75ee,,,,
275980,KR7275980001,TIGER 글로벌4차산업혁신기술(합성 H),2017-08-01,,,,https://data.krx.co.kr/comm/bldAttendant/getJsonData.cmd?bld=dbms/MDC/STAT/standard/MDCSTAT04601,data/krx/kind_details/KR7275980001.html,e3b0c44298fc1c149afbf4c8996fb92427ae41e4649b934ca495991b7852b855,listing_date_missing,https://data.krx.co.kr/comm/bldAttendant/getJsonData.cmd?bld=dbms/MDC/STAT/standard/MDCSTAT04601,data/krx/etf_authenticated_master.json,a212d774f6e92cd83e37826483d3e3532247f0a18afc0d68eff1db91f9e49e5f
464310,KR7464310002,TIGER 글로벌AI&로보틱스 INDXX,2023-08-17,,Indxx Global Robotics & Artificial Intelligence Thematic Index(PR),일반 (1),https://kind.krx.co.kr/disclosure/etfisudetail.do?method=searchEftIsuDetail&isuCd=KR7464310002,data/krx/kind_details/KR7464310002.html,f28cc6d7a6fad8c88c7c687194104c25c133d16ae8bd2e9ae2344c9bde954518,,,,
418670,KR7418670006,TIGER 글로벌AI사이버보안,2022-02-22,,,,https://data.krx.co.kr/comm/bldAttendant/getJsonData.cmd?bld=dbms/MDC/STAT/standard/MDCSTAT04601,data/krx/kind_details/KR7418670006.html,e3b0c44298fc1c149afbf4c8996fb92427ae41e4649b934ca495991b7852b855,listing_date_missing,https://data.krx.co.kr/comm/bldAttendant/getJsonData.cmd?bld=dbms/MDC/STAT/standard/MDCSTAT04601,data/krx/etf_authenticated_master.json,a212d774f6e92cd83e37826483d3e3532247f0a18afc0d68eff1db91f9e49e5f
466950,KR7466950003,TIGER 글로벌AI액티브,2023-10-11,,,,https://data.krx.co.kr/comm/bldAttendant/getJsonData.cmd?bld=dbms/MDC/STAT/standard/MDCSTAT04601,data/krx/kind_details/KR7466950003.html,e3b0c44298fc1c149afbf4c8996fb92427ae41e4649b934ca495991b7852b855,listing_date_missing,https://data.krx.co.kr/comm/bldAttendant/getJsonData.cmd?bld=dbms/MDC/STAT/standard/MDCSTAT04601,data/krx/etf_authenticated_master.json,a212d774f6e92cd83e37826483d3e3532247f0a18afc0d68eff1db91f9e49e5f
491010,KR7491010005,TIGER 글로벌AI전력인프라액티브,2024-09-10,,,,https://data.krx.co.kr/comm/bldAttendant/getJsonData.cmd?bld=dbms/MDC/STAT/standard/MDCSTAT04601,data/krx/kind_details/KR7491010005.html,e3b0c44298fc1c149afbf4c8996fb92427ae41e4649b934ca495991b7852b855,listing_date_missing,https://data.krx.co.kr/comm/bldAttendant/getJsonData.cmd?bld=dbms/MDC/STAT/standard/MDCSTAT04601,data/krx/etf_authenticated_master.json,a212d774f6e92cd83e37826483d3e3532247f0a18afc0d68eff1db91f9e49e5f
412770,KR7412770000,TIGER 글로벌AI플랫폼액티브,2021-12-22,,,,https://data.krx.co.kr/comm/bldAttendant/getJsonData.cmd?bld=dbms/MDC/STAT/standard/MDCSTAT04601,data/krx/kind_details/KR7412770000.html,e3b0c44298fc1c149afbf4c8996fb92427ae41e4649b934ca495991b7852b855,listing_date_missing,https://data.krx.co.kr/comm/bldAttendant/getJsonData.cmd?bld=dbms/MDC/STAT/standard/MDCSTAT04601,data/krx/etf_authenticated_master.json,a212d774f6e92cd83e37826483d3e3532247f0a18afc0d68eff1db91f9e49e5f
394670,KR7394670004,TIGER 글로벌리튬&2차전지SOLACTIVE(합성),2021-07-20,,Solactive Global Lithium 지수(PR),일반 (1),https://kind.krx.co.kr/disclosure/etfisudetail.do?method=searchEftIsuDetail&isuCd=KR7394670004,data/krx/kind_details/KR7394670004.html,0d7163d993e46e0a99b80c10fdb2beb78305bb372d7082a92e13c2379539d421,,,,
440340,KR7440340008,TIGER 글로벌멀티에셋TIF액티브,2022-08-30,,,,https://data.krx.co.kr/comm/bldAttendant/getJsonData.cmd?bld=dbms/MDC/STAT/standard/MDCSTAT04601,data/krx/kind_details/KR7440340008.html,e3b0c44298fc1c149afbf4c8996fb92427ae41e4649b934ca495991b7852b855,listing_date_missing,https://data.krx.co.kr/comm/bldAttendant/getJsonData.cmd?bld=dbms/MDC/STAT/standard/MDCSTAT04601,data/krx/etf_authenticated_master.json,a212d774f6e92cd83e37826483d3e3532247f0a18afc0d68eff1db91f9e49e5f
476690,KR7476690003,TIGER 글로벌비만치료제TOP2Plus,2024-02-29,,,,https://data.krx.co.kr/comm/bldAttendant/getJsonData.cmd?bld=dbms/MDC/STAT/standard/MDCSTAT04601,data/krx/kind_details/KR7476690003.html,e3b0c44298fc1c149afbf4c8996fb92427ae41e4649b934ca495991b7852b855,listing_date_missing,https://data.krx.co.kr/comm/bldAttendant/getJsonData.cmd?bld=dbms/MDC/STAT/standard/MDCSTAT04601,data/krx/etf_authenticated_master.json,a212d774f6e92cd83e37826483d3e3532247f0a18afc0d68eff1db91f9e49e5f
480310,KR7480310002,TIGER 글로벌온디바이스AI,2024-04-16,,,,https://data.krx.co.kr/comm/bldAttendant/getJsonData.cmd?bld=dbms/MDC/STAT/standard/MDCSTAT04601,data/krx/kind_details/KR7480310002.html,e3b0c44298fc1c149afbf4c8996fb92427ae41e4649b934ca495991b7852b855,listing_date_missing,https://data.krx.co.kr/comm/bldAttendant/getJsonData.cmd?bld=dbms/MDC/STAT/standard/MDCSTAT04601,data/krx/etf_authenticated_master.json,a212d774f6e92cd83e37826483d3e3532247f0a18afc0d68eff1db91f9e49e5f
387270,KR7387270002,TIGER 글로벌이노베이션액티브,2021-05-25,,,,https://data.krx.co.kr/comm/bldAttendant/getJsonData.cmd?bld=dbms/MDC/STAT/standard/MDCSTAT04601,data/krx/kind_details/KR7387270002.html,e3b0c44298fc1c149afbf4c8996fb92427ae41e4649b934ca495991b7852b855,listing_date_missing,https://data.krx.co.kr/comm/bldAttendant/getJsonData.cmd?bld=dbms/MDC/STAT/standard/MDCSTAT04601,data/krx/etf_authenticated_master.json,a212d774f6e92cd83e37826483d3e3532247f0a18afc0d68eff1db91f9e49e5f
276000,KR7276000007,TIGER 글로벌자원생산기업(합성 H),2017-08-01,,,,https://data.krx.co.kr/comm/bldAttendant/getJsonData.cmd?bld=dbms/MDC/STAT/standard/MDCSTAT04601,data/krx/kind_details/KR7276000007.html,e3b0c44298fc1c149afbf4c8996fb92427ae41e4649b934ca495991b7852b855,listing_date_missing,https://data.krx.co.kr/comm/bldAttendant/getJsonData.cmd?bld=dbms/MDC/STAT/standard/MDCSTAT04601,data/krx/etf_authenticated_master.json,a212d774f6e92cd83e37826483d3e3532247f0a18afc0d68eff1db91f9e49e5f
394660,KR7394660005,TIGER 글로벌자율주행&전기차SOLACTIVE,2021-07-20,,,,https://data.krx.co.kr/comm/bldAttendant/getJsonData.cmd?bld=dbms/MDC/STAT/standard/MDCSTAT04601,data/krx/kind_details/KR7394660005.html,e3b0c44298fc1c149afbf4c8996fb92427ae41e4649b934ca495991b7852b855,listing_date_missing,https://data.krx.co.kr/comm/bldAttendant/getJsonData.cmd?bld=dbms/MDC/STAT/standard/MDCSTAT04601,data/krx/etf_authenticated_master.json,a212d774f6e92cd83e37826483d3e3532247f0a18afc0d68eff1db91f9e49e5f
371450,KR7371450008,TIGER 글로벌클라우드컴퓨팅INDXX,2020-12-08,,,,https://data.krx.co.kr/comm/bldAttendant/getJsonData.cmd?bld=dbms/MDC/STAT/standard/MDCSTAT04601,data/krx/kind_details/KR7371450008.html,e3b0c44298fc1c149afbf4c8996fb92427ae41e4649b934ca495991b7852b855,listing_date_missing,https://data.krx.co.kr/comm/bldAttendant/getJsonData.cmd?bld=dbms/MDC/STAT/standard/MDCSTAT04601,data/krx/etf_authenticated_master.json,a212d774f6e92cd83e37826483d3e3532247f0a18afc0d68eff1db91f9e49e5f
464930,KR7464930007,TIGER 글로벌혁신블루칩TOP10,2023-08-29,,Mirae Asset Global Innovative Bluechip Top 10 Index(PR),일반 (1),https://kind.krx.co.kr/disclosure/etfisudetail.do?method=searchEftIsuDetail&isuCd=KR7464930007,data/krx/kind_details/KR7464930007.html,785ba97873adfbcfdcf5c85aeaf80d51f6d20eeceb49a79849cd1cfa7395425b,,,,
139310,KR7139310007,TIGER 금속선물(H),2011-04-08,2025-08-04,S&P GSCI Industrial Metals Select(TR),일반 (1),https://kind.krx.co.kr/disclosure/etfisudetail.do?method=searchEftIsuDetail&isuCd=KR7139310007,data/krx/kind_details/KR7139310007.html,94441afb5a69a4aba98b0c8325bc37b9ab457504a2faadacfb441d9e9320a2d9,,,,
139320,KR7139320006,TIGER 금은선물(H),2011-04-08,,,,https://data.krx.co.kr/comm/bldAttendant/getJsonData.cmd?bld=dbms/MDC/STAT/standard/MDCSTAT04601,data/krx/kind_details/KR7139320006.html,e3b0c44298fc1c149afbf4c8996fb92427ae41e4649b934ca495991b7852b855,listing_date_missing,https://data.krx.co.kr/comm/bldAttendant/getJsonData.cmd?bld=dbms/MDC/STAT/standard/MDCSTAT04601,data/krx/etf_authenticated_master.json,a212d774f6e92cd83e37826483d3e3532247f0a18afc0d68eff1db91f9e49e5f
0168K0,KR70168K0008,TIGER 기술이전바이오액티브,2026-03-17,,,,https://data.krx.co.kr/comm/bldAttendant/getJsonData.cmd?bld=dbms/MDC/STAT/standard/MDCSTAT04601,data/krx/kind_details/KR70168K0008.html,e3b0c44298fc1c149afbf4c8996fb92427ae41e4649b934ca495991b7852b855,listing_date_missing,https://data.krx.co.kr/comm/bldAttendant/getJsonData.cmd?bld=dbms/MDC/STAT/standard/MDCSTAT04601,data/krx/etf_authenticated_master.json,a212d774f6e92cd83e37826483d3e3532247f0a18afc0d68eff1db91f9e49e5f
137610,KR7137610002,TIGER 농산물선물Enhanced(H),2011-01-11,,,,https://data.krx.co.kr/comm/bldAttendant/getJsonData.cmd?bld=dbms/MDC/STAT/standard/MDCSTAT04601,data/krx/kind_details/KR7137610002.html,e3b0c44298fc1c149afbf4c8996fb92427ae41e4649b934ca495991b7852b855,listing_date_missing,https://data.krx.co.kr/comm/bldAttendant/getJsonData.cmd?bld=dbms/MDC/STAT/standard/MDCSTAT04601,data/krx/etf_authenticated_master.json,a212d774f6e92cd83e37826483d3e3532247f0a18afc0d68eff1db91f9e49e5f
182490,KR7182490003,TIGER 단기선진하이일드(합성 H),2014-03-24,,,,https://data.krx.co.kr/comm/bldAttendant/getJsonData.cmd?bld=dbms/MDC/STAT/standard/MDCSTAT04601,data/krx/kind_details/KR7182490003.html,e3b0c44298fc1c149afbf4c8996fb92427ae41e4649b934ca495991b7852b855,listing_date_missing,https://data.krx.co.kr/comm/bldAttendant/getJsonData.cmd?bld=dbms/MDC/STAT/standard/MDCSTAT04601,data/krx/etf_authenticated_master.json,a212d774f6e92cd83e37826483d3e3532247f0a18afc0d68eff1db91f9e49e5f
272580,KR7272580002,TIGER 단기채권액티브,2017-06-29,,,,https://data.krx.co.kr/comm/bldAttendant/getJsonData.cmd?bld=dbms/MDC/STAT/standard/MDCSTAT04601,data/krx/kind_details/KR7272580002.html,e3b0c44298fc1c149afbf4c8996fb92427ae41e4649b934ca495991b7852b855,listing_date_missing,https://data.krx.co.kr/comm/bldAttendant/getJsonData.cmd?bld=dbms/MDC/STAT/standard/MDCSTAT04601,data/krx/etf_authenticated_master.json,a212d774f6e92cd83e37826483d3e3532247f0a18afc0d68eff1db91f9e49e5f
157450,KR7157450008,TIGER 단기통안채,2012-05-16,,,,https://data.krx.co.kr/comm/bldAttendant/getJsonData.cmd?bld=dbms/MDC/STAT/standard/MDCSTAT04601,data/krx/kind_details/KR7157450008.html,e3b0c44298fc1c149afbf4c8996fb92427ae41e4649b934ca495991b7852b855,listing_date_missing,https://data.krx.co.kr/comm/bldAttendant/getJsonData.cmd?bld=dbms/MDC/STAT/standard/MDCSTAT04601,data/krx/etf_authenticated_master.json,a212d774f6e92cd83e37826483d3e3532247f0a18afc0d68eff1db91f9e49e5f
253990,KR7253990006,TIGER 대만TAIEX선물(H),2016-10-07,2020-06-23,TAIEX 지수,일반 (1),https://kind.krx.co.kr/disclosure/etfisudetail.do?method=searchEftIsuDetail&isuCd=KR7253990006,data/krx/kind_authenticated_followup/KR7253990006.html,f9793bd3dbbfd44600e76fc962121950d768d5705ba5eed07526a47559668e30,,https://kind.krx.co.kr/disclosure/etfisudetail.do?method=searchEftIsuDetail&isuCd=KR7253990006,data/krx/kind_authenticated_followup/KR7253990006.html,f9793bd3dbbfd44600e76fc962121950d768d5705ba5eed07526a47559668e30
292110,KR7292110004,TIGER 대형가치,2018-03-30,2021-05-07,FnGuide 대형가치 지수,일반 (1),https://kind.krx.co.kr/disclosure/etfisudetail.do?method=searchEftIsuDetail&isuCd=KR7292110004,data/krx/kind_details/KR7292110004.html,2741453affa873214d2616a500ee305202b1ecbea072b48a15a57653f1e084a2,,,,
292100,KR7292100005,TIGER 대형성장,2018-03-30,2021-05-07,FnGuide 대형성장 지수,일반 (1),https://kind.krx.co.kr/disclosure/etfisudetail.do?method=searchEftIsuDetail&isuCd=KR7292100005,data/krx/kind_details/KR7292100005.html,0cb03619a832d765fac4f0afdc6db881ae44dfad77f84e62770addf062d72cd9,,,,
105010,KR7105010003,TIGER 라틴35,2008-08-27,,BNY Latin America 35 ADR Index,일반 (1),https://kind.krx.co.kr/disclosure/etfisudetail.do?method=searchEftIsuDetail&isuCd=KR7105010003,data/krx/kind_details/KR7105010003.html,60c5702ea82214cc15c4ab3b41f85b884ab266a2a65bf1610b99c770c8495a9f,,,,
123320,KR7123320004,TIGER 레버리지,2010-04-09,,,,https://data.krx.co.kr/comm/bldAttendant/getJsonData.cmd?bld=dbms/MDC/STAT/standard/MDCSTAT04601,data/krx/kind_details/KR7123320004.html,e3b0c44298fc1c149afbf4c8996fb92427ae41e4649b934ca495991b7852b855,listing_date_missing,https://data.krx.co.kr/comm/bldAttendant/getJsonData.cmd?bld=dbms/MDC/STAT/standard/MDCSTAT04601,data/krx/etf_authenticated_master.json,a212d774f6e92cd83e37826483d3e3532247f0a18afc0d68eff1db91f9e49e5f
174350,KR7174350009,TIGER 로우볼,2013-06-20,,,,https://data.krx.co.kr/comm/bldAttendant/getJsonData.cmd?bld=dbms/MDC/STAT/standard/MDCSTAT04601,data/krx/kind_details/KR7174350009.html,e3b0c44298fc1c149afbf4c8996fb92427ae41e4649b934ca495991b7852b855,listing_date_missing,https://data.krx.co.kr/comm/bldAttendant/getJsonData.cmd?bld=dbms/MDC/STAT/standard/MDCSTAT04601,data/krx/etf_authenticated_master.json,a212d774f6e92cd83e37826483d3e3532247f0a18afc0d68eff1db91f9e49e5f
329200,KR7329200000,TIGER 리츠부동산인프라,2019-07-19,,FnGuide 리츠부동산인프라,일반 (1),https://kind.krx.co.kr/disclosure/etfisudetail.do?method=searchEftIsuDetail&isuCd=KR7329200000,data/krx/kind_details/KR7329200000.html,0c2cdb75adb905d8cf991b3e37c7c06c62893763707c1ebd44d2ed40223a5c1b,,,,
0086C0,KR70086C0007,TIGER 리츠부동산인프라10채권혼합액티브,2025-07-29,,,,https://data.krx.co.kr/comm/bldAttendant/getJsonData.cmd?bld=dbms/MDC/STAT/standard/MDCSTAT04601,data/krx/kind_details/KR70086C0007.html,e3b0c44298fc1c149afbf4c8996fb92427ae41e4649b934ca495991b7852b855,listing_date_missing,https://data.krx.co.kr/comm/bldAttendant/getJsonData.cmd?bld=dbms/MDC/STAT/standard/MDCSTAT04601,data/krx/etf_authenticated_master.json,a212d774f6e92cd83e37826483d3e3532247f0a18afc0d68eff1db91f9e49e5f
0086B0,KR70086B0008,TIGER 리츠부동산인프라TOP10액티브,2025-07-29,,KEDI 리츠부동산인프라TOP10지수 (Price Return),일반 (1),https://kind.krx.co.kr/disclosure/etfisudetail.do?method=searchEftIsuDetail&isuCd=KR70086B0008,data/krx/kind_details/KR70086B0008.html,2b018a564d5a9bfd9f70a2f45f0c34f6a0c0365a2ed1edb9888516ce55544645,,,,
341850,KR7341850006,TIGER 리츠부동산인프라채권,2020-05-22,,,,https://data.krx.co.kr/comm/bldAttendant/getJsonData.cmd?bld=dbms/MDC/STAT/standard/MDCSTAT04601,data/krx/kind_details/KR7341850006.html,e3b0c44298fc1c149afbf4c8996fb92427ae41e4649b934ca495991b7852b855,listing_date_missing,https://data.krx.co.kr/comm/bldAttendant/getJsonData.cmd?bld=dbms/MDC/STAT/standard/MDCSTAT04601,data/krx/etf_authenticated_master.json,a212d774f6e92cd83e37826483d3e3532247f0a18afc0d68eff1db91f9e49e5f
0043B0,KR70043B0000,TIGER 머니마켓액티브,2025-04-22,,KIS-미래에셋 MMF지수,일반 (1),https://kind.krx.co.kr/disclosure/etfisudetail.do?method=searchEftIsuDetail&isuCd=KR70043B0000,data/krx/kind_details/KR70043B0000.html,4e19a6ec9b1c57c5d434de17975f3e749f3fcb06692e297da331200a72a6a68a,,,,
147970,KR7147970008,TIGER 모멘텀,2011-10-26,,,,https://data.krx.co.kr/comm/bldAttendant/getJsonData.cmd?bld=dbms/MDC/STAT/standard/MDCSTAT04601,data/krx/kind_details/KR7147970008.html,e3b0c44298fc1c149afbf4c8996fb92427ae41e4649b934ca495991b7852b855,listing_date_missing,https://data.krx.co.kr/comm/bldAttendant/getJsonData.cmd?bld=dbms/MDC/STAT/standard/MDCSTAT04601,data/krx/etf_authenticated_master.json,a212d774f6e92cd83e37826483d3e3532247f0a18afc0d68eff1db91f9e49e5f
458250,KR7458250008,TIGER 미국30년국채스트립액티브(합성 H),2023-05-31,,,,https://data.krx.co.kr/comm/bldAttendant/getJsonData.cmd?bld=dbms/MDC/STAT/standard/MDCSTAT04601,data/krx/kind_details/KR7458250008.html,e3b0c44298fc1c149afbf4c8996fb92427ae41e4649b934ca495991b7852b855,listing_date_missing,https://data.krx.co.kr/comm/bldAttendant/getJsonData.cmd?bld=dbms/MDC/STAT/standard/MDCSTAT04601,data/krx/etf_authenticated_master.json,a212d774f6e92cd83e37826483d3e3532247f0a18afc0d68eff1db91f9e49e5f
476550,KR7476550009,TIGER 미국30년국채커버드콜액티브(H),2024-02-27,,KEDI 미국채30년 위클리 커버드콜30 지수(Total Return),일반 (1),https://kind.krx.co.kr/disclosure/etfisudetail.do?method=searchEftIsuDetail&isuCd=KR7476550009,data/krx/kind_details/KR7476550009.html,6439e8a447a452a87ca22c21e75de615a99bdebb47579774bcd544fbc818ac2a,,,,
0142D0,KR70142D0008,TIGER 미국AI데이터센터TOP4Plus,2025-12-09,,,,https://data.krx.co.kr/comm/bldAttendant/getJsonData.cmd?bld=dbms/MDC/STAT/standard/MDCSTAT04601,data/krx/kind_details/KR70142D0008.html,e3b0c44298fc1c149afbf4c8996fb92427ae41e4649b934ca495991b7852b855,listing_date_missing,https://data.krx.co.kr/comm/bldAttendant/getJsonData.cmd?bld=dbms/MDC/STAT/standard/MDCSTAT04601,data/krx/etf_authenticated_master.json,a212d774f6e92cd83e37826483d3e3532247f0a18afc0d68eff1db91f9e49e5f
491830,KR7491830006,TIGER 미국AI반도체팹리스,2024-09-24,,,,https://data.krx.co.kr/comm/bldAttendant/getJsonData.cmd?bld=dbms/MDC/STAT/standard/MDCSTAT04601,data/krx/kind_details/KR7491830006.html,e3b0c44298fc1c149afbf4c8996fb92427ae41e4649b934ca495991b7852b855,listing_date_missing,https://data.krx.co.kr/comm/bldAttendant/getJsonData.cmd?bld=dbms/MDC/STAT/standard/MDCSTAT04601,data/krx/etf_authenticated_master.json,a212d774f6e92cd83e37826483d3e3532247f0a18afc0d68eff1db91f9e49e5f
490090,KR7490090008,TIGER 미국AI빅테크10,2024-08-27,,KEDI 미국AI빅테크10 지수(PR),일반 (1),https://kind.krx.co.kr/disclosure/etfisudetail.do?method=searchEftIsuDetail&isuCd=KR7490090008,data/krx/kind_details/KR7490090008.html,e627351ad361582196b938fd313e1d100228830f9e0aca66d72f3173d2a60b8f,,,,
493810,KR7493810006,TIGER 미국AI빅테크10타겟데일리커버드콜,2024-10-15,,,,https://data.krx.co.kr/comm/bldAttendant/getJsonData.cmd?bld=dbms/MDC/STAT/standard/MDCSTAT04601,data/krx/kind_details/KR7493810006.html,e3b0c44298fc1c149afbf4c8996fb92427ae41e4649b934ca495991b7852b855,listing_date_missing,https://data.krx.co.kr/comm/bldAttendant/getJsonData.cmd?bld=dbms/MDC/STAT/standard/MDCSTAT04601,data/krx/etf_authenticated_master.json,a212d774f6e92cd83e37826483d3e3532247f0a18afc0d68eff1db91f9e49e5f
0102A0,KR70102A0009,TIGER 미국AI소프트웨어TOP4Plus,2025-09-09,,,,https://data.krx.co.kr/comm/bldAttendant/getJsonData.cmd?bld=dbms/MDC/STAT/standard/MDCSTAT04601,data/krx/kind_details/KR70102A0009.html,e3b0c44298fc1c149afbf4c8996fb92427ae41e4649b934ca495991b7852b855,listing_date_missing,https://data.krx.co.kr/comm/bldAttendant/getJsonData.cmd?bld=dbms/MDC/STAT/standard/MDCSTAT04601,data/krx/etf_authenticated_master.json,a212d774f6e92cd83e37826483d3e3532247f0a18afc0d68eff1db91f9e49e5f
0123G0,KR70123G0008,TIGER 미국AI전력SMR,2025-11-04,,,,https://data.krx.co.kr/comm/bldAttendant/getJsonData.cmd?bld=dbms/MDC/STAT/standard/MDCSTAT04601,data/krx/kind_details/KR70123G0008.html,e3b0c44298fc1c149afbf4c8996fb92427ae41e4649b934ca495991b7852b855,listing_date_missing,https://data.krx.co.kr/comm/bldAttendant/getJsonData.cmd?bld=dbms/MDC/STAT/standard/MDCSTAT04601,data/krx/etf_authenticated_master.json,a212d774f6e92cd83e37826483d3e3532247f0a18afc0d68eff1db91f9e49e5f
182480,KR7182480004,TIGER 미국MSCI리츠(합성 H),2013-10-10,,,,https://data.krx.co.kr/comm/bldAttendant/getJsonData.cmd?bld=dbms/MDC/STAT/standard/MDCSTAT04601,data/krx/kind_details/KR7182480004.html,e3b0c44298fc1c149afbf4c8996fb92427ae41e4649b934ca495991b7852b855,listing_date_missing,https://data.krx.co.kr/comm/bldAttendant/getJsonData.cmd?bld=dbms/MDC/STAT/standard/MDCSTAT04601,data/krx/etf_authenticated_master.json,a212d774f6e92cd83e37826483d3e3532247f0a18afc0d68eff1db91f9e49e5f
360750,KR7360750004,TIGER 미국S&P500,2020-08-07,,,,https://data.krx.co.kr/comm/bldAttendant/getJsonData.cmd?bld=dbms/MDC/STAT/standard/MDCSTAT04601,data/krx/kind_details/KR7360750004.html,e3b0c44298fc1c149afbf4c8996fb92427ae41e4649b934ca495991b7852b855,listing_date_missing,https://data.krx.co.kr/comm/bldAttendant/getJsonData.cmd?bld=dbms/MDC/STAT/standard/MDCSTAT04601,data/krx/etf_authenticated_master.json,a212d774f6e92cd83e37826483d3e3532247f0a18afc0d68eff1db91f9e49e5f
448290,KR7448290007,TIGER 미국S&P500(H),2022-11-25,,,,https://data.krx.co.kr/comm/bldAttendant/getJsonData.cmd?bld=dbms/MDC/STAT/standard/MDCSTAT04601,data/krx/kind_details/KR7448290007.html,e3b0c44298fc1c149afbf4c8996fb92427ae41e4649b934ca495991b7852b855,listing_date_missing,https://data.krx.co.kr/comm/bldAttendant/getJsonData.cmd?bld=dbms/MDC/STAT/standard/MDCSTAT04601,data/krx/etf_authenticated_master.json,a212d774f6e92cd83e37826483d3e3532247f0a18afc0d68eff1db91f9e49e5f
488500,KR7488500000,TIGER 미국S&P500동일가중,2024-07-23,,,,https://data.krx.co.kr/comm/bldAttendant/getJsonData.cmd?bld=dbms/MDC/STAT/standard/MDCSTAT04601,data/krx/kind_details/KR7488500000.html,e3b0c44298fc1c149afbf4c8996fb92427ae41e4649b934ca495991b7852b855,listing_date_missing,https://data.krx.co.kr/comm/bldAttendant/getJsonData.cmd?bld=dbms/MDC/STAT/standard/MDCSTAT04601,data/krx/etf_authenticated_master.json,a212d774f6e92cd83e37826483d3e3532247f0a18afc0d68eff1db91f9e49e5f
225040,KR7225040005,TIGER 미국S&P500레버리지(합성 H),2015-07-29,,,,https://data.krx.co.kr/comm/bldAttendant/getJsonData.cmd?bld=dbms/MDC/STAT/standard/MDCSTAT04601,data/krx/kind_details/KR7225040005.html,e3b0c44298fc1c149afbf4c8996fb92427ae41e4649b934ca495991b7852b855,listing_date_missing,https://data.krx.co.kr/comm/bldAttendant/getJsonData.cmd?bld=dbms/MDC/STAT/standard/MDCSTAT04601,data/krx/etf_authenticated_master.json,a212d774f6e92cd83e37826483d3e3532247f0a18afc0d68eff1db91f9e49e5f
0238P0,KR70238P0009,TIGER 미국S&P500미국채혼합50,2026-09-08,,,,https://data.krx.co.kr/comm/bldAttendant/getJsonData.cmd?bld=dbms/MDC/STAT/standard/MDCSTAT04601,data/krx/kind_details/KR70238P0009.html,e3b0c44298fc1c149afbf4c8996fb92427ae41e4649b934ca495991b7852b855,listing_date_missing,https://data.krx.co.kr/comm/bldAttendant/getJsonData.cmd?bld=dbms/MDC/STAT/standard/MDCSTAT04601,data/krx/etf_authenticated_master.json,a212d774f6e92cd83e37826483d3e3532247f0a18afc0d68eff1db91f9e49e5f
429000,KR7429000003,TIGER 미국S&P500배당귀족,2022-05-17,,,,https://data.krx.co.kr/comm/bldAttendant/getJsonData.cmd?bld=dbms/MDC/STAT/standard/MDCSTAT04601,data/krx/kind_details/KR7429000003.html,e3b0c44298fc1c149afbf4c8996fb92427ae41e4649b934ca495991b7852b855,listing_date_missing,https://data.krx.co.kr/comm/bldAttendant/getJsonData.cmd?bld=dbms/MDC/STAT/standard/MDCSTAT04601,data/krx/etf_authenticated_master.json,a212d774f6e92cd83e37826483d3e3532247f0a18afc0d68eff1db91f9e49e5f
143850,KR7143850006,TIGER 미국S&P500선물(H),2011-07-18,,,,https://data.krx.co.kr/comm/bldAttendant/getJsonData.cmd?bld=dbms/MDC/STAT/standard/MDCSTAT04601,data/krx/kind_details/KR7143850006.html,e3b0c44298fc1c149afbf4c8996fb92427ae41e4649b934ca495991b7852b855,listing_date_missing,https://data.krx.co.kr/comm/bldAttendant/getJsonData.cmd?bld=dbms/MDC/STAT/standard/MDCSTAT04601,data/krx/etf_authenticated_master.json,a212d774f6e92cd83e37826483d3e3532247f0a18afc0d68eff1db91f9e49e5f
225030,KR7225030006,TIGER 미국S&P500선물인버스(H),2015-07-29,,,,https://data.krx.co.kr/comm/bldAttendant/getJsonData.cmd?bld=dbms/MDC/STAT/standard/MDCSTAT04601,data/krx/kind_details/KR7225030006.html,e3b0c44298fc1c149afbf4c8996fb92427ae41e4649b934ca495991b7852b855,listing_date_missing,https://data.krx.co.kr/comm/bldAttendant/getJsonData.cmd?bld=dbms/MDC/STAT/standard/MDCSTAT04601,data/krx/etf_authenticated_master.json,a212d774f6e92cd83e37826483d3e3532247f0a18afc0d68eff1db91f9e49e5f
482730,KR7482730009,TIGER 미국S&P500타겟데일리커버드콜,2024-05-21,,,,https://data.krx.co.kr/comm/bldAttendant/getJsonData.cmd?bld=dbms/MDC/STAT/standard/MDCSTAT04601,data/krx/kind_details/KR7482730009.html,e3b0c44298fc1c149afbf4c8996fb92427ae41e4649b934ca495991b7852b855,listing_date_missing,https://data.krx.co.kr/comm/bldAttendant/getJsonData.cmd?bld=dbms/MDC/STAT/standard/MDCSTAT04601,data/krx/etf_authenticated_master.json,a212d774f6e92cd83e37826483d3e3532247f0a18afc0d68eff1db91f9e49e5f
133690,KR7133690008,TIGER 미국나스닥100,2010-10-18,,,,https://data.krx.co.kr/comm/bldAttendant/getJsonData.cmd?bld=dbms/MDC/STAT/standard/MDCSTAT04601,data/krx/kind_details/KR7133690008.html,e3b0c44298fc1c149afbf4c8996fb92427ae41e4649b934ca495991b7852b855,listing_date_missing,https://data.krx.co.kr/comm/bldAttendant/getJsonData.cmd?bld=dbms/MDC/STAT/standard/MDCSTAT04601,data/krx/etf_authenticated_master.json,a212d774f6e92cd83e37826483d3e3532247f0a18afc0d68eff1db91f9e49e5f
448300,KR7448300004,TIGER 미국나스닥100(H),2022-11-25,,,,https://data.krx.co.kr/comm/bldAttendant/getJsonData.cmd?bld=dbms/MDC/STAT/standard/MDCSTAT04601,data/krx/kind_details/KR7448300004.html,e3b0c44298fc1c149afbf4c8996fb92427ae41e4649b934ca495991b7852b855,listing_date_missing,https://data.krx.co.kr/comm/bldAttendant/getJsonData.cmd?bld=dbms/MDC/STAT/standard/MDCSTAT04601,data/krx/etf_authenticated_master.json,a212d774f6e92cd83e37826483d3e3532247f0a18afc0d68eff1db91f9e49e5f
483240,KR7483240008,TIGER 미국나스닥100ETF선물,2024-11-19,2026-06-09,KRX 나스닥 100 ETF 선물지수,일반 (1),https://kind.krx.co.kr/disclosure/etfisudetail.do?method=searchEftIsuDetail&isuCd=KR7483240008,data/krx/kind_authenticated_followup/KR7483240008.html,7f49a32be668d9fd500be83397fca373bdb3943ba06e5983035a3de96a2a9cde,,https://kind.krx.co.kr/disclosure/etfisudetail.do?method=searchEftIsuDetail&isuCd=KR7483240008,data/krx/kind_authenticated_followup/KR7483240008.html,7f49a32be668d9fd500be83397fca373bdb3943ba06e5983035a3de96a2a9cde
418660,KR7418660007,TIGER 미국나스닥100레버리지(합성),2022-02-22,,,,https://data.krx.co.kr/comm/bldAttendant/getJsonData.cmd?bld=dbms/MDC/STAT/standard/MDCSTAT04601,data/krx/kind_details/KR7418660007.html,e3b0c44298fc1c149afbf4c8996fb92427ae41e4649b934ca495991b7852b855,listing_date_missing,https://data.krx.co.kr/comm/bldAttendant/getJsonData.cmd?bld=dbms/MDC/STAT/standard/MDCSTAT04601,data/krx/etf_authenticated_master.json,a212d774f6e92cd83e37826483d3e3532247f0a18afc0d68eff1db91f9e49e5f
435420,KR7435420005,TIGER 미국나스닥100채권혼합50,2022-07-06,,,,https://data.krx.co.kr/comm/bldAttendant/getJsonData.cmd?bld=dbms/MDC/STAT/standard/MDCSTAT04601,data/krx/kind_details/KR7435420005.html,e3b0c44298fc1c149afbf4c8996fb92427ae41e4649b934ca495991b7852b855,listing_date_missing,https://data.krx.co.kr/comm/bldAttendant/getJsonData.cmd?bld=dbms/MDC/STAT/standard/MDCSTAT04601,data/krx/etf_authenticated_master.json,a212d774f6e92cd83e37826483d3e3532247f0a18afc0d68eff1db91f9e49e5f
441680,KR7441680006,TIGER 미국나스닥100커버드콜(합성),2022-09-22,,,,https://data.krx.co.kr/comm/bldAttendant/getJsonData.cmd?bld=dbms/MDC/STAT/standard/MDCSTAT04601,data/krx/kind_details/KR7441680006.html,e3b0c44298fc1c149afbf4c8996fb92427ae41e4649b934ca495991b7852b855,listing_date_missing,https://data.krx.co.kr/comm/bldAttendant/getJsonData.cmd?bld=dbms/MDC/STAT/standard/MDCSTAT04601,data/krx/etf_authenticated_master.json,a212d774f6e92cd83e37826483d3e3532247f0a18afc0d68eff1db91f9e49e5f
486290,KR7486290000,TIGER 미국나스닥100타겟데일리커버드콜,2024-06-25,,,,https://data.krx.co.kr/comm/bldAttendant/getJsonData.cmd?bld=dbms/MDC/STAT/standard/MDCSTAT04601,data/krx/kind_details/KR7486290000.html,e3b0c44298fc1c149afbf4c8996fb92427ae41e4649b934ca495991b7852b855,listing_date_missing,https://data.krx.co.kr/comm/bldAttendant/getJsonData.cmd?bld=dbms/MDC/STAT/standard/MDCSTAT04601,data/krx/etf_authenticated_master.json,a212d774f6e92cd83e37826483d3e3532247f0a18afc0d68eff1db91f9e49e5f
429010,KR7429010002,TIGER 미국나스닥넥스트100,2022-05-17,,,,https://data.krx.co.kr/comm/bldAttendant/getJsonData.cmd?bld=dbms/MDC/STAT/standard/MDCSTAT04601,data/krx/kind_details/KR7429010002.html,e3b0c44298fc1c149afbf4c8996fb92427ae41e4649b934ca495991b7852b855,listing_date_missing,https://data.krx.co.kr/comm/bldAttendant/getJsonData.cmd?bld=dbms/MDC/STAT/standard/MDCSTAT04601,data/krx/etf_authenticated_master.json,a212d774f6e92cd83e37826483d3e3532247f0a18afc0d68eff1db91f9e49e5f
203780,KR7203780002,TIGER 미국나스닥바이오,2014-08-27,,,,https://data.krx.co.kr/comm/bldAttendant/getJsonData.cmd?bld=dbms/MDC/STAT/standard/MDCSTAT04601,data/krx/kind_details/KR7203780002.html,e3b0c44298fc1c149afbf4c8996fb92427ae41e4649b934ca495991b7852b855,listing_date_missing,https://data.krx.co.kr/comm/bldAttendant/getJsonData.cmd?bld=dbms/MDC/STAT/standard/MDCSTAT04601,data/krx/etf_authenticated_master.json,a212d774f6e92cd83e37826483d3e3532247f0a18afc0d68eff1db91f9e49e5f
245340,KR7245340005,TIGER 미국다우존스30,2016-07-01,,,,https://data.krx.co.kr/comm/bldAttendant/getJsonData.cmd?bld=dbms/MDC/STAT/standard/MDCSTAT04601,data/krx/kind_details/KR7245340005.html,e3b0c44298fc1c149afbf4c8996fb92427ae41e4649b934ca495991b7852b855,listing_date_missing,https://data.krx.co.kr/comm/bldAttendant/getJsonData.cmd?bld=dbms/MDC/STAT/standard/MDCSTAT04601,data/krx/etf_authenticated_master.json,a212d774f6e92cd83e37826483d3e3532247f0a18afc0d68eff1db91f9e49e5f
456610,KR7456610005,TIGER 미국달러SOFR금리액티브(합성),2023-05-09,,,,https://data.krx.co.kr/comm/bldAttendant/getJsonData.cmd?bld=dbms/MDC/STAT/standard/MDCSTAT04601,data/krx/kind_details/KR7456610005.html,e3b0c44298fc1c149afbf4c8996fb92427ae41e4649b934ca495991b7852b855,listing_date_missing,https://data.krx.co.kr/comm/bldAttendant/getJsonData.cmd?bld=dbms/MDC/STAT/standard/MDCSTAT04601,data/krx/etf_authenticated_master.json,a212d774f6e92cd83e37826483d3e3532247f0a18afc0d68eff1db91f9e49e5f
329750,KR7329750004,TIGER 미국달러단기채권액티브,2019-07-24,,,,https://data.krx.co.kr/comm/bldAttendant/getJsonData.cmd?bld=dbms/MDC/STAT/standard/MDCSTAT04601,data/krx/kind_details/KR7329750004.html,e3b0c44298fc1c149afbf4c8996fb92427ae41e4649b934ca495991b7852b855,listing_date_missing,https://data.krx.co.kr/comm/bldAttendant/getJsonData.cmd?bld=dbms/MDC/STAT/standard/MDCSTAT04601,data/krx/etf_authenticated_master.json,a212d774f6e92cd83e37826483d3e3532247f0a18afc0d68eff1db91f9e49e5f
261110,KR7261110001,TIGER 미국달러선물레버리지,2016-12-27,,,,https://data.krx.co.kr/comm/bldAttendant/getJsonData.cmd?bld=dbms/MDC/STAT/standard/MDCSTAT04601,data/krx/kind_details/KR7261110001.html,e3b0c44298fc1c149afbf4c8996fb92427ae41e4649b934ca495991b7852b855,listing_date_missing,https://data.krx.co.kr/comm/bldAttendant/getJsonData.cmd?bld=dbms/MDC/STAT/standard/MDCSTAT04601,data/krx/etf_authenticated_master.json,a212d774f6e92cd83e37826483d3e3532247f0a18afc0d68eff1db91f9e49e5f
261120,KR7261120000,TIGER 미국달러선물인버스2X,2016-12-27,,,,https://data.krx.co.kr/comm/bldAttendant/getJsonData.cmd?bld=dbms/MDC/STAT/standard/MDCSTAT04601,data/krx/kind_details/KR7261120000.html,e3b0c44298fc1c149afbf4c8996fb92427ae41e4649b934ca495991b7852b855,listing_date_missing,https://data.krx.co.kr/comm/bldAttendant/getJsonData.cmd?bld=dbms/MDC/STAT/standard/MDCSTAT04601,data/krx/etf_authenticated_master.json,a212d774f6e92cd83e37826483d3e3532247f0a18afc0d68eff1db91f9e49e5f
494840,KR7494840002,TIGER 미국방산TOP10,2024-10-29,,Mirae Asset US Defense Top 10 Index(PR),일반 (1),https://kind.krx.co.kr/disclosure/etfisudetail.do?method=searchEftIsuDetail&isuCd=KR7494840002,data/krx/kind_details/KR7494840002.html,e177a0ad4fecc28f84ae6656bf2e832677fb6c18d89b5d230d6ceb81a91326b5,,,,
458730,KR7458730009,TIGER 미국배당다우존스,2023-06-20,,,,https://data.krx.co.kr/comm/bldAttendant/getJsonData.cmd?bld=dbms/MDC/STAT/standard/MDCSTAT04601,data/krx/kind_details/KR7458730009.html,e3b0c44298fc1c149afbf4c8996fb92427ae41e4649b934ca495991b7852b855,listing_date_missing,https://data.krx.co.kr/comm/bldAttendant/getJsonData.cmd?bld=dbms/MDC/STAT/standard/MDCSTAT04601,data/krx/etf_authenticated_master.json,a212d774f6e92cd83e37826483d3e3532247f0a18afc0d68eff1db91f9e49e5f
0008S0,KR70008S0004,TIGER 미국배당다우존스타겟데일리커버드콜,2025-01-21,,,,https://data.krx.co.kr/comm/bldAttendant/getJsonData.cmd?bld=dbms/MDC/STAT/standard/MDCSTAT04601,data/krx/kind_details/KR70008S0004.html,e3b0c44298fc1c149afbf4c8996fb92427ae41e4649b934ca495991b7852b855,listing_date_missing,https://data.krx.co.kr/comm/bldAttendant/getJsonData.cmd?bld=dbms/MDC/STAT/standard/MDCSTAT04601,data/krx/etf_authenticated_master.json,a212d774f6e92cd83e37826483d3e3532247f0a18afc0d68eff1db91f9e49e5f
458750,KR7458750007,TIGER 미국배당다우존스타겟커버드콜1호,2023-06-20,,,,https://data.krx.co.kr/comm/bldAttendant/getJsonData.cmd?bld=dbms/MDC/STAT/standard/MDCSTAT04601,data/krx/kind_details/KR7458750007.html,e3b0c44298fc1c149afbf4c8996fb92427ae41e4649b934ca495991b7852b855,listing_date_missing,https://data.krx.co.kr/comm/bldAttendant/getJsonData.cmd?bld=dbms/MDC/STAT/standard/MDCSTAT04601,data/krx/etf_authenticated_master.json,a212d774f6e92cd83e37826483d3e3532247f0a18afc0d68eff1db91f9e49e5f
458760,KR7458760006,TIGER 미국배당다우존스타겟커버드콜2호,2023-06-20,,,,https://data.krx.co.kr/comm/bldAttendant/getJsonData.cmd?bld=dbms/MDC/STAT/standard/MDCSTAT04601,data/krx/kind_details/KR7458760006.html,e3b0c44298fc1c149afbf4c8996fb92427ae41e4649b934ca495991b7852b855,listing_date_missing,https://data.krx.co.kr/comm/bldAttendant/getJsonData.cmd?bld=dbms/MDC/STAT/standard/MDCSTAT04601,data/krx/etf_authenticated_master.json,a212d774f6e92cd83e37826483d3e3532247f0a18afc0d68eff1db91f9e49e5f
0015K0,KR70015K0003,TIGER 미국소비트렌드액티브,2025-02-18,,,,https://data.krx.co.kr/comm/bldAttendant/getJsonData.cmd?bld=dbms/MDC/STAT/standard/MDCSTAT04601,data/krx/kind_details/KR70015K0003.html,e3b0c44298fc1c149afbf4c8996fb92427ae41e4649b934ca495991b7852b855,listing_date_missing,https://data.krx.co.kr/comm/bldAttendant/getJsonData.cmd?bld=dbms/MDC/STAT/standard/MDCSTAT04601,data/krx/etf_authenticated_master.json,a212d774f6e92cd83e37826483d3e3532247f0a18afc0d68eff1db91f9e49e5f
0183J0,KR70183J0002,TIGER 미국우주테크,2026-04-14,,,,https://data.krx.co.kr/comm/bldAttendant/getJsonData.cmd?bld=dbms/MDC/STAT/standard/MDCSTAT04601,data/krx/kind_details/KR70183J0002.html,e3b0c44298fc1c149afbf4c8996fb92427ae41e4649b934ca495991b7852b855,listing_date_missing,https://data.krx.co.kr/comm/bldAttendant/getJsonData.cmd?bld=dbms/MDC/STAT/standard/MDCSTAT04601,data/krx/etf_authenticated_master.json,a212d774f6e92cd83e37826483d3e3532247f0a18afc0d68eff1db91f9e49e5f
305080,KR7305080004,TIGER 미국채10년선물,2018-08-30,,S&P 10-Year U.S. Treasury Note Futures(ER),일반 (1),https://kind.krx.co.kr/disclosure/etfisudetail.do?method=searchEftIsuDetail&isuCd=KR7305080004,data/krx/kind_details/KR7305080004.html,9f7979bea8f1c0fb73a86a9dbf6ccb9cba2950f65fb31803b02920e250857585,,,,
0046A0,KR70046A0008,TIGER 미국초단기(3개월이하)국채,2025-04-29,,,,https://data.krx.co.kr/comm/bldAttendant/getJsonData.cmd?bld=dbms/MDC/STAT/standard/MDCSTAT04601,data/krx/kind_details/KR70046A0008.html,e3b0c44298fc1c149afbf4c8996fb92427ae41e4649b934ca495991b7852b855,listing_date_missing,https://data.krx.co.kr/comm/bldAttendant/getJsonData.cmd?bld=dbms/MDC/STAT/standard/MDCSTAT04601,data/krx/etf_authenticated_master.json,a212d774f6e92cd83e37826483d3e3532247f0a18afc0d68eff1db91f9e49e5f
465670,KR7465670008,TIGER 미국캐시카우100,2023-09-19,,,,https://data.krx.co.kr/comm/bldAttendant/getJsonData.cmd?bld=dbms/MDC/STAT/standard/MDCSTAT04601,data/krx/kind_details/KR7465670008.html,e3b0c44298fc1c149afbf4c8996fb92427ae41e4649b934ca495991b7852b855,listing_date_missing,https://data.krx.co.kr/comm/bldAttendant/getJsonData.cmd?bld=dbms/MDC/STAT/standard/MDCSTAT04601,data/krx/etf_authenticated_master.json,a212d774f6e92cd83e37826483d3e3532247f0a18afc0d68eff1db91f9e49e5f
0223R0,KR70223R0004,TIGER 미국테크NYSE100액티브,2026-07-21,,,,https://data.krx.co.kr/comm/bldAttendant/getJsonData.cmd?bld=dbms/MDC/STAT/standard/MDCSTAT04601,data/krx/kind_details/KR70223R0004.html,e3b0c44298fc1c149afbf4c8996fb92427ae41e4649b934ca495991b7852b855,listing_date_missing,https://data.krx.co.kr/comm/bldAttendant/getJsonData.cmd?bld=dbms/MDC/STAT/standard/MDCSTAT04601,data/krx/etf_authenticated_master.json,a212d774f6e92cd83e37826483d3e3532247f0a18afc0d68eff1db91f9e49e5f
381170,KR7381170000,TIGER 미국테크TOP10 INDXX,2021-04-09,,,,https://data.krx.co.kr/comm/bldAttendant/getJsonData.cmd?bld=dbms/MDC/STAT/standard/MDCSTAT04601,data/krx/kind_details/KR7381170000.html,e3b0c44298fc1c149afbf4c8996fb92427ae41e4649b934ca495991b7852b855,listing_date_missing,https://data.krx.co.kr/comm/bldAttendant/getJsonData.cmd?bld=dbms/MDC/STAT/standard/MDCSTAT04601,data/krx/etf_authenticated_master.json,a212d774f6e92cd83e37826483d3e3532247f0a18afc0d68eff1db91f9e49e5f
472160,KR7472160001,TIGER 미국테크TOP10 INDXX(H),2023-12-05,,Indxx US Tech Top 10 Index,일반 (1),https://kind.krx.co.kr/disclosure/etfisudetail.do?method=searchEftIsuDetail&isuCd=KR7472160001,data/krx/kind_details/KR7472160001.html,f2d0f73ade3e8e6179d35672d1063de24f6f1709d1ad7c0a3297b14a449ba2f6,,,,
472170,KR7472170000,TIGER 미국테크TOP10채권혼합,2023-12-05,,FnGuide 미국테크TOP10 채권혼합지수,일반 (1),https://kind.krx.co.kr/disclosure/etfisudetail.do?method=searchEftIsuDetail&isuCd=KR7472170000,data/krx/kind_details/KR7472170000.html,88e98025e57fe6d23b0dc8d25a7137e008202f4ad5b2917481669a5d419d830a,,,,
474220,KR7474220001,TIGER 미국테크TOP10타겟커버드콜,2024-01-16,,,,https://data.krx.co.kr/comm/bldAttendant/getJsonData.cmd?bld=dbms/MDC/STAT/standard/MDCSTAT04601,data/krx/kind_details/KR7474220001.html,e3b0c44298fc1c149afbf4c8996fb92427ae41e4649b934ca495991b7852b855,listing_date_missing,https://data.krx.co.kr/comm/bldAttendant/getJsonData.cmd?bld=dbms/MDC/STAT/standard/MDCSTAT04601,data/krx/etf_authenticated_master.json,a212d774f6e92cd83e37826483d3e3532247f0a18afc0d68eff1db91f9e49e5f
458260,KR7458260007,TIGER 미국투자등급회사채액티브(H),2023-05-31,,,,https://data.krx.co.kr/comm/bldAttendant/getJsonData.cmd?bld=dbms/MDC/STAT/standard/MDCSTAT04601,data/krx/kind_details/KR7458260007.html,e3b0c44298fc1c149afbf4c8996fb92427ae41e4649b934ca495991b7852b855,listing_date_missing,https://data.krx.co.kr/comm/bldAttendant/getJsonData.cmd?bld=dbms/MDC/STAT/standard/MDCSTAT04601,data/krx/etf_authenticated_master.json,a212d774f6e92cd83e37826483d3e3532247f0a18afc0d68eff1db91f9e49e5f
497570,KR7497570002,TIGER 미국필라델피아AI반도체나스닥,2024-11-26,,,,https://data.krx.co.kr/comm/bldAttendant/getJsonData.cmd?bld=dbms/MDC/STAT/standard/MDCSTAT04601,data/krx/kind_details/KR7497570002.html,e3b0c44298fc1c149afbf4c8996fb92427ae41e4649b934ca495991b7852b855,listing_date_missing,https://data.krx.co.kr/comm/bldAttendant/getJsonData.cmd?bld=dbms/MDC/STAT/standard/MDCSTAT04601,data/krx/etf_authenticated_master.json,a212d774f6e92cd83e37826483d3e3532247f0a18afc0d68eff1db91f9e49e5f
381180,KR7381180009,TIGER 미국필라델피아반도체나스닥,2021-04-09,,PHLX Semiconductor Sector Index,일반 (1),https://kind.krx.co.kr/disclosure/etfisudetail.do?method=searchEftIsuDetail&isuCd=KR7381180009,data/krx/kind_details/KR7381180009.html,7a1bf492a78f8667d802efbf648174e0bcf99b428fc7e0771ada478b2d4bdcd8,,,,
423920,KR7423920008,TIGER 미국필라델피아반도체레버리지(합성),2022-04-19,,,,https://data.krx.co.kr/comm/bldAttendant/getJsonData.cmd?bld=dbms/MDC/STAT/standard/MDCSTAT04601,data/krx/kind_details/KR7423920008.html,e3b0c44298fc1c149afbf4c8996fb92427ae41e4649b934ca495991b7852b855,listing_date_missing,https://data.krx.co.kr/comm/bldAttendant/getJsonData.cmd?bld=dbms/MDC/STAT/standard/MDCSTAT04601,data/krx/etf_authenticated_master.json,a212d774f6e92cd83e37826483d3e3532247f0a18afc0d68eff1db91f9e49e5f
097720,KR7097720007,TIGER 미드캡,2007-07-31,2015-12-15,MKF 중형 가치,일반 (1),https://kind.krx.co.kr/disclosure/etfisudetail.do?method=searchEftIsuDetail&isuCd=KR7097720007,data/krx/kind_authenticated_followup/KR7097720007.html,2017b20506461475fc732e275f12c3eba941a63e8feb1a3f3e396eb529a16341,,https://kind.krx.co.kr/disclosure/etfisudetail.do?method=searchEftIsuDetail&isuCd=KR7097720007,data/krx/kind_authenticated_followup/KR7097720007.html,2017b20506461475fc732e275f12c3eba941a63e8feb1a3f3e396eb529a16341
228810,KR7228810008,TIGER 미디어컨텐츠,2015-10-07,,WISE 미디어컨텐츠 지수,일반 (1),https://kind.krx.co.kr/disclosure/etfisudetail.do?method=searchEftIsuDetail&isuCd=KR7228810008,data/krx/kind_details/KR7228810008.html,cc56bc6c69034dd89e518b96a9f09057cb33363ab6f65ad3da8cc9336659912e,,,,
364970,KR7364970004,TIGER 바이오TOP10,2020-10-07,,,,https://data.krx.co.kr/comm/bldAttendant/getJsonData.cmd?bld=dbms/MDC/STAT/standard/MDCSTAT04601,data/krx/kind_details/KR7364970004.html,e3b0c44298fc1c149afbf4c8996fb92427ae41e4649b934ca495991b7852b855,listing_date_missing,https://data.krx.co.kr/comm/bldAttendant/getJsonData.cmd?bld=dbms/MDC/STAT/standard/MDCSTAT04601,data/krx/etf_authenticated_master.json,a212d774f6e92cd83e37826483d3e3532247f0a18afc0d68eff1db91f9e49e5f
091230,KR7091230003,TIGER 반도체,2006-06-27,,KRX 반도체,일반 (1),https://kind.krx.co.kr/disclosure/etfisudetail.do?method=searchEftIsuDetail&isuCd=KR7091230003,data/krx/kind_details/KR7091230003.html,5c9249b76a4cdb2cdfce57b25d32a7485559bf2161d0b53a5b38f292cf1b9073,,,,
396500,KR7396500001,TIGER 반도체TOP10,2021-08-10,,FnGuide 반도체TOP10 지수,일반 (1),https://kind.krx.co.kr/disclosure/etfisudetail.do?method=searchEftIsuDetail&isuCd=KR7396500001,data/krx/kind_details/KR7396500001.html,4e5c186b3755e35163bdcebc4b4a208522f96700bd21a3ac9f8983202cccfbb2,,,,
488080,KR7488080003,TIGER 반도체TOP10레버리지,2024-07-23,,FnGuide 반도체TOP10레버리지(2x) 지수(PR),2X 레버리지 (2),https://kind.krx.co.kr/disclosure/etfisudetail.do?method=searchEftIsuDetail&isuCd=KR7488080003,data/krx/kind_details/KR7488080003.html,f128fc7bbd66b125c870f0446492ae35c605a213be547a6b90bbe52270beb2bb,,,,
0177R0,KR70177R0000,TIGER 반도체TOP10커버드콜액티브,2026-04-21,,,,https://data.krx.co.kr/comm/bldAttendant/getJsonData.cmd?bld=dbms/MDC/STAT/standard/MDCSTAT04601,data/krx/kind_details/KR70177R0000.html,e3b0c44298fc1c149afbf4c8996fb92427ae41e4649b934ca495991b7852b855,listing_date_missing,https://data.krx.co.kr/comm/bldAttendant/getJsonData.cmd?bld=dbms/MDC/STAT/standard/MDCSTAT04601,data/krx/etf_authenticated_master.json,a212d774f6e92cd83e37826483d3e3532247f0a18afc0d68eff1db91f9e49e5f
098560,KR7098560006,TIGER 방송통신,2007-09-07,2025-12-04,KRX 방송통신,일반 (1),https://kind.krx.co.kr/disclosure/etfisudetail.do?method=searchEftIsuDetail&isuCd=KR7098560006,data/krx/kind_authenticated_followup/KR7098560006.html,38e2c67c1db305f1c6ce7090b429162112601d29318593a1bc82561fbe553b5f,,https://kind.krx.co.kr/disclosure/etfisudetail.do?method=searchEftIsuDetail&isuCd=KR7098560006,data/krx/kind_authenticated_followup/KR7098560006.html,38e2c67c1db305f1c6ce7090b429162112601d29318593a1bc82561fbe553b5f
211560,KR7211560008,TIGER 배당성장,2014-12-17,,,,https://data.krx.co.kr/comm/bldAttendant/getJsonData.cmd?bld=dbms/MDC/STAT/standard/MDCSTAT04601,data/krx/kind_details/KR7211560008.html,e3b0c44298fc1c149afbf4c8996fb92427ae41e4649b934ca495991b7852b855,listing_date_missing,https://data.krx.co.kr/comm/bldAttendant/getJsonData.cmd?bld=dbms/MDC/STAT/standard/MDCSTAT04601,data/krx/etf_authenticated_master.json,a212d774f6e92cd83e37826483d3e3532247f0a18afc0d68eff1db91f9e49e5f
472150,KR7472150002,TIGER 배당커버드콜액티브,2023-12-12,,,,https://data.krx.co.kr/comm/bldAttendant/getJsonData.cmd?bld=dbms/MDC/STAT/standard/MDCSTAT04601,data/krx/kind_details/KR7472150002.html,e3b0c44298fc1c149afbf4c8996fb92427ae41e4649b934ca495991b7852b855,listing_date_missing,https://data.krx.co.kr/comm/bldAttendant/getJsonData.cmd?bld=dbms/MDC/STAT/standard/MDCSTAT04601,data/krx/etf_authenticated_master.json,a212d774f6e92cd83e37826483d3e3532247f0a18afc0d68eff1db91f9e49e5f
170350,KR7170350003,TIGER 베타플러스,2013-01-17,2021-05-07,FnGuide 베타플러스 지수,일반 (1),https://kind.krx.co.kr/disclosure/etfisudetail.do?method=searchEftIsuDetail&isuCd=KR7170350003,data/krx/kind_authenticated_followup/KR7170350003.html,3ea9bdfd40d70ca2f90819a1009f2bc8b1f1226ba0add6810e37ee2b03ca6bc8,,https://kind.krx.co.kr/disclosure/etfisudetail.do?method=searchEftIsuDetail&isuCd=KR7170350003,data/krx/kind_authenticated_followup/KR7170350003.html,3ea9bdfd40d70ca2f90819a1009f2bc8b1f1226ba0add6810e37ee2b03ca6bc8
105020,KR7105020002,TIGER 브릭스,2008-08-27,2015-02-23,BNY BRIC Select ADR,일반 (1),https://kind.krx.co.kr/disclosure/etfisudetail.do?method=searchEftIsuDetail&isuCd=KR7105020002,data/krx/kind_authenticated_followup/KR7105020002.html,49bff1b390b048545ca596c9341c2e906c10247be069f5c38918212bd1a87f89,,https://kind.krx.co.kr/disclosure/etfisudetail.do?method=searchEftIsuDetail&isuCd=KR7105020002,data/krx/kind_authenticated_followup/KR7105020002.html,49bff1b390b048545ca596c9341c2e906c10247be069f5c38918212bd1a87f89
139300,KR7139300008,TIGER 블루칩30,2011-04-08,2013-06-26,MKF 블루칩30 지수,일반 (1),https://kind.krx.co.kr/disclosure/etfisudetail.do?method=searchEftIsuDetail&isuCd=KR7139300008,data/krx/kind_authenticated_followup/KR7139300008.html,de7fd63e0f2b6b365cc79581d441ed4c392c9da112ed39c5d871ef3af3863952,,https://kind.krx.co.kr/disclosure/etfisudetail.do?method=searchEftIsuDetail&isuCd=KR7139300008,data/krx/kind_authenticated_followup/KR7139300008.html,de7fd63e0f2b6b365cc79581d441ed4c392c9da112ed39c5d871ef3af3863952
138520,KR7138520002,TIGER 삼성그룹,2011-03-07,,,,https://data.krx.co.kr/comm/bldAttendant/getJsonData.cmd?bld=dbms/MDC/STAT/standard/MDCSTAT04601,data/krx/kind_details/KR7138520002.html,e3b0c44298fc1c149afbf4c8996fb92427ae41e4649b934ca495991b7852b855,listing_date_missing,https://data.krx.co.kr/comm/bldAttendant/getJsonData.cmd?bld=dbms/MDC/STAT/standard/MDCSTAT04601,data/krx/etf_authenticated_master.json,a212d774f6e92cd83e37826483d3e3532247f0a18afc0d68eff1db91f9e49e5f
0233J0,KR70233J0002,TIGER 삼성전자SK하이닉스미국채혼합50,2026-08-25,,,,https://data.krx.co.kr/comm/bldAttendant/getJsonData.cmd?bld=dbms/MDC/STAT/standard/MDCSTAT04601,data/krx/kind_details/KR70233J0002.html,e3b0c44298fc1c149afbf4c8996fb92427ae41e4649b934ca495991b7852b855,listing_date_missing,https://data.krx.co.kr/comm/bldAttendant/getJsonData.cmd?bld=dbms/MDC/STAT/standard/MDCSTAT04601,data/krx/etf_authenticated_master.json,a212d774f6e92cd83e37826483d3e3532247f0a18afc0d68eff1db91f9e49e5f
0195R0,KR70195R0008,TIGER 삼성전자단일종목레버리지,2026-05-27,,,,https://data.krx.co.kr/comm/bldAttendant/getJsonData.cmd?bld=dbms/MDC/STAT/standard/MDCSTAT04601,data/krx/kind_details/KR70195R0008.html,e3b0c44298fc1c149afbf4c8996fb92427ae41e4649b934ca495991b7852b855,listing_date_missing,https://data.krx.co.kr/comm/bldAttendant/getJsonData.cmd?bld=dbms/MDC/STAT/standard/MDCSTAT04601,data/krx/etf_authenticated_master.json,a212d774f6e92cd83e37826483d3e3532247f0a18afc0d68eff1db91f9e49e5f
152180,KR7152180006,TIGER 생활필수품,2012-01-17,2018-12-18,FnGuide 생활필수품 지수,일반 (1),https://kind.krx.co.kr/disclosure/etfisudetail.do?method=searchEftIsuDetail&isuCd=KR7152180006,data/krx/kind_details/KR7152180006.html,6624e5db8651296f884ff21139fe526c79a112e783e580633231c86fbef7e3fe,,,,
157490,KR7157490004,TIGER 소프트웨어,2012-05-16,,,,https://data.krx.co.kr/comm/bldAttendant/getJsonData.cmd?bld=dbms/MDC/STAT/standard/MDCSTAT04601,data/krx/kind_details/KR7157490004.html,e3b0c44298fc1c149afbf4c8996fb92427ae41e4649b934ca495991b7852b855,listing_date_missing,https://data.krx.co.kr/comm/bldAttendant/getJsonData.cmd?bld=dbms/MDC/STAT/standard/MDCSTAT04601,data/krx/etf_authenticated_master.json,a212d774f6e92cd83e37826483d3e3532247f0a18afc0d68eff1db91f9e49e5f
0000D0,KR70000D0009,TIGER 엔비디아미국채커버드콜밸런스(합성),2024-12-17,,,,https://data.krx.co.kr/comm/bldAttendant/getJsonData.cmd?bld=dbms/MDC/STAT/standard/MDCSTAT04601,data/krx/kind_details/KR70000D0009.html,e3b0c44298fc1c149afbf4c8996fb92427ae41e4649b934ca495991b7852b855,listing_date_missing,https://data.krx.co.kr/comm/bldAttendant/getJsonData.cmd?bld=dbms/MDC/STAT/standard/MDCSTAT04601,data/krx/etf_authenticated_master.json,a212d774f6e92cd83e37826483d3e3532247f0a18afc0d68eff1db91f9e49e5f
228800,KR7228800009,TIGER 여행레저,2015-10-07,,,,https://data.krx.co.kr/comm/bldAttendant/getJsonData.cmd?bld=dbms/MDC/STAT/standard/MDCSTAT04601,data/krx/kind_details/KR7228800009.html,e3b0c44298fc1c149afbf4c8996fb92427ae41e4649b934ca495991b7852b855,listing_date_missing,https://data.krx.co.kr/comm/bldAttendant/getJsonData.cmd?bld=dbms/MDC/STAT/standard/MDCSTAT04601,data/krx/etf_authenticated_master.json,a212d774f6e92cd83e37826483d3e3532247f0a18afc0d68eff1db91f9e49e5f
227570,KR7227570009,TIGER 우량가치,2015-09-23,,,,https://data.krx.co.kr/comm/bldAttendant/getJsonData.cmd?bld=dbms/MDC/STAT/standard/MDCSTAT04601,data/krx/kind_details/KR7227570009.html,e3b0c44298fc1c149afbf4c8996fb92427ae41e4649b934ca495991b7852b855,listing_date_missing,https://data.krx.co.kr/comm/bldAttendant/getJsonData.cmd?bld=dbms/MDC/STAT/standard/MDCSTAT04601,data/krx/etf_authenticated_master.json,a212d774f6e92cd83e37826483d3e3532247f0a18afc0d68eff1db91f9e49e5f
438330,KR7438330003,TIGER 우량회사채액티브,2022-08-23,,,,https://data.krx.co.kr/comm/bldAttendant/getJsonData.cmd?bld=dbms/MDC/STAT/standard/MDCSTAT04601,data/krx/kind_details/KR7438330003.html,e3b0c44298fc1c149afbf4c8996fb92427ae41e4649b934ca495991b7852b855,listing_date_missing,https://data.krx.co.kr/comm/bldAttendant/getJsonData.cmd?bld=dbms/MDC/STAT/standard/MDCSTAT04601,data/krx/etf_authenticated_master.json,a212d774f6e92cd83e37826483d3e3532247f0a18afc0d68eff1db91f9e49e5f
261140,KR7261140008,TIGER 우선주,2017-01-06,,,,https://data.krx.co.kr/comm/bldAttendant/getJsonData.cmd?bld=dbms/MDC/STAT/standard/MDCSTAT04601,data/krx/kind_details/KR7261140008.html,e3b0c44298fc1c149afbf4c8996fb92427ae41e4649b934ca495991b7852b855,listing_date_missing,https://data.krx.co.kr/comm/bldAttendant/getJsonData.cmd?bld=dbms/MDC/STAT/standard/MDCSTAT04601,data/krx/etf_authenticated_master.json,a212d774f6e92cd83e37826483d3e3532247f0a18afc0d68eff1db91f9e49e5f
130680,KR7130680002,TIGER 원유선물Enhanced(H),2010-08-02,,,,https://data.krx.co.kr/comm/bldAttendant/getJsonData.cmd?bld=dbms/MDC/STAT/standard/MDCSTAT04601,data/krx/kind_details/KR7130680002.html,e3b0c44298fc1c149afbf4c8996fb92427ae41e4649b934ca495991b7852b855,listing_date_missing,https://data.krx.co.kr/comm/bldAttendant/getJsonData.cmd?bld=dbms/MDC/STAT/standard/MDCSTAT04601,data/krx/etf_authenticated_master.json,a212d774f6e92cd83e37826483d3e3532247f0a18afc0d68eff1db91f9e49e5f
217770,KR7217770007,TIGER 원유선물인버스(H),2015-04-29,,,,https://data.krx.co.kr/comm/bldAttendant/getJsonData.cmd?bld=dbms/MDC/STAT/standard/MDCSTAT04601,data/krx/kind_details/KR7217770007.html,e3b0c44298fc1c149afbf4c8996fb92427ae41e4649b934ca495991b7852b855,listing_date_missing,https://data.krx.co.kr/comm/bldAttendant/getJsonData.cmd?bld=dbms/MDC/STAT/standard/MDCSTAT04601,data/krx/etf_authenticated_master.json,a212d774f6e92cd83e37826483d3e3532247f0a18afc0d68eff1db91f9e49e5f
195930,KR7195930003,TIGER 유로스탁스50(합성 H),2014-04-30,,,,https://data.krx.co.kr/comm/bldAttendant/getJsonData.cmd?bld=dbms/MDC/STAT/standard/MDCSTAT04601,data/krx/kind_details/KR7195930003.html,e3b0c44298fc1c149afbf4c8996fb92427ae41e4649b934ca495991b7852b855,listing_date_missing,https://data.krx.co.kr/comm/bldAttendant/getJsonData.cmd?bld=dbms/MDC/STAT/standard/MDCSTAT04601,data/krx/etf_authenticated_master.json,a212d774f6e92cd83e37826483d3e3532247f0a18afc0d68eff1db91f9e49e5f
225050,KR7225050004,TIGER 유로스탁스레버리지(합성 H),2015-07-29,,,,https://data.krx.co.kr/comm/bldAttendant/getJsonData.cmd?bld=dbms/MDC/STAT/standard/MDCSTAT04601,data/krx/kind_details/KR7225050004.html,e3b0c44298fc1c149afbf4c8996fb92427ae41e4649b934ca495991b7852b855,listing_date_missing,https://data.krx.co.kr/comm/bldAttendant/getJsonData.cmd?bld=dbms/MDC/STAT/standard/MDCSTAT04601,data/krx/etf_authenticated_master.json,a212d774f6e92cd83e37826483d3e3532247f0a18afc0d68eff1db91f9e49e5f
245350,KR7245350004,TIGER 유로스탁스배당30,2016-07-01,,,,https://data.krx.co.kr/comm/bldAttendant/getJsonData.cmd?bld=dbms/MDC/STAT/standard/MDCSTAT04601,data/krx/kind_details/KR7245350004.html,e3b0c44298fc1c149afbf4c8996fb92427ae41e4649b934ca495991b7852b855,listing_date_missing,https://data.krx.co.kr/comm/bldAttendant/getJsonData.cmd?bld=dbms/MDC/STAT/standard/MDCSTAT04601,data/krx/etf_authenticated_master.json,a212d774f6e92cd83e37826483d3e3532247f0a18afc0d68eff1db91f9e49e5f
0189B0,KR70189B0004,TIGER 은액티브,2026-04-28,,ICE Silver Spot 지수 (시장가격),일반 (1),https://kind.krx.co.kr/disclosure/etfisudetail.do?method=searchEftIsuDetail&isuCd=KR70189B0004,data/krx/kind_details/KR70189B0004.html,d039e25768ee994c6095b775bdd8e3f9f0425ef74a0fdb1469914ec31e66d47a,,,,
091220,KR7091220004,TIGER 은행,2006-06-27,,,,https://data.krx.co.kr/comm/bldAttendant/getJsonData.cmd?bld=dbms/MDC/STAT/standard/MDCSTAT04601,data/krx/kind_details/KR7091220004.html,e3b0c44298fc1c149afbf4c8996fb92427ae41e4649b934ca495991b7852b855,listing_date_missing,https://data.krx.co.kr/comm/bldAttendant/getJsonData.cmd?bld=dbms/MDC/STAT/standard/MDCSTAT04601,data/krx/etf_authenticated_master.json,a212d774f6e92cd83e37826483d3e3532247f0a18afc0d68eff1db91f9e49e5f
466940,KR7466940004,TIGER 은행고배당플러스TOP10,2023-10-17,,FnGuide 은행고배당플러스TOP10 지수(시장가격 지수),일반 (1),https://kind.krx.co.kr/disclosure/etfisudetail.do?method=searchEftIsuDetail&isuCd=KR7466940004,data/krx/kind_details/KR7466940004.html,8c3ba54508a66e251c3d5f92cad00e73b5de6df64cdaabf2c388322ac6396a8b,,,,
307510,KR7307510008,TIGER 의료기기,2018-11-08,,FnGuide 의료기기 지수,일반 (1),https://kind.krx.co.kr/disclosure/etfisudetail.do?method=searchEftIsuDetail&isuCd=KR7307510008,data/krx/kind_details/KR7307510008.html,40915131125ad8743e4361708180c89315dc1d7b76860af10f2a5958b581b940,,,,
225060,KR7225060003,TIGER 이머징마켓MSCI레버리지(합성 H),2015-07-29,,,,https://data.krx.co.kr/comm/bldAttendant/getJsonData.cmd?bld=dbms/MDC/STAT/standard/MDCSTAT04601,data/krx/kind_details/KR7225060003.html,e3b0c44298fc1c149afbf4c8996fb92427ae41e4649b934ca495991b7852b855,listing_date_missing,https://data.krx.co.kr/comm/bldAttendant/getJsonData.cmd?bld=dbms/MDC/STAT/standard/MDCSTAT04601,data/krx/etf_authenticated_master.json,a212d774f6e92cd83e37826483d3e3532247f0a18afc0d68eff1db91f9e49e5f
453870,KR7453870008,TIGER 인도니프티50,2023-04-14,,,,https://data.krx.co.kr/comm/bldAttendant/getJsonData.cmd?bld=dbms/MDC/STAT/standard/MDCSTAT04601,data/krx/kind_details/KR7453870008.html,e3b0c44298fc1c149afbf4c8996fb92427ae41e4649b934ca495991b7852b855,listing_date_missing,https://data.krx.co.kr/comm/bldAttendant/getJsonData.cmd?bld=dbms/MDC/STAT/standard/MDCSTAT04601,data/krx/etf_authenticated_master.json,a212d774f6e92cd83e37826483d3e3532247f0a18afc0d68eff1db91f9e49e5f
236350,KR7236350005,TIGER 인도니프티50레버리지(합성),2016-05-13,,,,https://data.krx.co.kr/comm/bldAttendant/getJsonData.cmd?bld=dbms/MDC/STAT/standard/MDCSTAT04601,data/krx/kind_details/KR7236350005.html,e3b0c44298fc1c149afbf4c8996fb92427ae41e4649b934ca495991b7852b855,listing_date_missing,https://data.krx.co.kr/comm/bldAttendant/getJsonData.cmd?bld=dbms/MDC/STAT/standard/MDCSTAT04601,data/krx/etf_authenticated_master.json,a212d774f6e92cd83e37826483d3e3532247f0a18afc0d68eff1db91f9e49e5f
479730,KR7479730004,TIGER 인도빌리언컨슈머,2024-05-14,,,,https://data.krx.co.kr/comm/bldAttendant/getJsonData.cmd?bld=dbms/MDC/STAT/standard/MDCSTAT04601,data/krx/kind_details/KR7479730004.html,e3b0c44298fc1c149afbf4c8996fb92427ae41e4649b934ca495991b7852b855,listing_date_missing,https://data.krx.co.kr/comm/bldAttendant/getJsonData.cmd?bld=dbms/MDC/STAT/standard/MDCSTAT04601,data/krx/etf_authenticated_master.json,a212d774f6e92cd83e37826483d3e3532247f0a18afc0d68eff1db91f9e49e5f
123310,KR7123310005,TIGER 인버스,2010-03-29,,,,https://data.krx.co.kr/comm/bldAttendant/getJsonData.cmd?bld=dbms/MDC/STAT/standard/MDCSTAT04601,data/krx/kind_details/KR7123310005.html,e3b0c44298fc1c149afbf4c8996fb92427ae41e4649b934ca495991b7852b855,listing_date_missing,https://data.krx.co.kr/comm/bldAttendant/getJsonData.cmd?bld=dbms/MDC/STAT/standard/MDCSTAT04601,data/krx/etf_authenticated_master.json,a212d774f6e92cd83e37826483d3e3532247f0a18afc0d68eff1db91f9e49e5f
143570,KR7143570000,TIGER 인버스국채3Y,2011-07-18,2013-06-26,F-KTB 지수,일반 (1),https://kind.krx.co.kr/disclosure/etfisudetail.do?method=searchEftIsuDetail&isuCd=KR7143570000,data/krx/kind_details/KR7143570000.html,3a9d0f9fa2e302ebe60c64abe5b500dbe7dddb0502530f6795f0337e7686861e,,,,
365000,KR7365000009,TIGER 인터넷TOP10,2020-10-07,,KRX 인터넷 TOP 10,일반 (1),https://kind.krx.co.kr/disclosure/etfisudetail.do?method=searchEftIsuDetail&isuCd=KR7365000009,data/krx/kind_details/KR7365000009.html,049ff459602b7e559075d020b0340bff8923901c29540f6a11c25bde97ca488a,,,,
195920,KR7195920004,TIGER 일본TOPIX(합성 H),2014-04-30,,,,https://data.krx.co.kr/comm/bldAttendant/getJsonData.cmd?bld=dbms/MDC/STAT/standard/MDCSTAT04601,data/krx/kind_details/KR7195920004.html,e3b0c44298fc1c149afbf4c8996fb92427ae41e4649b934ca495991b7852b855,listing_date_missing,https://data.krx.co.kr/comm/bldAttendant/getJsonData.cmd?bld=dbms/MDC/STAT/standard/MDCSTAT04601,data/krx/etf_authenticated_master.json,a212d774f6e92cd83e37826483d3e3532247f0a18afc0d68eff1db91f9e49e5f
248260,KR7248260002,TIGER 일본TOPIX헬스케어(합성),2016-07-01,2022-12-21,TOPIX-17 Pharmaceutical Index,일반 (1),https://kind.krx.co.kr/disclosure/etfisudetail.do?method=searchEftIsuDetail&isuCd=KR7248260002,data/krx/kind_authenticated_followup/KR7248260002.html,4fd89f527ae955b8565f7ea9a090521890d39bec1991de6f559f32d7392a2ce9,,https://kind.krx.co.kr/disclosure/etfisudetail.do?method=searchEftIsuDetail&isuCd=KR7248260002,data/krx/kind_authenticated_followup/KR7248260002.html,4fd89f527ae955b8565f7ea9a090521890d39bec1991de6f559f32d7392a2ce9
241180,KR7241180009,TIGER 일본니케이225,2016-03-31,,,,https://data.krx.co.kr/comm/bldAttendant/getJsonData.cmd?bld=dbms/MDC/STAT/standard/MDCSTAT04601,data/krx/kind_details/KR7241180009.html,e3b0c44298fc1c149afbf4c8996fb92427ae41e4649b934ca495991b7852b855,listing_date_missing,https://data.krx.co.kr/comm/bldAttendant/getJsonData.cmd?bld=dbms/MDC/STAT/standard/MDCSTAT04601,data/krx/etf_authenticated_master.json,a212d774f6e92cd83e37826483d3e3532247f0a18afc0d68eff1db91f9e49e5f
465660,KR7465660009,TIGER 일본반도체FACTSET,2023-09-19,,FactSet Japan Semiconductor Index(PR),일반 (1),https://kind.krx.co.kr/disclosure/etfisudetail.do?method=searchEftIsuDetail&isuCd=KR7465660009,data/krx/kind_details/KR7465660009.html,984007bbd63c1193c145905f4d35a68f73a352de822a157b313b5b640c60d294,,,,
292560,KR7292560000,TIGER 일본엔선물,2018-04-17,,엔선물지수,일반 (1),https://kind.krx.co.kr/disclosure/etfisudetail.do?method=searchEftIsuDetail&isuCd=KR7292560000,data/krx/kind_details/KR7292560000.html,82835d9b3ff5888d9f243f55a311670281039546a9befb155d0c280bb78c6b79,,,,
292570,KR7292570009,TIGER 일본엔선물레버리지,2018-04-17,2021-03-23,엔선물 레버리지지수,2X 레버리지 (2),https://kind.krx.co.kr/disclosure/etfisudetail.do?method=searchEftIsuDetail&isuCd=KR7292570009,data/krx/kind_authenticated_followup/KR7292570009.html,d48ed2732b6a6c0e1cef80215f3e92d9a5fc7509cafe140edf76cb8bcd1337de,,https://kind.krx.co.kr/disclosure/etfisudetail.do?method=searchEftIsuDetail&isuCd=KR7292570009,data/krx/kind_authenticated_followup/KR7292570009.html,d48ed2732b6a6c0e1cef80215f3e92d9a5fc7509cafe140edf76cb8bcd1337de
292580,KR7292580008,TIGER 일본엔선물인버스,2018-04-17,2021-03-23,엔선물 인버스지수,1X 인버스 (-1),https://kind.krx.co.kr/disclosure/etfisudetail.do?method=searchEftIsuDetail&isuCd=KR7292580008,data/krx/kind_authenticated_followup/KR7292580008.html,79fed1e4ae7ff506d929338fc2dae30ddc182d28fb95ccaec9c4bd26d682c182,,https://kind.krx.co.kr/disclosure/etfisudetail.do?method=searchEftIsuDetail&isuCd=KR7292580008,data/krx/kind_authenticated_followup/KR7292580008.html,79fed1e4ae7ff506d929338fc2dae30ddc182d28fb95ccaec9c4bd26d682c182
292590,KR7292590007,TIGER 일본엔선물인버스2X,2018-04-17,2021-03-23,엔선물 인버스-2X 지수,2X 인버스 (-2),https://kind.krx.co.kr/disclosure/etfisudetail.do?method=searchEftIsuDetail&isuCd=KR7292590007,data/krx/kind_authenticated_followup/KR7292590007.html,54e3fd1d01d7f97b6c24343cc6673dd2d02c1210a3d655794297caab734c3808,,https://kind.krx.co.kr/disclosure/etfisudetail.do?method=searchEftIsuDetail&isuCd=KR7292590007,data/krx/kind_authenticated_followup/KR7292590007.html,54e3fd1d01d7f97b6c24343cc6673dd2d02c1210a3d655794297caab734c3808
157510,KR7157510009,TIGER 자동차,2012-05-16,2018-12-18,FnGuide 자동차 지수,일반 (1),https://kind.krx.co.kr/disclosure/etfisudetail.do?method=searchEftIsuDetail&isuCd=KR7157510009,data/krx/kind_authenticated_followup/KR7157510009.html,1ec7543c7e3711fe72134a0b3b060796bcca5bb92ab3e9be006974a40b384493,,https://kind.krx.co.kr/disclosure/etfisudetail.do?method=searchEftIsuDetail&isuCd=KR7157510009,data/krx/kind_authenticated_followup/KR7157510009.html,1ec7543c7e3711fe72134a0b3b060796bcca5bb92ab3e9be006974a40b384493
494670,KR7494670003,TIGER 조선TOP10,2024-10-22,,,,https://data.krx.co.kr/comm/bldAttendant/getJsonData.cmd?bld=dbms/MDC/STAT/standard/MDCSTAT04601,data/krx/kind_details/KR7494670003.html,e3b0c44298fc1c149afbf4c8996fb92427ae41e4649b934ca495991b7852b855,listing_date_missing,https://data.krx.co.kr/comm/bldAttendant/getJsonData.cmd?bld=dbms/MDC/STAT/standard/MDCSTAT04601,data/krx/etf_authenticated_master.json,a212d774f6e92cd83e37826483d3e3532247f0a18afc0d68eff1db91f9e49e5f
451540,KR7451540009,TIGER 종합채권(AA-이상)액티브,2023-02-01,,,,https://data.krx.co.kr/comm/bldAttendant/getJsonData.cmd?bld=dbms/MDC/STAT/standard/MDCSTAT04601,data/krx/kind_details/KR7451540009.html,e3b0c44298fc1c149afbf4c8996fb92427ae41e4649b934ca495991b7852b855,listing_date_missing,https://data.krx.co.kr/comm/bldAttendant/getJsonData.cmd?bld=dbms/MDC/STAT/standard/MDCSTAT04601,data/krx/etf_authenticated_master.json,a212d774f6e92cd83e37826483d3e3532247f0a18afc0d68eff1db91f9e49e5f
150460,KR7150460004,TIGER 중국소비테마,2011-12-16,,,,https://data.krx.co.kr/comm/bldAttendant/getJsonData.cmd?bld=dbms/MDC/STAT/standard/MDCSTAT04601,data/krx/kind_details/KR7150460004.html,e3b0c44298fc1c149afbf4c8996fb92427ae41e4649b934ca495991b7852b855,listing_date_missing,https://data.krx.co.kr/comm/bldAttendant/getJsonData.cmd?bld=dbms/MDC/STAT/standard/MDCSTAT04601,data/krx/etf_authenticated_master.json,a212d774f6e92cd83e37826483d3e3532247f0a18afc0d68eff1db91f9e49e5f
0192Z0,KR70192Z0001,TIGER 중기종합채권(A-이상)액티브,2026-05-19,,,,https://data.krx.co.kr/comm/bldAttendant/getJsonData.cmd?bld=dbms/MDC/STAT/standard/MDCSTAT04601,data/krx/kind_details/KR70192Z0001.html,e3b0c44298fc1c149afbf4c8996fb92427ae41e4649b934ca495991b7852b855,listing_date_missing,https://data.krx.co.kr/comm/bldAttendant/getJsonData.cmd?bld=dbms/MDC/STAT/standard/MDCSTAT04601,data/krx/etf_authenticated_master.json,a212d774f6e92cd83e37826483d3e3532247f0a18afc0d68eff1db91f9e49e5f
292120,KR7292120003,TIGER 중소형,2018-03-30,2020-12-24,FnGuide 중소형 지수,일반 (1),https://kind.krx.co.kr/disclosure/etfisudetail.do?method=searchEftIsuDetail&isuCd=KR7292120003,data/krx/kind_authenticated_followup/KR7292120003.html,4654a2353334c1f98b8944ca5b5c631e0b473318b38d3e0cd9767025db3ad706,,https://kind.krx.co.kr/disclosure/etfisudetail.do?method=searchEftIsuDetail&isuCd=KR7292120003,data/krx/kind_authenticated_followup/KR7292120003.html,4654a2353334c1f98b8944ca5b5c631e0b473318b38d3e0cd9767025db3ad706
292140,KR7292140001,TIGER 중소형가치,2018-03-30,2021-05-07,FnGuide 중소형가치 지수,일반 (1),https://kind.krx.co.kr/disclosure/etfisudetail.do?method=searchEftIsuDetail&isuCd=KR7292140001,data/krx/kind_authenticated_followup/KR7292140001.html,b6e6893d11eacad52418cee4d4e6675bb0b1c741878610bfe770033aca8aa1a2,,https://kind.krx.co.kr/disclosure/etfisudetail.do?method=searchEftIsuDetail&isuCd=KR7292140001,data/krx/kind_authenticated_followup/KR7292140001.html,b6e6893d11eacad52418cee4d4e6675bb0b1c741878610bfe770033aca8aa1a2
292130,KR7292130002,TIGER 중소형성장,2018-03-30,2021-05-07,FnGuide 중소형성장 지수,일반 (1),https://kind.krx.co.kr/disclosure/etfisudetail.do?method=searchEftIsuDetail&isuCd=KR7292130002,data/krx/kind_authenticated_followup/KR7292130002.html,c91f74b3207384e952e4552b887de3ff9a6cc3f835f1a75eda63114ecf6d0121,,https://kind.krx.co.kr/disclosure/etfisudetail.do?method=searchEftIsuDetail&isuCd=KR7292130002,data/krx/kind_authenticated_followup/KR7292130002.html,c91f74b3207384e952e4552b887de3ff9a6cc3f835f1a75eda63114ecf6d0121
302190,KR7302190004,TIGER 중장기국채,2018-07-20,,,,https://data.krx.co.kr/comm/bldAttendant/getJsonData.cmd?bld=dbms/MDC/STAT/standard/MDCSTAT04601,data/krx/kind_details/KR7302190004.html,e3b0c44298fc1c149afbf4c8996fb92427ae41e4649b934ca495991b7852b855,listing_date_missing,https://data.krx.co.kr/comm/bldAttendant/getJsonData.cmd?bld=dbms/MDC/STAT/standard/MDCSTAT04601,data/krx/etf_authenticated_master.json,a212d774f6e92cd83e37826483d3e3532247f0a18afc0d68eff1db91f9e49e5f
302200,KR7302200001,TIGER 중장기국채선물인버스,2018-07-20,2020-12-24,국채 3-10년 선물인버스지수,1X 인버스 (-1),https://kind.krx.co.kr/disclosure/etfisudetail.do?method=searchEftIsuDetail&isuCd=KR7302200001,data/krx/kind_details/KR7302200001.html,475de46b9d58b19ec4cf1abdbc2f6b29a58435587d720f7cd5b5e2bbca1c475a,,,,
302210,KR7302210000,TIGER 중장기국채선물인버스2X,2018-07-20,2020-12-24,국채 3-10년 선물인버스-2X지수,2X 인버스 (-2),https://kind.krx.co.kr/disclosure/etfisudetail.do?method=searchEftIsuDetail&isuCd=KR7302210000,data/krx/kind_authenticated_followup/KR7302210000.html,2088a52ea62b833287c21eb5aecfef74a156b532759233dd4c325933493d65a4,,https://kind.krx.co.kr/disclosure/etfisudetail.do?method=searchEftIsuDetail&isuCd=KR7302210000,data/krx/kind_authenticated_followup/KR7302210000.html,2088a52ea62b833287c21eb5aecfef74a156b532759233dd4c325933493d65a4
157500,KR7157500000,TIGER 증권,2012-05-16,,,,https://data.krx.co.kr/comm/bldAttendant/getJsonData.cmd?bld=dbms/MDC/STAT/standard/MDCSTAT04601,data/krx/kind_details/KR7157500000.html,e3b0c44298fc1c149afbf4c8996fb92427ae41e4649b934ca495991b7852b855,listing_date_missing,https://data.krx.co.kr/comm/bldAttendant/getJsonData.cmd?bld=dbms/MDC/STAT/standard/MDCSTAT04601,data/krx/etf_authenticated_master.json,a212d774f6e92cd83e37826483d3e3532247f0a18afc0d68eff1db91f9e49e5f
266140,KR7266140003,TIGER 지속배당,2017-03-30,2020-09-28,WISE 지속배당 지수,일반 (1),https://kind.krx.co.kr/disclosure/etfisudetail.do?method=searchEftIsuDetail&isuCd=KR7266140003,data/krx/kind_authenticated_followup/KR7266140003.html,3ddc4c169af6f226b0c4dcd2e01a0350be5a3282518aaff6eb2e388032b61aeb,,https://kind.krx.co.kr/disclosure/etfisudetail.do?method=searchEftIsuDetail&isuCd=KR7266140003,data/krx/kind_authenticated_followup/KR7266140003.html,3ddc4c169af6f226b0c4dcd2e01a0350be5a3282518aaff6eb2e388032b61aeb
307520,KR7307520007,TIGER 지주회사,2018-11-08,,FnGuide 지주회사 지수,일반 (1),https://kind.krx.co.kr/disclosure/etfisudetail.do?method=searchEftIsuDetail&isuCd=KR7307520007,data/krx/kind_details/KR7307520007.html,7ea3ec27368f5ec9e162e4a8e387431788eb5f6c2b72426bb2fb696d5842d927,,,,
0067Y0,KR70067Y0004,TIGER 차이나AI소프트웨어,2025-06-17,,,,https://data.krx.co.kr/comm/bldAttendant/getJsonData.cmd?bld=dbms/MDC/STAT/standard/MDCSTAT04601,data/krx/kind_details/KR70067Y0004.html,e3b0c44298fc1c149afbf4c8996fb92427ae41e4649b934ca495991b7852b855,listing_date_missing,https://data.krx.co.kr/comm/bldAttendant/getJsonData.cmd?bld=dbms/MDC/STAT/standard/MDCSTAT04601,data/krx/etf_authenticated_master.json,a212d774f6e92cd83e37826483d3e3532247f0a18afc0d68eff1db91f9e49e5f
192090,KR7192090009,TIGER 차이나CSI300,2014-02-17,,,,https://data.krx.co.kr/comm/bldAttendant/getJsonData.cmd?bld=dbms/MDC/STAT/standard/MDCSTAT04601,data/krx/kind_details/KR7192090009.html,e3b0c44298fc1c149afbf4c8996fb92427ae41e4649b934ca495991b7852b855,listing_date_missing,https://data.krx.co.kr/comm/bldAttendant/getJsonData.cmd?bld=dbms/MDC/STAT/standard/MDCSTAT04601,data/krx/etf_authenticated_master.json,a212d774f6e92cd83e37826483d3e3532247f0a18afc0d68eff1db91f9e49e5f
204480,KR7204480008,TIGER 차이나CSI300레버리지(합성),2014-09-01,,,,https://data.krx.co.kr/comm/bldAttendant/getJsonData.cmd?bld=dbms/MDC/STAT/standard/MDCSTAT04601,data/krx/kind_details/KR7204480008.html,e3b0c44298fc1c149afbf4c8996fb92427ae41e4649b934ca495991b7852b855,listing_date_missing,https://data.krx.co.kr/comm/bldAttendant/getJsonData.cmd?bld=dbms/MDC/STAT/standard/MDCSTAT04601,data/krx/etf_authenticated_master.json,a212d774f6e92cd83e37826483d3e3532247f0a18afc0d68eff1db91f9e49e5f
217780,KR7217780006,TIGER 차이나CSI300인버스(합성),2015-06-10,,,,https://data.krx.co.kr/comm/bldAttendant/getJsonData.cmd?bld=dbms/MDC/STAT/standard/MDCSTAT04601,data/krx/kind_details/KR7217780006.html,e3b0c44298fc1c149afbf4c8996fb92427ae41e4649b934ca495991b7852b855,listing_date_missing,https://data.krx.co.kr/comm/bldAttendant/getJsonData.cmd?bld=dbms/MDC/STAT/standard/MDCSTAT04601,data/krx/etf_authenticated_master.json,a212d774f6e92cd83e37826483d3e3532247f0a18afc0d68eff1db91f9e49e5f
245360,KR7245360003,TIGER 차이나HSCEI,2016-06-16,,,,https://data.krx.co.kr/comm/bldAttendant/getJsonData.cmd?bld=dbms/MDC/STAT/standard/MDCSTAT04601,data/krx/kind_details/KR7245360003.html,e3b0c44298fc1c149afbf4c8996fb92427ae41e4649b934ca495991b7852b855,listing_date_missing,https://data.krx.co.kr/comm/bldAttendant/getJsonData.cmd?bld=dbms/MDC/STAT/standard/MDCSTAT04601,data/krx/etf_authenticated_master.json,a212d774f6e92cd83e37826483d3e3532247f0a18afc0d68eff1db91f9e49e5f
414780,KR7414780007,TIGER 차이나과창판STAR50(합성),2022-01-13,,,,https://data.krx.co.kr/comm/bldAttendant/getJsonData.cmd?bld=dbms/MDC/STAT/standard/MDCSTAT04601,data/krx/kind_details/KR7414780007.html,e3b0c44298fc1c149afbf4c8996fb92427ae41e4649b934ca495991b7852b855,listing_date_missing,https://data.krx.co.kr/comm/bldAttendant/getJsonData.cmd?bld=dbms/MDC/STAT/standard/MDCSTAT04601,data/krx/etf_authenticated_master.json,a212d774f6e92cd83e37826483d3e3532247f0a18afc0d68eff1db91f9e49e5f
0067V0,KR70067V0007,TIGER 차이나글로벌리더스TOP3+,2025-06-17,,,,https://data.krx.co.kr/comm/bldAttendant/getJsonData.cmd?bld=dbms/MDC/STAT/standard/MDCSTAT04601,data/krx/kind_details/KR70067V0007.html,e3b0c44298fc1c149afbf4c8996fb92427ae41e4649b934ca495991b7852b855,listing_date_missing,https://data.krx.co.kr/comm/bldAttendant/getJsonData.cmd?bld=dbms/MDC/STAT/standard/MDCSTAT04601,data/krx/etf_authenticated_master.json,a212d774f6e92cd83e37826483d3e3532247f0a18afc0d68eff1db91f9e49e5f
371470,KR7371470006,TIGER 차이나바이오테크SOLACTIVE,2020-12-08,,,,https://data.krx.co.kr/comm/bldAttendant/getJsonData.cmd?bld=dbms/MDC/STAT/standard/MDCSTAT04601,data/krx/kind_details/KR7371470006.html,e3b0c44298fc1c149afbf4c8996fb92427ae41e4649b934ca495991b7852b855,listing_date_missing,https://data.krx.co.kr/comm/bldAttendant/getJsonData.cmd?bld=dbms/MDC/STAT/standard/MDCSTAT04601,data/krx/etf_authenticated_master.json,a212d774f6e92cd83e37826483d3e3532247f0a18afc0d68eff1db91f9e49e5f
396520,KR7396520009,TIGER 차이나반도체FACTSET,2021-08-10,,,,https://data.krx.co.kr/comm/bldAttendant/getJsonData.cmd?bld=dbms/MDC/STAT/standard/MDCSTAT04601,data/krx/kind_details/KR7396520009.html,e3b0c44298fc1c149afbf4c8996fb92427ae41e4649b934ca495991b7852b855,listing_date_missing,https://data.krx.co.kr/comm/bldAttendant/getJsonData.cmd?bld=dbms/MDC/STAT/standard/MDCSTAT04601,data/krx/etf_authenticated_master.json,a212d774f6e92cd83e37826483d3e3532247f0a18afc0d68eff1db91f9e49e5f
371460,KR7371460007,TIGER 차이나전기차SOLACTIVE,2020-12-08,,,,https://data.krx.co.kr/comm/bldAttendant/getJsonData.cmd?bld=dbms/MDC/STAT/standard/MDCSTAT04601,data/krx/kind_details/KR7371460007.html,e3b0c44298fc1c149afbf4c8996fb92427ae41e4649b934ca495991b7852b855,listing_date_missing,https://data.krx.co.kr/comm/bldAttendant/getJsonData.cmd?bld=dbms/MDC/STAT/standard/MDCSTAT04601,data/krx/etf_authenticated_master.json,a212d774f6e92cd83e37826483d3e3532247f0a18afc0d68eff1db91f9e49e5f
456680,KR7456680008,TIGER 차이나전기차레버리지(합성),2023-05-09,,,,https://data.krx.co.kr/comm/bldAttendant/getJsonData.cmd?bld=dbms/MDC/STAT/standard/MDCSTAT04601,data/krx/kind_details/KR7456680008.html,e3b0c44298fc1c149afbf4c8996fb92427ae41e4649b934ca495991b7852b855,listing_date_missing,https://data.krx.co.kr/comm/bldAttendant/getJsonData.cmd?bld=dbms/MDC/STAT/standard/MDCSTAT04601,data/krx/etf_authenticated_master.json,a212d774f6e92cd83e37826483d3e3532247f0a18afc0d68eff1db91f9e49e5f
0133E0,KR70133E0008,TIGER 차이나증권,2026-02-03,,,,https://data.krx.co.kr/comm/bldAttendant/getJsonData.cmd?bld=dbms/MDC/STAT/standard/MDCSTAT04601,data/krx/kind_details/KR70133E0008.html,e3b0c44298fc1c149afbf4c8996fb92427ae41e4649b934ca495991b7852b855,listing_date_missing,https://data.krx.co.kr/comm/bldAttendant/getJsonData.cmd?bld=dbms/MDC/STAT/standard/MDCSTAT04601,data/krx/etf_authenticated_master.json,a212d774f6e92cd83e37826483d3e3532247f0a18afc0d68eff1db91f9e49e5f
396510,KR7396510000,TIGER 차이나클린에너지SOLACTIVE,2021-08-10,,,,https://data.krx.co.kr/comm/bldAttendant/getJsonData.cmd?bld=dbms/MDC/STAT/standard/MDCSTAT04601,data/krx/kind_details/KR7396510000.html,e3b0c44298fc1c149afbf4c8996fb92427ae41e4649b934ca495991b7852b855,listing_date_missing,https://data.krx.co.kr/comm/bldAttendant/getJsonData.cmd?bld=dbms/MDC/STAT/standard/MDCSTAT04601,data/krx/etf_authenticated_master.json,a212d774f6e92cd83e37826483d3e3532247f0a18afc0d68eff1db91f9e49e5f
0047A0,KR70047A0007,TIGER 차이나테크TOP10,2025-05-13,,,,https://data.krx.co.kr/comm/bldAttendant/getJsonData.cmd?bld=dbms/MDC/STAT/standard/MDCSTAT04601,data/krx/kind_details/KR70047A0007.html,e3b0c44298fc1c149afbf4c8996fb92427ae41e4649b934ca495991b7852b855,listing_date_missing,https://data.krx.co.kr/comm/bldAttendant/getJsonData.cmd?bld=dbms/MDC/STAT/standard/MDCSTAT04601,data/krx/etf_authenticated_master.json,a212d774f6e92cd83e37826483d3e3532247f0a18afc0d68eff1db91f9e49e5f
117690,KR7117690008,TIGER 차이나항셍30,2009-10-21,,Hang Seng China (Hong Kong-listed) 30 Index,일반 (1),https://kind.krx.co.kr/disclosure/etfisudetail.do?method=searchEftIsuDetail&isuCd=KR7117690008,data/krx/kind_details/KR7117690008.html,4de78340077da06530d7af69abda1a34ec63c302b3957ad1243b09ce3d225011,,,,
371160,KR7371160003,TIGER 차이나항셍테크,2020-12-16,,,,https://data.krx.co.kr/comm/bldAttendant/getJsonData.cmd?bld=dbms/MDC/STAT/standard/MDCSTAT04601,data/krx/kind_details/KR7371160003.html,e3b0c44298fc1c149afbf4c8996fb92427ae41e4649b934ca495991b7852b855,listing_date_missing,https://data.krx.co.kr/comm/bldAttendant/getJsonData.cmd?bld=dbms/MDC/STAT/standard/MDCSTAT04601,data/krx/etf_authenticated_master.json,a212d774f6e92cd83e37826483d3e3532247f0a18afc0d68eff1db91f9e49e5f
438320,KR7438320004,TIGER 차이나항셍테크레버리지(합성 H),2022-08-23,,,,https://data.krx.co.kr/comm/bldAttendant/getJsonData.cmd?bld=dbms/MDC/STAT/standard/MDCSTAT04601,data/krx/kind_details/KR7438320004.html,e3b0c44298fc1c149afbf4c8996fb92427ae41e4649b934ca495991b7852b855,listing_date_missing,https://data.krx.co.kr/comm/bldAttendant/getJsonData.cmd?bld=dbms/MDC/STAT/standard/MDCSTAT04601,data/krx/etf_authenticated_master.json,a212d774f6e92cd83e37826483d3e3532247f0a18afc0d68eff1db91f9e49e5f
0053L0,KR70053L0005,TIGER 차이나휴머노이드로봇,2025-05-27,,,,https://data.krx.co.kr/comm/bldAttendant/getJsonData.cmd?bld=dbms/MDC/STAT/standard/MDCSTAT04601,data/krx/kind_details/KR70053L0005.html,e3b0c44298fc1c149afbf4c8996fb92427ae41e4649b934ca495991b7852b855,listing_date_missing,https://data.krx.co.kr/comm/bldAttendant/getJsonData.cmd?bld=dbms/MDC/STAT/standard/MDCSTAT04601,data/krx/etf_authenticated_master.json,a212d774f6e92cd83e37826483d3e3532247f0a18afc0d68eff1db91f9e49e5f
0117V0,KR70117V0007,TIGER 코리아AI전력기기TOP3플러스,2025-10-21,,,,https://data.krx.co.kr/comm/bldAttendant/getJsonData.cmd?bld=dbms/MDC/STAT/standard/MDCSTAT04601,data/krx/kind_details/KR70117V0007.html,e3b0c44298fc1c149afbf4c8996fb92427ae41e4649b934ca495991b7852b855,listing_date_missing,https://data.krx.co.kr/comm/bldAttendant/getJsonData.cmd?bld=dbms/MDC/STAT/standard/MDCSTAT04601,data/krx/etf_authenticated_master.json,a212d774f6e92cd83e37826483d3e3532247f0a18afc0d68eff1db91f9e49e5f
292150,KR7292150000,TIGER 코리아TOP10,2018-03-30,,,,https://data.krx.co.kr/comm/bldAttendant/getJsonData.cmd?bld=dbms/MDC/STAT/standard/MDCSTAT04601,data/krx/kind_details/KR7292150000.html,e3b0c44298fc1c149afbf4c8996fb92427ae41e4649b934ca495991b7852b855,listing_date_missing,https://data.krx.co.kr/comm/bldAttendant/getJsonData.cmd?bld=dbms/MDC/STAT/standard/MDCSTAT04601,data/krx/etf_authenticated_master.json,a212d774f6e92cd83e37826483d3e3532247f0a18afc0d68eff1db91f9e49e5f
0052D0,KR70052D0006,TIGER 코리아배당다우존스,2025-05-20,,,,https://data.krx.co.kr/comm/bldAttendant/getJsonData.cmd?bld=dbms/MDC/STAT/standard/MDCSTAT04601,data/krx/kind_details/KR70052D0006.html,e3b0c44298fc1c149afbf4c8996fb92427ae41e4649b934ca495991b7852b855,listing_date_missing,https://data.krx.co.kr/comm/bldAttendant/getJsonData.cmd?bld=dbms/MDC/STAT/standard/MDCSTAT04601,data/krx/etf_authenticated_master.json,a212d774f6e92cd83e37826483d3e3532247f0a18afc0d68eff1db91f9e49e5f
0104P0,KR70104P0000,TIGER 코리아배당다우존스위클리커버드콜,2025-09-23,,,,https://data.krx.co.kr/comm/bldAttendant/getJsonData.cmd?bld=dbms/MDC/STAT/standard/MDCSTAT04601,data/krx/kind_details/KR70104P0000.html,e3b0c44298fc1c149afbf4c8996fb92427ae41e4649b934ca495991b7852b855,listing_date_missing,https://data.krx.co.kr/comm/bldAttendant/getJsonData.cmd?bld=dbms/MDC/STAT/standard/MDCSTAT04601,data/krx/etf_authenticated_master.json,a212d774f6e92cd83e37826483d3e3532247f0a18afc0d68eff1db91f9e49e5f
496080,KR7496080003,TIGER 코리아밸류업,2024-11-04,,,,https://data.krx.co.kr/comm/bldAttendant/getJsonData.cmd?bld=dbms/MDC/STAT/standard/MDCSTAT04601,data/krx/kind_details/KR7496080003.html,e3b0c44298fc1c149afbf4c8996fb92427ae41e4649b934ca495991b7852b855,listing_date_missing,https://data.krx.co.kr/comm/bldAttendant/getJsonData.cmd?bld=dbms/MDC/STAT/standard/MDCSTAT04601,data/krx/etf_authenticated_master.json,a212d774f6e92cd83e37826483d3e3532247f0a18afc0d68eff1db91f9e49e5f
0091P0,KR70091P0005,TIGER 코리아원자력,2025-08-19,,,,https://data.krx.co.kr/comm/bldAttendant/getJsonData.cmd?bld=dbms/MDC/STAT/standard/MDCSTAT04601,data/krx/kind_details/KR70091P0005.html,e3b0c44298fc1c149afbf4c8996fb92427ae41e4649b934ca495991b7852b855,listing_date_missing,https://data.krx.co.kr/comm/bldAttendant/getJsonData.cmd?bld=dbms/MDC/STAT/standard/MDCSTAT04601,data/krx/etf_authenticated_master.json,a212d774f6e92cd83e37826483d3e3532247f0a18afc0d68eff1db91f9e49e5f
471780,KR7471780007,TIGER 코리아테크액티브,2023-11-28,,KRX 정보기술,일반 (1),https://kind.krx.co.kr/disclosure/etfisudetail.do?method=searchEftIsuDetail&isuCd=KR7471780007,data/krx/kind_details/KR7471780007.html,785c3d2fd22ee87b667d2071757a2668852dcd079abad85fda27722efa4a3fe7,,,,
0148J0,KR70148J0006,TIGER 코리아휴머노이드로봇산업,2026-01-06,,,,https://data.krx.co.kr/comm/bldAttendant/getJsonData.cmd?bld=dbms/MDC/STAT/standard/MDCSTAT04601,data/krx/kind_details/KR70148J0006.html,e3b0c44298fc1c149afbf4c8996fb92427ae41e4649b934ca495991b7852b855,listing_date_missing,https://data.krx.co.kr/comm/bldAttendant/getJsonData.cmd?bld=dbms/MDC/STAT/standard/MDCSTAT04601,data/krx/etf_authenticated_master.json,a212d774f6e92cd83e37826483d3e3532247f0a18afc0d68eff1db91f9e49e5f
232080,KR7232080002,TIGER 코스닥150,2015-11-12,,,,https://data.krx.co.kr/comm/bldAttendant/getJsonData.cmd?bld=dbms/MDC/STAT/standard/MDCSTAT04601,data/krx/kind_details/KR7232080002.html,e3b0c44298fc1c149afbf4c8996fb92427ae41e4649b934ca495991b7852b855,listing_date_missing,https://data.krx.co.kr/comm/bldAttendant/getJsonData.cmd?bld=dbms/MDC/STAT/standard/MDCSTAT04601,data/krx/etf_authenticated_master.json,a212d774f6e92cd83e37826483d3e3532247f0a18afc0d68eff1db91f9e49e5f
233160,KR7233160001,TIGER 코스닥150 레버리지,2015-12-17,,,,https://data.krx.co.kr/comm/bldAttendant/getJsonData.cmd?bld=dbms/MDC/STAT/standard/MDCSTAT04601,data/krx/kind_details/KR7233160001.html,e3b0c44298fc1c149afbf4c8996fb92427ae41e4649b934ca495991b7852b855,listing_date_missing,https://data.krx.co.kr/comm/bldAttendant/getJsonData.cmd?bld=dbms/MDC/STAT/standard/MDCSTAT04601,data/krx/etf_authenticated_master.json,a212d774f6e92cd83e37826483d3e3532247f0a18afc0d68eff1db91f9e49e5f
261060,KR7261060008,TIGER 코스닥150IT,2016-12-15,,코스닥 150 정보기술,일반 (1),https://kind.krx.co.kr/disclosure/etfisudetail.do?method=searchEftIsuDetail&isuCd=KR7261060008,data/krx/kind_details/KR7261060008.html,0ae8997784ab38ac9094490cd18a993405ea8fe56a567233f3417cdba550c6f2,,,,
267300,KR7267300002,TIGER 코스닥150로우볼,2017-04-25,2020-06-23,코스닥 150 저변동성 지수,일반 (1),https://kind.krx.co.kr/disclosure/etfisudetail.do?method=searchEftIsuDetail&isuCd=KR7267300002,data/krx/kind_authenticated_followup/KR7267300002.html,4fd52e847b6808a3fb9753a9deea33047a0ddbe15e3642d93907a45f9e994dfb,,https://kind.krx.co.kr/disclosure/etfisudetail.do?method=searchEftIsuDetail&isuCd=KR7267300002,data/krx/kind_authenticated_followup/KR7267300002.html,4fd52e847b6808a3fb9753a9deea33047a0ddbe15e3642d93907a45f9e994dfb
261070,KR7261070007,TIGER 코스닥150바이오테크,2016-12-15,,,,https://data.krx.co.kr/comm/bldAttendant/getJsonData.cmd?bld=dbms/MDC/STAT/standard/MDCSTAT04601,data/krx/kind_details/KR7261070007.html,e3b0c44298fc1c149afbf4c8996fb92427ae41e4649b934ca495991b7852b855,listing_date_missing,https://data.krx.co.kr/comm/bldAttendant/getJsonData.cmd?bld=dbms/MDC/STAT/standard/MDCSTAT04601,data/krx/etf_authenticated_master.json,a212d774f6e92cd83e37826483d3e3532247f0a18afc0d68eff1db91f9e49e5f
250780,KR7250780004,TIGER 코스닥150선물인버스,2016-08-10,,,,https://data.krx.co.kr/comm/bldAttendant/getJsonData.cmd?bld=dbms/MDC/STAT/standard/MDCSTAT04601,data/krx/kind_details/KR7250780004.html,e3b0c44298fc1c149afbf4c8996fb92427ae41e4649b934ca495991b7852b855,listing_date_missing,https://data.krx.co.kr/comm/bldAttendant/getJsonData.cmd?bld=dbms/MDC/STAT/standard/MDCSTAT04601,data/krx/etf_authenticated_master.json,a212d774f6e92cd83e37826483d3e3532247f0a18afc0d68eff1db91f9e49e5f
461580,KR7461580003,TIGER 코스닥글로벌,2023-06-29,,,,https://data.krx.co.kr/comm/bldAttendant/getJsonData.cmd?bld=dbms/MDC/STAT/standard/MDCSTAT04601,data/krx/kind_details/KR7461580003.html,e3b0c44298fc1c149afbf4c8996fb92427ae41e4649b934ca495991b7852b855,listing_date_missing,https://data.krx.co.kr/comm/bldAttendant/getJsonData.cmd?bld=dbms/MDC/STAT/standard/MDCSTAT04601,data/krx/etf_authenticated_master.json,a212d774f6e92cd83e37826483d3e3532247f0a18afc0d68eff1db91f9e49e5f
0204S0,KR70204S0006,TIGER 코스닥액티브,2026-06-02,,,,https://data.krx.co.kr/comm/bldAttendant/getJsonData.cmd?bld=dbms/MDC/STAT/standard/MDCSTAT04601,data/krx/kind_details/KR70204S0006.html,e3b0c44298fc1c149afbf4c8996fb92427ae41e4649b934ca495991b7852b855,listing_date_missing,https://data.krx.co.kr/comm/bldAttendant/getJsonData.cmd?bld=dbms/MDC/STAT/standard/MDCSTAT04601,data/krx/etf_authenticated_master.json,a212d774f6e92cd83e37826483d3e3532247f0a18afc0d68eff1db91f9e49e5f
122390,KR7122390008,TIGER 코스닥프리미어,2010-02-08,2016-04-29,,,https://kind.krx.co.kr/disclosure/etfisudetail.do?method=searchEftIsuDetail&isuCd=KR7122390008,data/krx/kind_authenticated_followup/KR7122390008.html,aa2cdc01535865031cf9aee6516d9f61d01e6808a58d6fc85dd291e648b493d0,,https://kind.krx.co.kr/disclosure/etfisudetail.do?method=searchEftIsuDetail&isuCd=KR7122390008,data/krx/kind_authenticated_followup/KR7122390008.html,aa2cdc01535865031cf9aee6516d9f61d01e6808a58d6fc85dd291e648b493d0
277630,KR7277630000,TIGER 코스피,2017-08-31,,,,https://data.krx.co.kr/comm/bldAttendant/getJsonData.cmd?bld=dbms/MDC/STAT/standard/MDCSTAT04601,data/krx/kind_details/KR7277630000.html,e3b0c44298fc1c149afbf4c8996fb92427ae41e4649b934ca495991b7852b855,listing_date_missing,https://data.krx.co.kr/comm/bldAttendant/getJsonData.cmd?bld=dbms/MDC/STAT/standard/MDCSTAT04601,data/krx/etf_authenticated_master.json,a212d774f6e92cd83e37826483d3e3532247f0a18afc0d68eff1db91f9e49e5f
210780,KR7210780003,TIGER 코스피고배당,2014-12-05,,,,https://data.krx.co.kr/comm/bldAttendant/getJsonData.cmd?bld=dbms/MDC/STAT/standard/MDCSTAT04601,data/krx/kind_details/KR7210780003.html,e3b0c44298fc1c149afbf4c8996fb92427ae41e4649b934ca495991b7852b855,listing_date_missing,https://data.krx.co.kr/comm/bldAttendant/getJsonData.cmd?bld=dbms/MDC/STAT/standard/MDCSTAT04601,data/krx/etf_authenticated_master.json,a212d774f6e92cd83e37826483d3e3532247f0a18afc0d68eff1db91f9e49e5f
277640,KR7277640009,TIGER 코스피대형주,2017-08-31,,,,https://data.krx.co.kr/comm/bldAttendant/getJsonData.cmd?bld=dbms/MDC/STAT/standard/MDCSTAT04601,data/krx/kind_details/KR7277640009.html,e3b0c44298fc1c149afbf4c8996fb92427ae41e4649b934ca495991b7852b855,listing_date_missing,https://data.krx.co.kr/comm/bldAttendant/getJsonData.cmd?bld=dbms/MDC/STAT/standard/MDCSTAT04601,data/krx/etf_authenticated_master.json,a212d774f6e92cd83e37826483d3e3532247f0a18afc0d68eff1db91f9e49e5f
277650,KR7277650008,TIGER 코스피중형주,2017-08-31,,,,https://data.krx.co.kr/comm/bldAttendant/getJsonData.cmd?bld=dbms/MDC/STAT/standard/MDCSTAT04601,data/krx/kind_details/KR7277650008.html,e3b0c44298fc1c149afbf4c8996fb92427ae41e4649b934ca495991b7852b855,listing_date_missing,https://data.krx.co.kr/comm/bldAttendant/getJsonData.cmd?bld=dbms/MDC/STAT/standard/MDCSTAT04601,data/krx/etf_authenticated_master.json,a212d774f6e92cd83e37826483d3e3532247f0a18afc0d68eff1db91f9e49e5f
376410,KR7376410007,TIGER 탄소효율그린뉴딜,2021-02-05,,,,https://data.krx.co.kr/comm/bldAttendant/getJsonData.cmd?bld=dbms/MDC/STAT/standard/MDCSTAT04601,data/krx/kind_details/KR7376410007.html,e3b0c44298fc1c149afbf4c8996fb92427ae41e4649b934ca495991b7852b855,listing_date_missing,https://data.krx.co.kr/comm/bldAttendant/getJsonData.cmd?bld=dbms/MDC/STAT/standard/MDCSTAT04601,data/krx/etf_authenticated_master.json,a212d774f6e92cd83e37826483d3e3532247f0a18afc0d68eff1db91f9e49e5f
447770,KR7447770009,TIGER 테슬라채권혼합Fn,2022-11-29,,,,https://data.krx.co.kr/comm/bldAttendant/getJsonData.cmd?bld=dbms/MDC/STAT/standard/MDCSTAT04601,data/krx/kind_details/KR7447770009.html,e3b0c44298fc1c149afbf4c8996fb92427ae41e4649b934ca495991b7852b855,listing_date_missing,https://data.krx.co.kr/comm/bldAttendant/getJsonData.cmd?bld=dbms/MDC/STAT/standard/MDCSTAT04601,data/krx/etf_authenticated_master.json,a212d774f6e92cd83e37826483d3e3532247f0a18afc0d68eff1db91f9e49e5f
0060H0,KR70060H0002,TIGER 토탈월드스탁액티브,2025-06-24,,,,https://data.krx.co.kr/comm/bldAttendant/getJsonData.cmd?bld=dbms/MDC/STAT/standard/MDCSTAT04601,data/krx/kind_details/KR70060H0002.html,e3b0c44298fc1c149afbf4c8996fb92427ae41e4649b934ca495991b7852b855,listing_date_missing,https://data.krx.co.kr/comm/bldAttendant/getJsonData.cmd?bld=dbms/MDC/STAT/standard/MDCSTAT04601,data/krx/etf_authenticated_master.json,a212d774f6e92cd83e37826483d3e3532247f0a18afc0d68eff1db91f9e49e5f
387280,KR7387280001,TIGER 퓨처모빌리티액티브,2021-05-25,,,,https://data.krx.co.kr/comm/bldAttendant/getJsonData.cmd?bld=dbms/MDC/STAT/standard/MDCSTAT04601,data/krx/kind_details/KR7387280001.html,e3b0c44298fc1c149afbf4c8996fb92427ae41e4649b934ca495991b7852b855,listing_date_missing,https://data.krx.co.kr/comm/bldAttendant/getJsonData.cmd?bld=dbms/MDC/STAT/standard/MDCSTAT04601,data/krx/etf_authenticated_master.json,a212d774f6e92cd83e37826483d3e3532247f0a18afc0d68eff1db91f9e49e5f
449690,KR7449690007,TIGER 한중반도체(합성),2022-12-22,,,,https://data.krx.co.kr/comm/bldAttendant/getJsonData.cmd?bld=dbms/MDC/STAT/standard/MDCSTAT04601,data/krx/kind_details/KR7449690007.html,e3b0c44298fc1c149afbf4c8996fb92427ae41e4649b934ca495991b7852b855,listing_date_missing,https://data.krx.co.kr/comm/bldAttendant/getJsonData.cmd?bld=dbms/MDC/STAT/standard/MDCSTAT04601,data/krx/etf_authenticated_master.json,a212d774f6e92cd83e37826483d3e3532247f0a18afc0d68eff1db91f9e49e5f
449680,KR7449680008,TIGER 한중전기차(합성),2022-12-22,,KRX CSI 한·중 전기차 지수,일반 (1),https://kind.krx.co.kr/disclosure/etfisudetail.do?method=searchEftIsuDetail&isuCd=KR7449680008,data/krx/kind_details/KR7449680008.html,3382e7ac2c4927d4b7ab9c04bdbf872b023bb9afa13f4e341a1501b1fb99ccc9,,,,
143860,KR7143860005,TIGER 헬스케어,2011-07-18,,,,https://data.krx.co.kr/comm/bldAttendant/getJsonData.cmd?bld=dbms/MDC/STAT/standard/MDCSTAT04601,data/krx/kind_details/KR7143860005.html,e3b0c44298fc1c149afbf4c8996fb92427ae41e4649b934ca495991b7852b855,listing_date_missing,https://data.krx.co.kr/comm/bldAttendant/getJsonData.cmd?bld=dbms/MDC/STAT/standard/MDCSTAT04601,data/krx/etf_authenticated_master.json,a212d774f6e92cd83e37826483d3e3532247f0a18afc0d68eff1db91f9e49e5f
138540,KR7138540000,TIGER 현대차그룹플러스,2011-03-10,,MKF 현대차그룹+ FW,일반 (1),https://kind.krx.co.kr/disclosure/etfisudetail.do?method=searchEftIsuDetail&isuCd=KR7138540000,data/krx/kind_details/KR7138540000.html,11da168924f3c8e4d5779f809a2e11af1334a6a74841409308dad8837c71ea96,,,,
228790,KR7228790002,TIGER 화장품,2015-10-07,,,,https://data.krx.co.kr/comm/bldAttendant/getJsonData.cmd?bld=dbms/MDC/STAT/standard/MDCSTAT04601,data/krx/kind_details/KR7228790002.html,e3b0c44298fc1c149afbf4c8996fb92427ae41e4649b934ca495991b7852b855,listing_date_missing,https://data.krx.co.kr/comm/bldAttendant/getJsonData.cmd?bld=dbms/MDC/STAT/standard/MDCSTAT04601,data/krx/etf_authenticated_master.json,a212d774f6e92cd83e37826483d3e3532247f0a18afc0d68eff1db91f9e49e5f
157520,KR7157520008,TIGER 화학,2012-05-16,2018-12-18,FnGuide 화학 지수,일반 (1),https://kind.krx.co.kr/disclosure/etfisudetail.do?method=searchEftIsuDetail&isuCd=KR7157520008,data/krx/kind_details/KR7157520008.html,1af2dce113e29c9b35f71f13eebb5b39d481412d5358b949f68e1af7bc874dce,,,,
441800,KR7441800000,TIME Korea플러스배당액티브,2022-09-27,,,,https://data.krx.co.kr/comm/bldAttendant/getJsonData.cmd?bld=dbms/MDC/STAT/standard/MDCSTAT04601,data/krx/kind_details/KR7441800000.html,e3b0c44298fc1c149afbf4c8996fb92427ae41e4649b934ca495991b7852b855,listing_date_missing,https://data.krx.co.kr/comm/bldAttendant/getJsonData.cmd?bld=dbms/MDC/STAT/standard/MDCSTAT04601,data/krx/etf_authenticated_master.json,a212d774f6e92cd83e37826483d3e3532247f0a18afc0d68eff1db91f9e49e5f
463050,KR7463050005,TIME K바이오액티브,2023-08-17,,,,https://data.krx.co.kr/comm/bldAttendant/getJsonData.cmd?bld=dbms/MDC/STAT/standard/MDCSTAT04601,data/krx/kind_details/KR7463050005.html,e3b0c44298fc1c149afbf4c8996fb92427ae41e4649b934ca495991b7852b855,listing_date_missing,https://data.krx.co.kr/comm/bldAttendant/getJsonData.cmd?bld=dbms/MDC/STAT/standard/MDCSTAT04601,data/krx/etf_authenticated_master.json,a212d774f6e92cd83e37826483d3e3532247f0a18afc0d68eff1db91f9e49e5f
404120,KR7404120008,TIME K신재생에너지액티브,2021-10-29,,,,https://data.krx.co.kr/comm/bldAttendant/getJsonData.cmd?bld=dbms/MDC/STAT/standard/MDCSTAT04601,data/krx/kind_details/KR7404120008.html,e3b0c44298fc1c149afbf4c8996fb92427ae41e4649b934ca495991b7852b855,listing_date_missing,https://data.krx.co.kr/comm/bldAttendant/getJsonData.cmd?bld=dbms/MDC/STAT/standard/MDCSTAT04601,data/krx/etf_authenticated_master.json,a212d774f6e92cd83e37826483d3e3532247f0a18afc0d68eff1db91f9e49e5f
385710,KR7385710009,TIME K이노베이션액티브,2021-05-25,,,,https://data.krx.co.kr/comm/bldAttendant/getJsonData.cmd?bld=dbms/MDC/STAT/standard/MDCSTAT04601,data/krx/kind_details/KR7385710009.html,e3b0c44298fc1c149afbf4c8996fb92427ae41e4649b934ca495991b7852b855,listing_date_missing,https://data.krx.co.kr/comm/bldAttendant/getJsonData.cmd?bld=dbms/MDC/STAT/standard/MDCSTAT04601,data/krx/etf_authenticated_master.json,a212d774f6e92cd83e37826483d3e3532247f0a18afc0d68eff1db91f9e49e5f
410870,KR7410870000,TIME K컬처액티브,2021-12-15,,,,https://data.krx.co.kr/comm/bldAttendant/getJsonData.cmd?bld=dbms/MDC/STAT/standard/MDCSTAT04601,data/krx/kind_details/KR7410870000.html,e3b0c44298fc1c149afbf4c8996fb92427ae41e4649b934ca495991b7852b855,listing_date_missing,https://data.krx.co.kr/comm/bldAttendant/getJsonData.cmd?bld=dbms/MDC/STAT/standard/MDCSTAT04601,data/krx/etf_authenticated_master.json,a212d774f6e92cd83e37826483d3e3532247f0a18afc0d68eff1db91f9e49e5f
456600,KR7456600006,TIME 글로벌AI인공지능액티브,2023-05-16,,,,https://data.krx.co.kr/comm/bldAttendant/getJsonData.cmd?bld=dbms/MDC/STAT/standard/MDCSTAT04601,data/krx/kind_details/KR7456600006.html,e3b0c44298fc1c149afbf4c8996fb92427ae41e4649b934ca495991b7852b855,listing_date_missing,https://data.krx.co.kr/comm/bldAttendant/getJsonData.cmd?bld=dbms/MDC/STAT/standard/MDCSTAT04601,data/krx/etf_authenticated_master.json,a212d774f6e92cd83e37826483d3e3532247f0a18afc0d68eff1db91f9e49e5f
485810,KR7485810006,TIME 글로벌바이오액티브,2024-07-02,,,,https://data.krx.co.kr/comm/bldAttendant/getJsonData.cmd?bld=dbms/MDC/STAT/standard/MDCSTAT04601,data/krx/kind_details/KR7485810006.html,e3b0c44298fc1c149afbf4c8996fb92427ae41e4649b934ca495991b7852b855,listing_date_missing,https://data.krx.co.kr/comm/bldAttendant/getJsonData.cmd?bld=dbms/MDC/STAT/standard/MDCSTAT04601,data/krx/etf_authenticated_master.json,a212d774f6e92cd83e37826483d3e3532247f0a18afc0d68eff1db91f9e49e5f
494180,KR7494180003,TIME 글로벌소비트렌드액티브,2024-10-29,,,,https://data.krx.co.kr/comm/bldAttendant/getJsonData.cmd?bld=dbms/MDC/STAT/standard/MDCSTAT04601,data/krx/kind_details/KR7494180003.html,e3b0c44298fc1c149afbf4c8996fb92427ae41e4649b934ca495991b7852b855,listing_date_missing,https://data.krx.co.kr/comm/bldAttendant/getJsonData.cmd?bld=dbms/MDC/STAT/standard/MDCSTAT04601,data/krx/etf_authenticated_master.json,a212d774f6e92cd83e37826483d3e3532247f0a18afc0d68eff1db91f9e49e5f
478150,KR7478150006,TIME 글로벌우주테크&방산액티브,2024-04-23,,,,https://data.krx.co.kr/comm/bldAttendant/getJsonData.cmd?bld=dbms/MDC/STAT/standard/MDCSTAT04601,data/krx/kind_details/KR7478150006.html,e3b0c44298fc1c149afbf4c8996fb92427ae41e4649b934ca495991b7852b855,listing_date_missing,https://data.krx.co.kr/comm/bldAttendant/getJsonData.cmd?bld=dbms/MDC/STAT/standard/MDCSTAT04601,data/krx/etf_authenticated_master.json,a212d774f6e92cd83e37826483d3e3532247f0a18afc0d68eff1db91f9e49e5f
0113D0,KR70113D0003,TIME 글로벌탑픽액티브,2025-10-28,,,,https://data.krx.co.kr/comm/bldAttendant/getJsonData.cmd?bld=dbms/MDC/STAT/standard/MDCSTAT04601,data/krx/kind_details/KR70113D0003.html,e3b0c44298fc1c149afbf4c8996fb92427ae41e4649b934ca495991b7852b855,listing_date_missing,https://data.krx.co.kr/comm/bldAttendant/getJsonData.cmd?bld=dbms/MDC/STAT/standard/MDCSTAT04601,data/krx/etf_authenticated_master.json,a212d774f6e92cd83e37826483d3e3532247f0a18afc0d68eff1db91f9e49e5f
0185L0,KR70185L0006,TIME 글로벌휴머노이드로봇산업액티브,2026-05-19,,,,https://data.krx.co.kr/comm/bldAttendant/getJsonData.cmd?bld=dbms/MDC/STAT/standard/MDCSTAT04601,data/krx/kind_details/KR70185L0006.html,e3b0c44298fc1c149afbf4c8996fb92427ae41e4649b934ca495991b7852b855,listing_date_missing,https://data.krx.co.kr/comm/bldAttendant/getJsonData.cmd?bld=dbms/MDC/STAT/standard/MDCSTAT04601,data/krx/etf_authenticated_master.json,a212d774f6e92cd83e37826483d3e3532247f0a18afc0d68eff1db91f9e49e5f
426020,KR7426020004,TIME 미국S&P500액티브,2022-05-11,,,,https://data.krx.co.kr/comm/bldAttendant/getJsonData.cmd?bld=dbms/MDC/STAT/standard/MDCSTAT04601,data/krx/kind_details/KR7426020004.html,e3b0c44298fc1c149afbf4c8996fb92427ae41e4649b934ca495991b7852b855,listing_date_missing,https://data.krx.co.kr/comm/bldAttendant/getJsonData.cmd?bld=dbms/MDC/STAT/standard/MDCSTAT04601,data/krx/etf_authenticated_master.json,a212d774f6e92cd83e37826483d3e3532247f0a18afc0d68eff1db91f9e49e5f
426030,KR7426030003,TIME 미국나스닥100액티브,2022-05-11,,,,https://data.krx.co.kr/comm/bldAttendant/getJsonData.cmd?bld=dbms/MDC/STAT/standard/MDCSTAT04601,data/krx/kind_details/KR7426030003.html,e3b0c44298fc1c149afbf4c8996fb92427ae41e4649b934ca495991b7852b855,listing_date_missing,https://data.krx.co.kr/comm/bldAttendant/getJsonData.cmd?bld=dbms/MDC/STAT/standard/MDCSTAT04601,data/krx/etf_authenticated_master.json,a212d774f6e92cd83e37826483d3e3532247f0a18afc0d68eff1db91f9e49e5f
0019K0,KR70019K0009,TIME 미국나스닥100채권혼합50액티브,2025-03-25,,FnGuide 미국나스닥100 단기채권혼합 지수,일반 (1),https://kind.krx.co.kr/disclosure/etfisudetail.do?method=searchEftIsuDetail&isuCd=KR70019K0009,data/krx/kind_details/KR70019K0009.html,a7b6fbfab69405ea704bfccbba1d205cd7a70c49bff2765ff3d39a674ae24ef3,,,,
0036D0,KR70036D0007,TIME 미국배당다우존스액티브,2025-04-29,2026-08-19,Dow Jones U.S. Dividend 100 Price Return Index,일반 (1),https://kind.krx.co.kr/disclosure/etfisudetail.do?method=searchEftIsuDetail&isuCd=KR70036D0007,data/krx/kind_details/KR70036D0007.html,b74061ca31a14602470e637672b7f05dd487dd6bfa4158c23e4adb6b082cdca7,,,,
0043Y0,KR70043Y0003,TIME 차이나AI테크액티브,2025-05-13,,Solactive China Artificial Intelligence 지수(원화환산)(PR),일반 (1),https://kind.krx.co.kr/disclosure/etfisudetail.do?method=searchEftIsuDetail&isuCd=KR70043Y0003,data/krx/kind_details/KR70043Y0003.html,ccffefd11dd82a8583bf5ddfd25bd9c4b86cf4d3f78be795602cc5aba4506fc7,,,,
495060,KR7495060006,TIME 코리아밸류업액티브,2024-11-04,,,,https://data.krx.co.kr/comm/bldAttendant/getJsonData.cmd?bld=dbms/MDC/STAT/standard/MDCSTAT04601,data/krx/kind_details/KR7495060006.html,e3b0c44298fc1c149afbf4c8996fb92427ae41e4649b934ca495991b7852b855,listing_date_missing,https://data.krx.co.kr/comm/bldAttendant/getJsonData.cmd?bld=dbms/MDC/STAT/standard/MDCSTAT04601,data/krx/etf_authenticated_master.json,a212d774f6e92cd83e37826483d3e3532247f0a18afc0d68eff1db91f9e49e5f
0162Y0,KR70162Y0008,TIME 코스닥액티브,2026-03-10,,,,https://data.krx.co.kr/comm/bldAttendant/getJsonData.cmd?bld=dbms/MDC/STAT/standard/MDCSTAT04601,data/krx/kind_details/KR70162Y0008.html,e3b0c44298fc1c149afbf4c8996fb92427ae41e4649b934ca495991b7852b855,listing_date_missing,https://data.krx.co.kr/comm/bldAttendant/getJsonData.cmd?bld=dbms/MDC/STAT/standard/MDCSTAT04601,data/krx/etf_authenticated_master.json,a212d774f6e92cd83e37826483d3e3532247f0a18afc0d68eff1db91f9e49e5f
385720,KR7385720008,TIME 코스피액티브,2021-05-25,,코스피지수,일반 (1),https://kind.krx.co.kr/disclosure/etfisudetail.do?method=searchEftIsuDetail&isuCd=KR7385720008,data/krx/kind_details/KR7385720008.html,977daee4f404a72253e6c3fe645a1e9032c403f634d599e4f32b28ec865e5be8,,,,
108590,KR7108590001,TREX 200,2009-01-23,,,,https://data.krx.co.kr/comm/bldAttendant/getJsonData.cmd?bld=dbms/MDC/STAT/standard/MDCSTAT04601,data/krx/kind_details/KR7108590001.html,e3b0c44298fc1c149afbf4c8996fb92427ae41e4649b934ca495991b7852b855,listing_date_missing,https://data.krx.co.kr/comm/bldAttendant/getJsonData.cmd?bld=dbms/MDC/STAT/standard/MDCSTAT04601,data/krx/etf_authenticated_master.json,a212d774f6e92cd83e37826483d3e3532247f0a18afc0d68eff1db91f9e49e5f
097750,KR7097750004,TREX 중소형가치,2007-07-31,2020-06-23,MKF 중소형 가치,일반 (1),https://kind.krx.co.kr/disclosure/etfisudetail.do?method=searchEftIsuDetail&isuCd=KR7097750004,data/krx/kind_authenticated_followup/KR7097750004.html,76a7b49661fa0039a4444eafaf3928e1e7ed500027058499ef07896b10872b52,,https://kind.krx.co.kr/disclosure/etfisudetail.do?method=searchEftIsuDetail&isuCd=KR7097750004,data/krx/kind_authenticated_followup/KR7097750004.html,76a7b49661fa0039a4444eafaf3928e1e7ed500027058499ef07896b10872b52
145850,KR7145850004,TREX 펀더멘탈 200,2011-09-23,,,,https://data.krx.co.kr/comm/bldAttendant/getJsonData.cmd?bld=dbms/MDC/STAT/standard/MDCSTAT04601,data/krx/kind_details/KR7145850004.html,e3b0c44298fc1c149afbf4c8996fb92427ae41e4649b934ca495991b7852b855,listing_date_missing,https://data.krx.co.kr/comm/bldAttendant/getJsonData.cmd?bld=dbms/MDC/STAT/standard/MDCSTAT04601,data/krx/etf_authenticated_master.json,a212d774f6e92cd83e37826483d3e3532247f0a18afc0d68eff1db91f9e49e5f
472720,KR7472720002,TRUSTON 주주가치액티브,2023-12-14,,,,https://data.krx.co.kr/comm/bldAttendant/getJsonData.cmd?bld=dbms/MDC/STAT/standard/MDCSTAT04601,data/krx/kind_details/KR7472720002.html,e3b0c44298fc1c149afbf4c8996fb92427ae41e4649b934ca495991b7852b855,listing_date_missing,https://data.krx.co.kr/comm/bldAttendant/getJsonData.cmd?bld=dbms/MDC/STAT/standard/MDCSTAT04601,data/krx/etf_authenticated_master.json,a212d774f6e92cd83e37826483d3e3532247f0a18afc0d68eff1db91f9e49e5f
496130,KR7496130006,TRUSTON 코리아밸류업액티브,2024-11-04,,,,https://data.krx.co.kr/comm/bldAttendant/getJsonData.cmd?bld=dbms/MDC/STAT/standard/MDCSTAT04601,data/krx/kind_details/KR7496130006.html,e3b0c44298fc1c149afbf4c8996fb92427ae41e4649b934ca495991b7852b855,listing_date_missing,https://data.krx.co.kr/comm/bldAttendant/getJsonData.cmd?bld=dbms/MDC/STAT/standard/MDCSTAT04601,data/krx/etf_authenticated_master.json,a212d774f6e92cd83e37826483d3e3532247f0a18afc0d68eff1db91f9e49e5f
0184V0,KR70184V0005,UNICORN K바이오액티브,2026-05-12,,FnGuide K-바이오 밸런스드 지수,일반 (1),https://kind.krx.co.kr/disclosure/etfisudetail.do?method=searchEftIsuDetail&isuCd=KR70184V0005,data/krx/kind_details/KR70184V0005.html,cb9dd18187b1d65e3230cf47322d5ec8b1f583716f559c05a11fe768b8cd4c55,,,,
433250,KR7433250008,UNICORN R&D 액티브,2022-07-06,,코스피 200,일반 (1),https://kind.krx.co.kr/disclosure/etfisudetail.do?method=searchEftIsuDetail&isuCd=KR7433250008,data/krx/kind_details/KR7433250008.html,2cee6948bb0a366b5a863fe22f8dba162f70052a0af6b73ab46d84ee4147b72c,,,,
494220,KR7494220007,UNICORN SK하이닉스밸류체인액티브,2024-11-07,,,,https://data.krx.co.kr/comm/bldAttendant/getJsonData.cmd?bld=dbms/MDC/STAT/standard/MDCSTAT04601,data/krx/kind_details/KR7494220007.html,e3b0c44298fc1c149afbf4c8996fb92427ae41e4649b934ca495991b7852b855,listing_date_missing,https://data.krx.co.kr/comm/bldAttendant/getJsonData.cmd?bld=dbms/MDC/STAT/standard/MDCSTAT04601,data/krx/etf_authenticated_master.json,a212d774f6e92cd83e37826483d3e3532247f0a18afc0d68eff1db91f9e49e5f
470310,KR7470310004,UNICORN 생성형AI강소기업액티브,2023-11-21,,,,https://data.krx.co.kr/comm/bldAttendant/getJsonData.cmd?bld=dbms/MDC/STAT/standard/MDCSTAT04601,data/krx/kind_details/KR7470310004.html,e3b0c44298fc1c149afbf4c8996fb92427ae41e4649b934ca495991b7852b855,listing_date_missing,https://data.krx.co.kr/comm/bldAttendant/getJsonData.cmd?bld=dbms/MDC/STAT/standard/MDCSTAT04601,data/krx/etf_authenticated_master.json,a212d774f6e92cd83e37826483d3e3532247f0a18afc0d68eff1db91f9e49e5f
476000,KR7476000005,UNICORN 포스트IPO액티브,2024-02-27,,,,https://data.krx.co.kr/comm/bldAttendant/getJsonData.cmd?bld=dbms/MDC/STAT/standard/MDCSTAT04601,data/krx/kind_details/KR7476000005.html,e3b0c44298fc1c149afbf4c8996fb92427ae41e4649b934ca495991b7852b855,listing_date_missing,https://data.krx.co.kr/comm/bldAttendant/getJsonData.cmd?bld=dbms/MDC/STAT/standard/MDCSTAT04601,data/krx/etf_authenticated_master.json,a212d774f6e92cd83e37826483d3e3532247f0a18afc0d68eff1db91f9e49e5f
422260,KR7422260000,VITA MZ소비액티브,2022-03-29,2026-06-25,FnGuide MZ 소비 지수,일반 (1),https://kind.krx.co.kr/disclosure/etfisudetail.do?method=searchEftIsuDetail&isuCd=KR7422260000,data/krx/kind_authenticated_followup/KR7422260000.html,e2c1f12e02cc0d757e85242dd1658175bc6920f71198a03831d18d461230138b,,https://kind.krx.co.kr/disclosure/etfisudetail.do?method=searchEftIsuDetail&isuCd=KR7422260000,data/krx/kind_authenticated_followup/KR7422260000.html,e2c1f12e02cc0d757e85242dd1658175bc6920f71198a03831d18d461230138b
452440,KR7452440001,VITA 밸류알파액티브,2023-02-21,2026-05-29,FnGuide 밸류알파지수,일반 (1),https://kind.krx.co.kr/disclosure/etfisudetail.do?method=searchEftIsuDetail&isuCd=KR7452440001,data/krx/kind_authenticated_followup/KR7452440001.html,e0d9cec17b0bd0dd11b2a572ce0b48fa8c41e58b1ed1682a8a965c80f525ea26,,https://kind.krx.co.kr/disclosure/etfisudetail.do?method=searchEftIsuDetail&isuCd=KR7452440001,data/krx/kind_authenticated_followup/KR7452440001.html,e0d9cec17b0bd0dd11b2a572ce0b48fa8c41e58b1ed1682a8a965c80f525ea26
448100,KR7448100008,WON 200,2022-12-16,,,,https://data.krx.co.kr/comm/bldAttendant/getJsonData.cmd?bld=dbms/MDC/STAT/standard/MDCSTAT04601,data/krx/kind_details/KR7448100008.html,e3b0c44298fc1c149afbf4c8996fb92427ae41e4649b934ca495991b7852b855,listing_date_missing,https://data.krx.co.kr/comm/bldAttendant/getJsonData.cmd?bld=dbms/MDC/STAT/standard/MDCSTAT04601,data/krx/etf_authenticated_master.json,a212d774f6e92cd83e37826483d3e3532247f0a18afc0d68eff1db91f9e49e5f
468820,KR7468820006,WON 25-09 회사채(AA-이상)액티브,2023-10-19,2025-09-26,KAP 25-09 회사채 총수익 지수(AA-이상),일반 (1),https://kind.krx.co.kr/disclosure/etfisudetail.do?method=searchEftIsuDetail&isuCd=KR7468820006,data/krx/kind_authenticated_followup/KR7468820006.html,059a601c8a6138ec70bc1b2f2df7357caeafd69efd4054aaca9cdd028b79b8a8,,https://kind.krx.co.kr/disclosure/etfisudetail.do?method=searchEftIsuDetail&isuCd=KR7468820006,data/krx/kind_authenticated_followup/KR7468820006.html,059a601c8a6138ec70bc1b2f2df7357caeafd69efd4054aaca9cdd028b79b8a8
413930,KR7413930009,WON AI ESG액티브,2022-01-05,,MK-iSelect AI ESG 지수(시장가격지수),일반 (1),https://kind.krx.co.kr/disclosure/etfisudetail.do?method=searchEftIsuDetail&isuCd=KR7413930009,data/krx/kind_details/KR7413930009.html,6cd588f187031ec15e411e6fa09131f7bd0143a1aa8983867df4f063fc39afc1,,,,
0088N0,KR70088N0002,WON K-글로벌수급상위,2025-08-12,,,,https://data.krx.co.kr/comm/bldAttendant/getJsonData.cmd?bld=dbms/MDC/STAT/standard/MDCSTAT04601,data/krx/kind_details/KR70088N0002.html,e3b0c44298fc1c149afbf4c8996fb92427ae41e4649b934ca495991b7852b855,listing_date_missing,https://data.krx.co.kr/comm/bldAttendant/getJsonData.cmd?bld=dbms/MDC/STAT/standard/MDCSTAT04601,data/krx/etf_authenticated_master.json,a212d774f6e92cd83e37826483d3e3532247f0a18afc0d68eff1db91f9e49e5f
458030,KR7458030004,WON 국공채머니마켓액티브,2023-05-31,,,,https://data.krx.co.kr/comm/bldAttendant/getJsonData.cmd?bld=dbms/MDC/STAT/standard/MDCSTAT04601,data/krx/kind_details/KR7458030004.html,e3b0c44298fc1c149afbf4c8996fb92427ae41e4649b934ca495991b7852b855,listing_date_missing,https://data.krx.co.kr/comm/bldAttendant/getJsonData.cmd?bld=dbms/MDC/STAT/standard/MDCSTAT04601,data/krx/etf_authenticated_master.json,a212d774f6e92cd83e37826483d3e3532247f0a18afc0d68eff1db91f9e49e5f
426150,KR7426150009,WON 대한민국국고채액티브,2022-05-11,,KAP 한국 국고채 총수익 지수,일반 (1),https://kind.krx.co.kr/disclosure/etfisudetail.do?method=searchEftIsuDetail&isuCd=KR7426150009,data/krx/kind_details/KR7426150009.html,7bee574ada4fa7f286a57a018c2962a294a7eae62aef4fb2c2e45ddf65c44dfe,,,,
0177A0,KR70177A0009,WON 두산그룹포커스,2026-03-31,,,,https://data.krx.co.kr/comm/bldAttendant/getJsonData.cmd?bld=dbms/MDC/STAT/standard/MDCSTAT04601,data/krx/kind_details/KR70177A0009.html,e3b0c44298fc1c149afbf4c8996fb92427ae41e4649b934ca495991b7852b855,listing_date_missing,https://data.krx.co.kr/comm/bldAttendant/getJsonData.cmd?bld=dbms/MDC/STAT/standard/MDCSTAT04601,data/krx/etf_authenticated_master.json,a212d774f6e92cd83e37826483d3e3532247f0a18afc0d68eff1db91f9e49e5f
444490,KR7444490007,WON 미국S&P500,2022-10-06,,,,https://data.krx.co.kr/comm/bldAttendant/getJsonData.cmd?bld=dbms/MDC/STAT/standard/MDCSTAT04601,data/krx/kind_details/KR7444490007.html,e3b0c44298fc1c149afbf4c8996fb92427ae41e4649b934ca495991b7852b855,listing_date_missing,https://data.krx.co.kr/comm/bldAttendant/getJsonData.cmd?bld=dbms/MDC/STAT/standard/MDCSTAT04601,data/krx/etf_authenticated_master.json,a212d774f6e92cd83e37826483d3e3532247f0a18afc0d68eff1db91f9e49e5f
489290,KR7489290007,WON 미국빌리어네어,2024-09-03,,Bloomberg US Billionaires Investment Select Index(PR),일반 (1),https://kind.krx.co.kr/disclosure/etfisudetail.do?method=searchEftIsuDetail&isuCd=KR7489290007,data/krx/kind_details/KR7489290007.html,c0b4bd46e2ef2e23d8ea60056dc0b0951f40b22f13f302047ab3dbf7bd3f415a,,,,
440910,KR7440910008,WON 미국우주항공방산,2022-08-26,,S&P Aerospace & Defense Select Industry Index(PR),일반 (1),https://kind.krx.co.kr/disclosure/etfisudetail.do?method=searchEftIsuDetail&isuCd=KR7440910008,data/krx/kind_details/KR7440910008.html,7947fd9069baa69e5c8a175d6f8c30b2b2f8e6ed67fb27beba614e2be579a31f,,,,
474590,KR7474590007,WON 반도체밸류체인액티브,2024-01-16,,,,https://data.krx.co.kr/comm/bldAttendant/getJsonData.cmd?bld=dbms/MDC/STAT/standard/MDCSTAT04601,data/krx/kind_details/KR7474590007.html,e3b0c44298fc1c149afbf4c8996fb92427ae41e4649b934ca495991b7852b855,listing_date_missing,https://data.krx.co.kr/comm/bldAttendant/getJsonData.cmd?bld=dbms/MDC/STAT/standard/MDCSTAT04601,data/krx/etf_authenticated_master.json,a212d774f6e92cd83e37826483d3e3532247f0a18afc0d68eff1db91f9e49e5f
0203S0,KR70203S0007,WON 삼성전자현대차채권혼합50,2026-06-02,,KAP 삼성전자현대차채권혼합지수,일반 (1),https://kind.krx.co.kr/disclosure/etfisudetail.do?method=searchEftIsuDetail&isuCd=KR70203S0007,data/krx/kind_details/KR70203S0007.html,119ecb70b5d462c3260d46eacad0d10d5e63b5146c58b5da4975653271a39e31,,,,
496020,KR7496020009,WON 전단채플러스액티브,2024-11-19,,KIS 전단채플러스 TR 지수,일반 (1),https://kind.krx.co.kr/disclosure/etfisudetail.do?method=searchEftIsuDetail&isuCd=KR7496020009,data/krx/kind_details/KR7496020009.html,db8d9e713795584fbc1edd9c75594c69a11b16be33552b7e5e619994805bcc85,,,,
488720,KR7488720004,WON 종합채권(AA-이상)액티브,2024-08-06,,,,https://data.krx.co.kr/comm/bldAttendant/getJsonData.cmd?bld=dbms/MDC/STAT/standard/MDCSTAT04601,data/krx/kind_details/KR7488720004.html,e3b0c44298fc1c149afbf4c8996fb92427ae41e4649b934ca495991b7852b855,listing_date_missing,https://data.krx.co.kr/comm/bldAttendant/getJsonData.cmd?bld=dbms/MDC/STAT/standard/MDCSTAT04601,data/krx/etf_authenticated_master.json,a212d774f6e92cd83e37826483d3e3532247f0a18afc0d68eff1db91f9e49e5f
0203R0,KR70203R0008,WON 중단기종합채권(A-이상)액티브,2026-06-02,,,,https://data.krx.co.kr/comm/bldAttendant/getJsonData.cmd?bld=dbms/MDC/STAT/standard/MDCSTAT04601,data/krx/kind_details/KR70203R0008.html,e3b0c44298fc1c149afbf4c8996fb92427ae41e4649b934ca495991b7852b855,listing_date_missing,https://data.krx.co.kr/comm/bldAttendant/getJsonData.cmd?bld=dbms/MDC/STAT/standard/MDCSTAT04601,data/krx/etf_authenticated_master.json,a212d774f6e92cd83e37826483d3e3532247f0a18afc0d68eff1db91f9e49e5f
0154F0,KR70154F0001,WON 초대형IB&금융지주,2026-01-20,,iSelect 초대형IB&금융지주 지수,일반 (1),https://kind.krx.co.kr/disclosure/etfisudetail.do?method=searchEftIsuDetail&isuCd=KR70154F0001,data/krx/kind_details/KR70154F0001.html,54fd0081327990ab9ced98b75ee9fc531af99e4ded32bbc4612b1e31572c64f4,,,,
0226G0,KR70226G0004,WON 피지컬AI TOP2플러스액티브,2026-08-04,,,,https://data.krx.co.kr/comm/bldAttendant/getJsonData.cmd?bld=dbms/MDC/STAT/standard/MDCSTAT04601,data/krx/kind_details/KR70226G0004.html,e3b0c44298fc1c149afbf4c8996fb92427ae41e4649b934ca495991b7852b855,listing_date_missing,https://data.krx.co.kr/comm/bldAttendant/getJsonData.cmd?bld=dbms/MDC/STAT/standard/MDCSTAT04601,data/krx/etf_authenticated_master.json,a212d774f6e92cd83e37826483d3e3532247f0a18afc0d68eff1db91f9e49e5f
480460,KR7480460005,WON 한국부동산TOP3플러스,2024-04-30,,,,https://data.krx.co.kr/comm/bldAttendant/getJsonData.cmd?bld=dbms/MDC/STAT/standard/MDCSTAT04601,data/krx/kind_details/KR7480460005.html,e3b0c44298fc1c149afbf4c8996fb92427ae41e4649b934ca495991b7852b855,listing_date_missing,https://data.krx.co.kr/comm/bldAttendant/getJsonData.cmd?bld=dbms/MDC/STAT/standard/MDCSTAT04601,data/krx/etf_authenticated_master.json,a212d774f6e92cd83e37826483d3e3532247f0a18afc0d68eff1db91f9e49e5f
0053M0,KR70053M0004,더제이 중소형포커스액티브,2025-07-22,,코스피 200 중소형주지수,일반 (1),https://kind.krx.co.kr/disclosure/etfisudetail.do?method=searchEftIsuDetail&isuCd=KR70053M0004,data/krx/kind_details/KR70053M0004.html,320db79516f6bcf586ca7a873d7f83ceb3ea10b8c5e9d703cb1b8434c9c48a14,,,,
137930,KR7137930004,마이다스 200커버드콜5%OTM,2011-02-15,2023-10-27,코스피 200 커버드콜 5% OTM 지수(PR 지수),일반 (1),https://kind.krx.co.kr/disclosure/etfisudetail.do?method=searchEftIsuDetail&isuCd=KR7137930004,data/krx/kind_details/KR7137930004.html,c4c7bb2f18566f07aace2783a6e5656176ca5c81dcea94f53c2033bba4faa7bf,,,,
0112X0,KR70112X0000,마이티 200TR,2025-10-28,,코스피 200 TR지수,일반 (1),https://kind.krx.co.kr/disclosure/etfisudetail.do?method=searchEftIsuDetail&isuCd=KR70112X0000,data/krx/kind_details/KR70112X0000.html,b84bf1cc47be06237a52494ec46aca82866be5a33a8c3619a57d495e0fd962d8,,,,
292340,KR7292340007,마이티 200커버드콜ATM레버리지,2018-03-20,2023-12-27,코스피 200 커버드콜 ATM 레버리지 지수,2X 레버리지 (2),https://kind.krx.co.kr/disclosure/etfisudetail.do?method=searchEftIsuDetail&isuCd=KR7292340007,data/krx/kind_authenticated_followup/KR7292340007.html,a50278f66688b4c2c6a5869889ded3793a6f022d31b3b2d012bcd677f178f246,,https://kind.krx.co.kr/disclosure/etfisudetail.do?method=searchEftIsuDetail&isuCd=KR7292340007,data/krx/kind_authenticated_followup/KR7292340007.html,a50278f66688b4c2c6a5869889ded3793a6f022d31b3b2d012bcd677f178f246
465780,KR7465780005,마이티 26-09 특수채(AAA)액티브,2023-09-21,,,,https://data.krx.co.kr/comm/bldAttendant/getJsonData.cmd?bld=dbms/MDC/STAT/standard/MDCSTAT04601,data/krx/kind_details/KR7465780005.html,e3b0c44298fc1c149afbf4c8996fb92427ae41e4649b934ca495991b7852b855,listing_date_missing,https://data.krx.co.kr/comm/bldAttendant/getJsonData.cmd?bld=dbms/MDC/STAT/standard/MDCSTAT04601,data/krx/etf_authenticated_master.json,a212d774f6e92cd83e37826483d3e3532247f0a18afc0d68eff1db91f9e49e5f
0191M0,KR70191M0007,마이티 5월만기자동연장특수채(AAA)액티브,2026-06-02,,KAP 5월 만기자동연장 특수채(AAA) 총수익 지수,일반 (1),https://kind.krx.co.kr/disclosure/etfisudetail.do?method=searchEftIsuDetail&isuCd=KR70191M0007,data/krx/kind_details/KR70191M0007.html,d5f5e786dd52efc88daf347af7408f7b33ed29993690ef8fa7999209872e1b5b,,,,
0222F0,KR70222F0009,마이티 AI데이터센터밸류체인,2026-08-04,,KAP AI데이터센터밸류체인지수,일반 (1),https://kind.krx.co.kr/disclosure/etfisudetail.do?method=searchEftIsuDetail&isuCd=KR70222F0009,data/krx/kind_details/KR70222F0009.html,a96f3e5b8aa592c1a893343c53e8ed3aebb3c3553279e9b0843a240ab5608ac5,,,,
442260,KR7442260006,마이티 다이나믹퀀트액티브,2022-10-25,,코스피 200,일반 (1),https://kind.krx.co.kr/disclosure/etfisudetail.do?method=searchEftIsuDetail&isuCd=KR7442260006,data/krx/kind_details/KR7442260006.html,ec35b55ed04e5fc5fdbffdf15d0f7b0d511e6688872be68913552fd4d01e1d85,,,,
0001P0,KR70001P0004,마이티 바이오시밀러&CDMO액티브,2024-12-24,,FnGuide 바이오시밀러&CDMO 지수,일반 (1),https://kind.krx.co.kr/disclosure/etfisudetail.do?method=searchEftIsuDetail&isuCd=KR70001P0004,data/krx/kind_details/KR70001P0004.html,8019402e47a65309b36bd0d93a50191dc1bdbf1bfe643a54108da52f39742378,,,,
0229F0,KR70229F0002,마이티 신약포커스바이오액티브,2026-09-01,,FnGuide 신약포커스바이오 지수,일반 (1),https://kind.krx.co.kr/disclosure/etfisudetail.do?method=searchEftIsuDetail&isuCd=KR70229F0002,data/krx/kind_details/KR70229F0002.html,e8560d2a3cddb9a5f87114111e92d18940c1e841157df3cc049d81bd91535342,,,,
159800,KR7159800002,마이티 코스피100,2012-07-05,,코스피 100,일반 (1),https://kind.krx.co.kr/disclosure/etfisudetail.do?method=searchEftIsuDetail&isuCd=KR7159800002,data/krx/kind_details/KR7159800002.html,83b3c7735ca00836e54f0b8e4706e281c8baf4e75027c6904cac30f6f6892768,,,,
211210,KR7211210000,마이티 코스피고배당,2014-12-12,2020-08-04,코스피 고배당 50,일반 (1),https://kind.krx.co.kr/disclosure/etfisudetail.do?method=searchEftIsuDetail&isuCd=KR7211210000,data/krx/kind_authenticated_followup/KR7211210000.html,b17fc57056617ba32844e525314d41f4b250301f2182c273db41b3c7d487bbe9,,https://kind.krx.co.kr/disclosure/etfisudetail.do?method=searchEftIsuDetail&isuCd=KR7211210000,data/krx/kind_authenticated_followup/KR7211210000.html,b17fc57056617ba32844e525314d41f4b250301f2182c273db41b3c7d487bbe9
0007N0,KR70007N0000,아이엠에셋 200,2025-02-11,,,,https://data.krx.co.kr/comm/bldAttendant/getJsonData.cmd?bld=dbms/MDC/STAT/standard/MDCSTAT04601,data/krx/kind_details/KR70007N0000.html,e3b0c44298fc1c149afbf4c8996fb92427ae41e4649b934ca495991b7852b855,listing_date_missing,https://data.krx.co.kr/comm/bldAttendant/getJsonData.cmd?bld=dbms/MDC/STAT/standard/MDCSTAT04601,data/krx/etf_authenticated_master.json,a212d774f6e92cd83e37826483d3e3532247f0a18afc0d68eff1db91f9e49e5f
462340,KR7462340001,에셋플러스 글로벌다이나믹시니어액티브,2023-07-25,,,,https://data.krx.co.kr/comm/bldAttendant/getJsonData.cmd?bld=dbms/MDC/STAT/standard/MDCSTAT04601,data/krx/kind_details/KR7462340001.html,e3b0c44298fc1c149afbf4c8996fb92427ae41e4649b934ca495991b7852b855,listing_date_missing,https://data.krx.co.kr/comm/bldAttendant/getJsonData.cmd?bld=dbms/MDC/STAT/standard/MDCSTAT04601,data/krx/etf_authenticated_master.json,a212d774f6e92cd83e37826483d3e3532247f0a18afc0d68eff1db91f9e49e5f
433220,KR7433220001,에셋플러스 글로벌대장장이액티브,2022-06-28,,S&P 500,일반 (1),https://kind.krx.co.kr/disclosure/etfisudetail.do?method=searchEftIsuDetail&isuCd=KR7433220001,data/krx/kind_details/KR7433220001.html,155d325b228f1de5d8903582f117264a2df6e380a75362e81b457a4d14e2b2a3,,,,
451150,KR7451150007,에셋플러스 글로벌영에이지액티브,2023-01-31,,,,https://data.krx.co.kr/comm/bldAttendant/getJsonData.cmd?bld=dbms/MDC/STAT/standard/MDCSTAT04601,data/krx/kind_details/KR7451150007.html,e3b0c44298fc1c149afbf4c8996fb92427ae41e4649b934ca495991b7852b855,listing_date_missing,https://data.krx.co.kr/comm/bldAttendant/getJsonData.cmd?bld=dbms/MDC/STAT/standard/MDCSTAT04601,data/krx/etf_authenticated_master.json,a212d774f6e92cd83e37826483d3e3532247f0a18afc0d68eff1db91f9e49e5f
477490,KR7477490007,에셋플러스 글로벌일등기업포커스10액티브,2024-03-19,,MSCI World,일반 (1),https://kind.krx.co.kr/disclosure/etfisudetail.do?method=searchEftIsuDetail&isuCd=KR7477490007,data/krx/kind_details/KR7477490007.html,b6e86fe11ce3338355dba8acccc4738983cc55d77c07bc7d4a42fa7989a5a2dc,,,,
407830,KR7407830009,에셋플러스 글로벌플랫폼액티브,2021-11-16,,S&P 500,일반 (1),https://kind.krx.co.kr/disclosure/etfisudetail.do?method=searchEftIsuDetail&isuCd=KR7407830009,data/krx/kind_details/KR7407830009.html,5dd080041c8b10536c7c890d47a41f2e139e9412d4cbdc87af622acae5b5e6b8,,,,
0002C0,KR70002C0008,에셋플러스 인도일등기업포커스20액티브,2025-02-25,,,,https://data.krx.co.kr/comm/bldAttendant/getJsonData.cmd?bld=dbms/MDC/STAT/standard/MDCSTAT04601,data/krx/kind_details/KR70002C0008.html,e3b0c44298fc1c149afbf4c8996fb92427ae41e4649b934ca495991b7852b855,listing_date_missing,https://data.krx.co.kr/comm/bldAttendant/getJsonData.cmd?bld=dbms/MDC/STAT/standard/MDCSTAT04601,data/krx/etf_authenticated_master.json,a212d774f6e92cd83e37826483d3e3532247f0a18afc0d68eff1db91f9e49e5f
474920,KR7474920006,에셋플러스 차이나일등기업포커스10액티브,2024-01-16,,,,https://data.krx.co.kr/comm/bldAttendant/getJsonData.cmd?bld=dbms/MDC/STAT/standard/MDCSTAT04601,data/krx/kind_details/KR7474920006.html,e3b0c44298fc1c149afbf4c8996fb92427ae41e4649b934ca495991b7852b855,listing_date_missing,https://data.krx.co.kr/comm/bldAttendant/getJsonData.cmd?bld=dbms/MDC/STAT/standard/MDCSTAT04601,data/krx/etf_authenticated_master.json,a212d774f6e92cd83e37826483d3e3532247f0a18afc0d68eff1db91f9e49e5f
442090,KR7442090007,에셋플러스 코리아대장장이액티브,2022-09-20,,,,https://data.krx.co.kr/comm/bldAttendant/getJsonData.cmd?bld=dbms/MDC/STAT/standard/MDCSTAT04601,data/krx/kind_details/KR7442090007.html,e3b0c44298fc1c149afbf4c8996fb92427ae41e4649b934ca495991b7852b855,listing_date_missing,https://data.krx.co.kr/comm/bldAttendant/getJsonData.cmd?bld=dbms/MDC/STAT/standard/MDCSTAT04601,data/krx/etf_authenticated_master.json,a212d774f6e92cd83e37826483d3e3532247f0a18afc0d68eff1db91f9e49e5f
407820,KR7407820000,에셋플러스 코리아플랫폼액티브,2021-11-16,,FnGuide 플랫폼 지수(Price Return),일반 (1),https://kind.krx.co.kr/disclosure/etfisudetail.do?method=searchEftIsuDetail&isuCd=KR7407820000,data/krx/kind_details/KR7407820000.html,2df344357253500c40967621dd604be26cc63206f1061d7b390371bf2f0c5d5f,,,,
072350,KR7072350002,코덱스 큐 상장지수투자신탁,2003-04-28,2006-01-05,,,https://kind.krx.co.kr/disclosure/etfisudetail.do?method=searchEftIsuDetail&isuCd=KR7072350002,data/krx/kind_details/KR7072350002.html,95b568bddd7e7f57f3b33bb257cc55ccb7a0d3912f8d2e8da5600d027023f82d,,,,
152870,KR7152870002,파워 200,2012-02-13,,코스피 200,일반 (1),https://kind.krx.co.kr/disclosure/etfisudetail.do?method=searchEftIsuDetail&isuCd=KR7152870002,data/krx/kind_details/KR7152870002.html,4f0a234dce8f63e8373e163fd9cf9b11bf0ed2f5dea65b187f3433d9c0cbe808,,,,
491510,KR7491510004,파워 K-주주가치액티브,2024-09-24,,,,https://data.krx.co.kr/comm/bldAttendant/getJsonData.cmd?bld=dbms/MDC/STAT/standard/MDCSTAT04601,data/krx/kind_details/KR7491510004.html,e3b0c44298fc1c149afbf4c8996fb92427ae41e4649b934ca495991b7852b855,listing_date_missing,https://data.krx.co.kr/comm/bldAttendant/getJsonData.cmd?bld=dbms/MDC/STAT/standard/MDCSTAT04601,data/krx/etf_authenticated_master.json,a212d774f6e92cd83e37826483d3e3532247f0a18afc0d68eff1db91f9e49e5f
192720,KR7192720001,파워 고배당저변동성,2014-02-20,,코스피 200 고배당지수,일반 (1),https://kind.krx.co.kr/disclosure/etfisudetail.do?method=searchEftIsuDetail&isuCd=KR7192720001,data/krx/kind_details/KR7192720001.html,26336a1aa9ad83195a261e274c41603895da47078f4de2065e642b067f627ba7,,,,
226810,KR7226810000,파워 단기채,2015-08-26,2019-05-31,KAP 단기채권지수(총수익),일반 (1),https://kind.krx.co.kr/disclosure/etfisudetail.do?method=searchEftIsuDetail&isuCd=KR7226810000,data/krx/kind_authenticated_followup/KR7226810000.html,d1ae776c9849c9eae2916c62a00bb60a27feba7fc8d00a193cc9f01ee5de0b8a,,https://kind.krx.co.kr/disclosure/etfisudetail.do?method=searchEftIsuDetail&isuCd=KR7226810000,data/krx/kind_authenticated_followup/KR7226810000.html,d1ae776c9849c9eae2916c62a00bb60a27feba7fc8d00a193cc9f01ee5de0b8a
275540,KR7275540003,파워 스마트밸류,2017-07-11,2020-06-23,KRX 스마트 밸류 지수,일반 (1),https://kind.krx.co.kr/disclosure/etfisudetail.do?method=searchEftIsuDetail&isuCd=KR7275540003,data/krx/kind_authenticated_followup/KR7275540003.html,ad618116750cf99e67841754dc21710634ec75580f37b5b2fa62dc4b1e5e8f56,,https://kind.krx.co.kr/disclosure/etfisudetail.do?method=searchEftIsuDetail&isuCd=KR7275540003,data/krx/kind_authenticated_followup/KR7275540003.html,ad618116750cf99e67841754dc21710634ec75580f37b5b2fa62dc4b1e5e8f56
498180,KR7498180009,파워 종합채권(AA-이상)액티브,2024-11-26,,,,https://data.krx.co.kr/comm/bldAttendant/getJsonData.cmd?bld=dbms/MDC/STAT/standard/MDCSTAT04601,data/krx/kind_details/KR7498180009.html,e3b0c44298fc1c149afbf4c8996fb92427ae41e4649b934ca495991b7852b855,listing_date_missing,https://data.krx.co.kr/comm/bldAttendant/getJsonData.cmd?bld=dbms/MDC/STAT/standard/MDCSTAT04601,data/krx/etf_authenticated_master.json,a212d774f6e92cd83e37826483d3e3532247f0a18afc0d68eff1db91f9e49e5f
176710,KR7176710002,파워 중기국고채,2013-05-22,2022-07-20,KTB index(시장가격),일반 (1),https://kind.krx.co.kr/disclosure/etfisudetail.do?method=searchEftIsuDetail&isuCd=KR7176710002,data/krx/kind_details/KR7176710002.html,61701ff5d61132af38976b1af9ad51d809858da07169c6b44a1cd7e6df2d9d4d,,,,
140950,KR7140950007,파워 코스피100,2011-05-03,,코스피 100,일반 (1),https://kind.krx.co.kr/disclosure/etfisudetail.do?method=searchEftIsuDetail&isuCd=KR7140950007,data/krx/kind_details/KR7140950007.html,38b25dd4ec6af92edf44798c9a47e74dddc0c89959b8a3e2428547598db5753c,,,,
464230,KR7464230002,히어로즈 24-09 회사채(AA-이상)액티브,2023-08-17,2024-09-27,KIS 2409 만기형 크레딧 종합채권 지수(AA-이상)(총수익지수),일반 (1),https://kind.krx.co.kr/disclosure/etfisudetail.do?method=searchEftIsuDetail&isuCd=KR7464230002,data/krx/kind_details/KR7464230002.html,43e208c4c0e4d2b98ca0894ea054753edb99ae4239e98348cf588f631ccb0288,,,,
