key,ticker,name,asset_class,role,max_weight,valid_from,valid_to,lifecycle_event,successor_ticker,coverage,source,known_from,settlement_amount,settlement_date,settlement_known_at,settlement_adjustment_factor,settlement_source,last_trading_date,trading_end_source
inventory_0000D0,0000D0,TIGER 엔비디아미국채커버드콜밸런스(합성),unclassified,unclassified,1.0,2024-12-17,,active,,inventory_only,https://data.krx.co.kr/comm/bldAttendant/getJsonData.cmd?bld=dbms/MDC/STAT/standard/MDCSTAT04601,,,,,,,,
inventory_0000H0,0000H0,KODEX 인도Nifty미드캡100,unclassified,unclassified,1.0,2025-04-08,,active,,inventory_only,https://kind.krx.co.kr/disclosure/etfisudetail.do?method=searchEftIsuDetail&isuCd=KR70000H0005,,,,,,,,
inventory_0000J0,0000J0,PLUS 한화그룹주,unclassified,unclassified,1.0,2024-12-24,,active,,inventory_only,https://kind.krx.co.kr/disclosure/etfisudetail.do?method=searchEftIsuDetail&isuCd=KR70000J0003,,,,,,,,
inventory_0000Y0,0000Y0,HK 26-12 회사채(AA-이상)액티브,unclassified,unclassified,1.0,2024-12-24,,active,,inventory_only,https://kind.krx.co.kr/disclosure/etfisudetail.do?method=searchEftIsuDetail&isuCd=KR70000Y0004,,,,,,,,
inventory_0000Z0,0000Z0,RISE 바이오TOP10액티브,unclassified,unclassified,1.0,2024-12-24,,active,,inventory_only,https://data.krx.co.kr/comm/bldAttendant/getJsonData.cmd?bld=dbms/MDC/STAT/standard/MDCSTAT04601,,,,,,,,
inventory_0001P0,0001P0,마이티 바이오시밀러&CDMO액티브,unclassified,unclassified,1.0,2024-12-24,,active,,inventory_only,https://kind.krx.co.kr/disclosure/etfisudetail.do?method=searchEftIsuDetail&isuCd=KR70001P0004,,,,,,,,
inventory_0001S0,0001S0,TIGER 26-04 회사채(A+이상)액티브,unclassified,unclassified,1.0,2024-12-24,2026-04-22,delisted,,inventory_only,https://kind.krx.co.kr/disclosure/etfisudetail.do?method=searchEftIsuDetail&isuCd=KR70001S0001,,,,,,,,
inventory_0002C0,0002C0,에셋플러스 인도일등기업포커스20액티브,unclassified,unclassified,1.0,2025-02-25,,active,,inventory_only,https://data.krx.co.kr/comm/bldAttendant/getJsonData.cmd?bld=dbms/MDC/STAT/standard/MDCSTAT04601,,,,,,,,
inventory_0004G0,0004G0,1Q 미국배당TOP30,unclassified,unclassified,1.0,2025-01-21,,active,,inventory_only,https://kind.krx.co.kr/disclosure/etfisudetail.do?method=searchEftIsuDetail&isuCd=KR70004G0002,,,,,,,,
inventory_0005A0,0005A0,KODEX 미국S&P500데일리커버드콜OTM,unclassified,unclassified,1.0,2025-01-07,,active,,inventory_only,https://kind.krx.co.kr/disclosure/etfisudetail.do?method=searchEftIsuDetail&isuCd=KR70005A0007,,,,,,,,
inventory_0005C0,0005C0,RISE 미국S&P500엔화노출(합성 H),unclassified,unclassified,1.0,2025-01-14,,active,,inventory_only,https://data.krx.co.kr/comm/bldAttendant/getJsonData.cmd?bld=dbms/MDC/STAT/standard/MDCSTAT04601,,,,,,,,
inventory_0005D0,0005D0,SOL 전고체배터리&실리콘음극재,unclassified,unclassified,1.0,2025-01-07,,active,,inventory_only,https://data.krx.co.kr/comm/bldAttendant/getJsonData.cmd?bld=dbms/MDC/STAT/standard/MDCSTAT04601,,,,,,,,
inventory_0005G0,0005G0,IBK K-AI반도체코어테크,unclassified,unclassified,1.0,2025-01-21,,active,,inventory_only,https://kind.krx.co.kr/disclosure/etfisudetail.do?method=searchEftIsuDetail&isuCd=KR70005G0001,,,,,,,,
inventory_0007F0,0007F0,KODEX 27-12 회사채(AA-이상)액티브,unclassified,unclassified,1.0,2025-01-14,,active,,inventory_only,https://kind.krx.co.kr/disclosure/etfisudetail.do?method=searchEftIsuDetail&isuCd=KR70007F0000,,,,,,,,
inventory_0007G0,0007G0,PLUS 글로벌원자력밸류체인,unclassified,unclassified,1.0,2025-01-14,,active,,inventory_only,https://data.krx.co.kr/comm/bldAttendant/getJsonData.cmd?bld=dbms/MDC/STAT/standard/MDCSTAT04601,,,,,,,,
inventory_0007N0,0007N0,아이엠에셋 200,unclassified,unclassified,1.0,2025-02-11,,active,,inventory_only,https://data.krx.co.kr/comm/bldAttendant/getJsonData.cmd?bld=dbms/MDC/STAT/standard/MDCSTAT04601,,,,,,,,
inventory_0008E0,0008E0,ACE 미국중심중소형제조업,unclassified,unclassified,1.0,2025-01-21,,active,,inventory_only,https://kind.krx.co.kr/disclosure/etfisudetail.do?method=searchEftIsuDetail&isuCd=KR70008E0000,,,,,,,,
inventory_0008S0,0008S0,TIGER 미국배당다우존스타겟데일리커버드콜,unclassified,unclassified,1.0,2025-01-21,,active,,inventory_only,https://data.krx.co.kr/comm/bldAttendant/getJsonData.cmd?bld=dbms/MDC/STAT/standard/MDCSTAT04601,,,,,,,,
inventory_0008T0,0008T0,SOL 화장품TOP3플러스,unclassified,unclassified,1.0,2025-01-21,,active,,inventory_only,https://data.krx.co.kr/comm/bldAttendant/getJsonData.cmd?bld=dbms/MDC/STAT/standard/MDCSTAT04601,,,,,,,,
inventory_0010E0,0010E0,ACE FTSE WGBI Korea,unclassified,unclassified,1.0,2025-02-18,2026-04-21,delisted,,inventory_only,https://kind.krx.co.kr/disclosure/etfisudetail.do?method=searchEftIsuDetail&isuCd=KR70010E0006,,,,,,,,
inventory_0013P0,0013P0,RISE 미국은행TOP10,unclassified,unclassified,1.0,2025-02-18,,active,,inventory_only,https://data.krx.co.kr/comm/bldAttendant/getJsonData.cmd?bld=dbms/MDC/STAT/standard/MDCSTAT04601,,,,,,,,
inventory_0013R0,0013R0,RISE 테슬라미국채타겟커버드콜혼합(합성),unclassified,unclassified,1.0,2025-02-18,,active,,inventory_only,https://data.krx.co.kr/comm/bldAttendant/getJsonData.cmd?bld=dbms/MDC/STAT/standard/MDCSTAT04601,,,,,,,,
inventory_0015B0,0015B0,KoAct 미국나스닥성장기업액티브,unclassified,unclassified,1.0,2025-02-25,,active,,inventory_only,https://data.krx.co.kr/comm/bldAttendant/getJsonData.cmd?bld=dbms/MDC/STAT/standard/MDCSTAT04601,,,,,,,,
inventory_0015E0,0015E0,KIWOOM 엔비디아미국30년국채혼합액티브(H),unclassified,unclassified,1.0,2025-02-11,,active,,inventory_only,https://kind.krx.co.kr/disclosure/etfisudetail.do?method=searchEftIsuDetail&isuCd=KR70015E0001,,,,,,,,
inventory_0015F0,0015F0,KIWOOM 팔란티어미국30년국채혼합액티브(H),unclassified,unclassified,1.0,2025-02-11,,active,,inventory_only,https://kind.krx.co.kr/disclosure/etfisudetail.do?method=searchEftIsuDetail&isuCd=KR70015F0000,,,,,,,,
inventory_0015K0,0015K0,TIGER 미국소비트렌드액티브,unclassified,unclassified,1.0,2025-02-18,,active,,inventory_only,https://data.krx.co.kr/comm/bldAttendant/getJsonData.cmd?bld=dbms/MDC/STAT/standard/MDCSTAT04601,,,,,,,,
inventory_0016X0,0016X0,SOL 중단기회사채(A-이상)액티브,unclassified,unclassified,1.0,2025-02-18,,active,,inventory_only,https://data.krx.co.kr/comm/bldAttendant/getJsonData.cmd?bld=dbms/MDC/STAT/standard/MDCSTAT04601,,,,,,,,
inventory_0017Y0,0017Y0,1Q 종합채권(AA-이상)액티브,unclassified,unclassified,1.0,2025-02-25,,active,,inventory_only,https://kind.krx.co.kr/disclosure/etfisudetail.do?method=searchEftIsuDetail&isuCd=KR70017Y0005,,,,,,,,
inventory_0018C0,0018C0,PLUS 고배당주위클리고정커버드콜,unclassified,unclassified,1.0,2025-03-05,,active,,inventory_only,https://data.krx.co.kr/comm/bldAttendant/getJsonData.cmd?bld=dbms/MDC/STAT/standard/MDCSTAT04601,,,,,,,,
inventory_0018Z0,0018Z0,RISE 미국양자컴퓨팅,unclassified,unclassified,1.0,2025-03-11,,active,,inventory_only,https://data.krx.co.kr/comm/bldAttendant/getJsonData.cmd?bld=dbms/MDC/STAT/standard/MDCSTAT04601,,,,,,,,
inventory_0019K0,0019K0,TIME 미국나스닥100채권혼합50액티브,unclassified,unclassified,1.0,2025-03-25,,active,,inventory_only,https://kind.krx.co.kr/disclosure/etfisudetail.do?method=searchEftIsuDetail&isuCd=KR70019K0009,,,,,,,,
inventory_0020H0,0020H0,KoAct 글로벌양자컴퓨팅액티브,unclassified,unclassified,1.0,2025-03-11,,active,,inventory_only,https://data.krx.co.kr/comm/bldAttendant/getJsonData.cmd?bld=dbms/MDC/STAT/standard/MDCSTAT04601,,,,,,,,
inventory_0021C0,0021C0,ACE TDF장기자산배분액티브,unclassified,unclassified,1.0,2025-03-11,2026-07-09,delisted,,inventory_only,https://kind.krx.co.kr/disclosure/etfisudetail.do?method=searchEftIsuDetail&isuCd=KR70021C0005,,,,,,,,
inventory_0021D0,0021D0,ACE TDF2030액티브 적격,unclassified,unclassified,1.0,2025-03-11,2026-07-07,delisted,,inventory_only,https://kind.krx.co.kr/disclosure/etfisudetail.do?method=searchEftIsuDetail&isuCd=KR70021D0004,,,,,,,,
inventory_0021E0,0021E0,ACE TDF2050액티브 적격,unclassified,unclassified,1.0,2025-03-11,2026-07-09,delisted,,inventory_only,https://kind.krx.co.kr/disclosure/etfisudetail.do?method=searchEftIsuDetail&isuCd=KR70021E0003,,,,,,,,
inventory_0022T0,0022T0,SOL 국제금커버드콜액티브,unclassified,unclassified,1.0,2025-03-11,,active,,inventory_only,https://data.krx.co.kr/comm/bldAttendant/getJsonData.cmd?bld=dbms/MDC/STAT/standard/MDCSTAT04601,,,,,,,,
inventory_0023A0,0023A0,SOL 미국양자컴퓨팅TOP10,unclassified,unclassified,1.0,2025-03-11,,active,,inventory_only,https://data.krx.co.kr/comm/bldAttendant/getJsonData.cmd?bld=dbms/MDC/STAT/standard/MDCSTAT04601,,,,,,,,
inventory_0023B0,0023B0,PLUS 미국양자컴퓨팅TOP10,unclassified,unclassified,1.0,2025-03-11,,active,,inventory_only,https://data.krx.co.kr/comm/bldAttendant/getJsonData.cmd?bld=dbms/MDC/STAT/standard/MDCSTAT04601,,,,,,,,
inventory_0025N0,0025N0,TIGER TDF2045 적격,unclassified,unclassified,1.0,2025-03-25,,active,,inventory_only,https://data.krx.co.kr/comm/bldAttendant/getJsonData.cmd?bld=dbms/MDC/STAT/standard/MDCSTAT04601,,,,,,,,
inventory_0026E0,0026E0,KODEX 미국S&P500버퍼3월액티브,unclassified,unclassified,1.0,2025-03-25,,active,,inventory_only,https://kind.krx.co.kr/disclosure/etfisudetail.do?method=searchEftIsuDetail&isuCd=KR70026E0008,,,,,,,,
inventory_0026S0,0026S0,1Q 미국S&P500,unclassified,unclassified,1.0,2025-03-18,,active,,inventory_only,https://kind.krx.co.kr/disclosure/etfisudetail.do?method=searchEftIsuDetail&isuCd=KR70026S0002,,,,,,,,
inventory_0028X0,0028X0,KODEX 미국금융테크액티브,unclassified,unclassified,1.0,2025-05-27,,active,,inventory_only,https://kind.krx.co.kr/disclosure/etfisudetail.do?method=searchEftIsuDetail&isuCd=KR70028X0003,,,,,,,,
inventory_0035T0,0035T0,PLUS 글로벌휴머노이드로봇액티브,unclassified,unclassified,1.0,2025-04-15,,active,,inventory_only,https://data.krx.co.kr/comm/bldAttendant/getJsonData.cmd?bld=dbms/MDC/STAT/standard/MDCSTAT04601,,,,,,,,
inventory_0036D0,0036D0,TIME 미국배당다우존스액티브,unclassified,unclassified,1.0,2025-04-29,2026-08-19,delisted,,inventory_only,https://kind.krx.co.kr/disclosure/etfisudetail.do?method=searchEftIsuDetail&isuCd=KR70036D0007,,,,,,,,
inventory_0036R0,0036R0,RISE 미국휴머노이드로봇,unclassified,unclassified,1.0,2025-04-15,,active,,inventory_only,https://data.krx.co.kr/comm/bldAttendant/getJsonData.cmd?bld=dbms/MDC/STAT/standard/MDCSTAT04601,,,,,,,,
inventory_0036Z0,0036Z0,RISE 미국천연가스밸류체인,unclassified,unclassified,1.0,2025-04-22,,active,,inventory_only,https://data.krx.co.kr/comm/bldAttendant/getJsonData.cmd?bld=dbms/MDC/STAT/standard/MDCSTAT04601,,,,,,,,
inventory_0038A0,0038A0,KODEX 미국휴머노이드로봇,unclassified,unclassified,1.0,2025-04-15,,active,,inventory_only,https://kind.krx.co.kr/disclosure/etfisudetail.do?method=searchEftIsuDetail&isuCd=KR70038A0008,,,,,,,,
inventory_0040S0,0040S0,HANARO 글로벌피지컬AI액티브,unclassified,unclassified,1.0,2025-04-22,,active,,inventory_only,https://kind.krx.co.kr/disclosure/etfisudetail.do?method=searchEftIsuDetail&isuCd=KR70040S0004,,,,,,,,
inventory_0040X0,0040X0,SOL 팔란티어미국채커버드콜혼합,unclassified,unclassified,1.0,2025-04-22,,active,,inventory_only,https://data.krx.co.kr/comm/bldAttendant/getJsonData.cmd?bld=dbms/MDC/STAT/standard/MDCSTAT04601,,,,,,,,
inventory_0040Y0,0040Y0,SOL 팔란티어커버드콜OTM채권혼합,unclassified,unclassified,1.0,2025-04-22,,active,,inventory_only,https://kind.krx.co.kr/disclosure/etfisudetail.do?method=searchEftIsuDetail&isuCd=KR70040Y0006,,,,,,,,
inventory_0041D0,0041D0,KODEX 미국AI소프트웨어TOP10,unclassified,unclassified,1.0,2025-04-22,,active,,inventory_only,https://data.krx.co.kr/comm/bldAttendant/getJsonData.cmd?bld=dbms/MDC/STAT/standard/MDCSTAT04601,,,,,,,,
inventory_0041E0,0041E0,KODEX 미국S&P500액티브,unclassified,unclassified,1.0,2025-04-22,,active,,inventory_only,https://data.krx.co.kr/comm/bldAttendant/getJsonData.cmd?bld=dbms/MDC/STAT/standard/MDCSTAT04601,,,,,,,,
inventory_0043B0,0043B0,TIGER 머니마켓액티브,unclassified,unclassified,1.0,2025-04-22,,active,,inventory_only,https://kind.krx.co.kr/disclosure/etfisudetail.do?method=searchEftIsuDetail&isuCd=KR70043B0000,,,,,,,,
inventory_0043Y0,0043Y0,TIME 차이나AI테크액티브,unclassified,unclassified,1.0,2025-05-13,,active,,inventory_only,https://kind.krx.co.kr/disclosure/etfisudetail.do?method=searchEftIsuDetail&isuCd=KR70043Y0003,,,,,,,,
inventory_0046A0,0046A0,TIGER 미국초단기(3개월이하)국채,unclassified,unclassified,1.0,2025-04-29,,active,,inventory_only,https://data.krx.co.kr/comm/bldAttendant/getJsonData.cmd?bld=dbms/MDC/STAT/standard/MDCSTAT04601,,,,,,,,
inventory_0046Y0,0046Y0,ACE 미국배당퀄리티,unclassified,unclassified,1.0,2025-05-13,,active,,inventory_only,https://kind.krx.co.kr/disclosure/etfisudetail.do?method=searchEftIsuDetail&isuCd=KR70046Y0000,,,,,,,,
inventory_0047A0,0047A0,TIGER 차이나테크TOP10,unclassified,unclassified,1.0,2025-05-13,,active,,inventory_only,https://data.krx.co.kr/comm/bldAttendant/getJsonData.cmd?bld=dbms/MDC/STAT/standard/MDCSTAT04601,,,,,,,,
inventory_0047N0,0047N0,PLUS 차이나AI테크TOP10,unclassified,unclassified,1.0,2025-05-13,,active,,inventory_only,https://kind.krx.co.kr/disclosure/etfisudetail.do?method=searchEftIsuDetail&isuCd=KR70047N0002,,,,,,,,
inventory_0047P0,0047P0,RISE 테슬라고정테크100,unclassified,unclassified,1.0,2025-05-13,,active,,inventory_only,https://data.krx.co.kr/comm/bldAttendant/getJsonData.cmd?bld=dbms/MDC/STAT/standard/MDCSTAT04601,,,,,,,,
inventory_0047R0,0047R0,RISE 팔란티어고정테크100,unclassified,unclassified,1.0,2025-05-13,,active,,inventory_only,https://data.krx.co.kr/comm/bldAttendant/getJsonData.cmd?bld=dbms/MDC/STAT/standard/MDCSTAT04601,,,,,,,,
inventory_0048J0,0048J0,KODEX 미국머니마켓액티브,unclassified,unclassified,1.0,2025-05-13,,active,,inventory_only,https://kind.krx.co.kr/disclosure/etfisudetail.do?method=searchEftIsuDetail&isuCd=KR70048J0007,,,,,,,,
inventory_0048K0,0048K0,KODEX 차이나휴머노이드로봇,unclassified,unclassified,1.0,2025-05-13,,active,,inventory_only,https://kind.krx.co.kr/disclosure/etfisudetail.do?method=searchEftIsuDetail&isuCd=KR70048K0004,,,,,,,,
inventory_0049K0,0049K0,ACE 미국배당퀄리티채권혼합50,unclassified,unclassified,1.0,2025-05-13,,active,,inventory_only,https://kind.krx.co.kr/disclosure/etfisudetail.do?method=searchEftIsuDetail&isuCd=KR70049K0003,,,,,,,,
inventory_0049M0,0049M0,ACE 미국배당퀄리티+커버드콜액티브,unclassified,unclassified,1.0,2025-05-13,,active,,inventory_only,https://kind.krx.co.kr/disclosure/etfisudetail.do?method=searchEftIsuDetail&isuCd=KR70049M0001,,,,,,,,
inventory_0050E0,0050E0,PLUS 미국AI에이전트,unclassified,unclassified,1.0,2025-05-20,,active,,inventory_only,https://data.krx.co.kr/comm/bldAttendant/getJsonData.cmd?bld=dbms/MDC/STAT/standard/MDCSTAT04601,,,,,,,,
inventory_0051A0,0051A0,KoAct 브로드컴밸류체인액티브,unclassified,unclassified,1.0,2025-05-20,,active,,inventory_only,https://data.krx.co.kr/comm/bldAttendant/getJsonData.cmd?bld=dbms/MDC/STAT/standard/MDCSTAT04601,,,,,,,,
inventory_0051G0,0051G0,SOL 미국원자력SMR,unclassified,unclassified,1.0,2025-05-20,,active,,inventory_only,https://kind.krx.co.kr/disclosure/etfisudetail.do?method=searchEftIsuDetail&isuCd=KR70051G0004,,,,,,,,
inventory_0052D0,0052D0,TIGER 코리아배당다우존스,unclassified,unclassified,1.0,2025-05-20,,active,,inventory_only,https://data.krx.co.kr/comm/bldAttendant/getJsonData.cmd?bld=dbms/MDC/STAT/standard/MDCSTAT04601,,,,,,,,
inventory_0052S0,0052S0,1Q 미국S&P500미국채혼합50액티브,unclassified,unclassified,1.0,2025-06-10,,active,,inventory_only,https://kind.krx.co.kr/disclosure/etfisudetail.do?method=searchEftIsuDetail&isuCd=KR70052S0009,,,,,,,,
inventory_0052T0,0052T0,1Q 중단기회사채(A-이상)액티브,unclassified,unclassified,1.0,2025-05-27,,active,,inventory_only,https://kind.krx.co.kr/disclosure/etfisudetail.do?method=searchEftIsuDetail&isuCd=KR70052T0008,,,,,,,,
inventory_0053L0,0053L0,TIGER 차이나휴머노이드로봇,unclassified,unclassified,1.0,2025-05-27,,active,,inventory_only,https://data.krx.co.kr/comm/bldAttendant/getJsonData.cmd?bld=dbms/MDC/STAT/standard/MDCSTAT04601,,,,,,,,
inventory_0053M0,0053M0,더제이 중소형포커스액티브,unclassified,unclassified,1.0,2025-07-22,,active,,inventory_only,https://kind.krx.co.kr/disclosure/etfisudetail.do?method=searchEftIsuDetail&isuCd=KR70053M0004,,,,,,,,
inventory_0057H0,0057H0,PLUS 미국S&P500미국채혼합50액티브,unclassified,unclassified,1.0,2025-06-10,,active,,inventory_only,https://data.krx.co.kr/comm/bldAttendant/getJsonData.cmd?bld=dbms/MDC/STAT/standard/MDCSTAT04601,,,,,,,,
inventory_0060H0,0060H0,TIGER 토탈월드스탁액티브,unclassified,unclassified,1.0,2025-06-24,,active,,inventory_only,https://data.krx.co.kr/comm/bldAttendant/getJsonData.cmd?bld=dbms/MDC/STAT/standard/MDCSTAT04601,,,,,,,,
inventory_0061Z0,0061Z0,RISE 단기특수은행채액티브,unclassified,unclassified,1.0,2025-06-24,,active,,inventory_only,https://data.krx.co.kr/comm/bldAttendant/getJsonData.cmd?bld=dbms/MDC/STAT/standard/MDCSTAT04601,,,,,,,,
inventory_0064K0,0064K0,KODEX 금액티브,unclassified,unclassified,1.0,2025-06-17,,active,,inventory_only,https://kind.krx.co.kr/disclosure/etfisudetail.do?method=searchEftIsuDetail&isuCd=KR70064K0003,,,,,,,,
inventory_0065G0,0065G0,KODEX 차이나테크TOP10,unclassified,unclassified,1.0,2025-06-17,,active,,inventory_only,https://kind.krx.co.kr/disclosure/etfisudetail.do?method=searchEftIsuDetail&isuCd=KR70065G0008,,,,,,,,
inventory_0066W0,0066W0,SOL 국제금,unclassified,unclassified,1.0,2025-06-17,,active,,inventory_only,https://data.krx.co.kr/comm/bldAttendant/getJsonData.cmd?bld=dbms/MDC/STAT/standard/MDCSTAT04601,,,,,,,,
inventory_0067V0,0067V0,TIGER 차이나글로벌리더스TOP3+,unclassified,unclassified,1.0,2025-06-17,,active,,inventory_only,https://data.krx.co.kr/comm/bldAttendant/getJsonData.cmd?bld=dbms/MDC/STAT/standard/MDCSTAT04601,,,,,,,,
inventory_0067Y0,0067Y0,TIGER 차이나AI소프트웨어,unclassified,unclassified,1.0,2025-06-17,,active,,inventory_only,https://data.krx.co.kr/comm/bldAttendant/getJsonData.cmd?bld=dbms/MDC/STAT/standard/MDCSTAT04601,,,,,,,,
inventory_0068M0,0068M0,KODEX 미국S&P500버퍼6월액티브,unclassified,unclassified,1.0,2025-06-24,,active,,inventory_only,https://kind.krx.co.kr/disclosure/etfisudetail.do?method=searchEftIsuDetail&isuCd=KR70068M0007,,,,,,,,
inventory_0069M0,0069M0,1Q 미국나스닥100,unclassified,unclassified,1.0,2025-06-24,,active,,inventory_only,https://kind.krx.co.kr/disclosure/etfisudetail.do?method=searchEftIsuDetail&isuCd=KR70069M0006,,,,,,,,
inventory_0072R0,0072R0,TIGER KRX금현물,unclassified,unclassified,1.0,2025-06-24,,active,,inventory_only,https://data.krx.co.kr/comm/bldAttendant/getJsonData.cmd?bld=dbms/MDC/STAT/standard/MDCSTAT04601,,,,,,,,
inventory_0073X0,0073X0,FOCUS 알리바바미국채커버드콜혼합,unclassified,unclassified,1.0,2025-07-01,,active,,inventory_only,https://kind.krx.co.kr/disclosure/etfisudetail.do?method=searchEftIsuDetail&isuCd=KR70073X0007,,,,,,,,
inventory_0074K0,0074K0,KoAct K수출핵심기업TOP30액티브,unclassified,unclassified,1.0,2025-07-08,,active,,inventory_only,https://data.krx.co.kr/comm/bldAttendant/getJsonData.cmd?bld=dbms/MDC/STAT/standard/MDCSTAT04601,,,,,,,,
inventory_0078V0,0078V0,PLUS 미국로보택시,unclassified,unclassified,1.0,2025-07-22,,active,,inventory_only,https://data.krx.co.kr/comm/bldAttendant/getJsonData.cmd?bld=dbms/MDC/STAT/standard/MDCSTAT04601,,,,,,,,
inventory_0079X0,0079X0,ACE BYD밸류체인액티브,unclassified,unclassified,1.0,2025-07-15,,active,,inventory_only,https://kind.krx.co.kr/disclosure/etfisudetail.do?method=searchEftIsuDetail&isuCd=KR70079X0001,,,,,,,,
inventory_0080G0,0080G0,KODEX 방산TOP10,unclassified,unclassified,1.0,2025-07-15,,active,,inventory_only,https://kind.krx.co.kr/disclosure/etfisudetail.do?method=searchEftIsuDetail&isuCd=KR70080G0009,,,,,,,,
inventory_0080X0,0080X0,SOL 미국S&P500미국채혼합50,unclassified,unclassified,1.0,2025-07-15,,active,,inventory_only,https://data.krx.co.kr/comm/bldAttendant/getJsonData.cmd?bld=dbms/MDC/STAT/standard/MDCSTAT04601,,,,,,,,
inventory_0080Y0,0080Y0,SOL 조선TOP3플러스레버리지,unclassified,unclassified,1.0,2025-07-15,,active,,inventory_only,https://data.krx.co.kr/comm/bldAttendant/getJsonData.cmd?bld=dbms/MDC/STAT/standard/MDCSTAT04601,,,,,,,,
inventory_0082F0,0082F0,HANARO 유럽방산,unclassified,unclassified,1.0,2025-07-29,,active,,inventory_only,https://kind.krx.co.kr/disclosure/etfisudetail.do?method=searchEftIsuDetail&isuCd=KR70082F0008,,,,,,,,
inventory_0082V0,0082V0,KODEX TDF2060액티브 적격,unclassified,unclassified,1.0,2025-07-22,,active,,inventory_only,https://kind.krx.co.kr/disclosure/etfisudetail.do?method=searchEftIsuDetail&isuCd=KR70082V0008,,,,,,,,
inventory_0083S0,0083S0,1Q 미국메디컬AI,unclassified,unclassified,1.0,2025-07-22,,active,,inventory_only,https://kind.krx.co.kr/disclosure/etfisudetail.do?method=searchEftIsuDetail&isuCd=KR70083S0002,,,,,,,,
inventory_0084D0,0084D0,KIWOOM 미국테크100월간목표헤지액티브,unclassified,unclassified,1.0,2025-07-22,,active,,inventory_only,https://kind.krx.co.kr/disclosure/etfisudetail.do?method=searchEftIsuDetail&isuCd=KR70084D0008,,,,,,,,
inventory_0084E0,0084E0,KIWOOM 미국대형주500월간목표헤지액티브,unclassified,unclassified,1.0,2025-10-21,,active,,inventory_only,https://kind.krx.co.kr/disclosure/etfisudetail.do?method=searchEftIsuDetail&isuCd=KR70084E0007,,,,,,,,
inventory_0085N0,0085N0,ACE 미국10년국채액티브(H),unclassified,unclassified,1.0,2025-07-22,,active,,inventory_only,https://kind.krx.co.kr/disclosure/etfisudetail.do?method=searchEftIsuDetail&isuCd=KR70085N0005,,,,,,,,
inventory_0085P0,0085P0,ACE 미국10년국채액티브,unclassified,unclassified,1.0,2025-07-22,,active,,inventory_only,https://kind.krx.co.kr/disclosure/etfisudetail.do?method=searchEftIsuDetail&isuCd=KR70085P0003,,,,,,,,
inventory_0086B0,0086B0,TIGER 리츠부동산인프라TOP10액티브,unclassified,unclassified,1.0,2025-07-29,,active,,inventory_only,https://kind.krx.co.kr/disclosure/etfisudetail.do?method=searchEftIsuDetail&isuCd=KR70086B0008,,,,,,,,
inventory_0086C0,0086C0,TIGER 리츠부동산인프라10채권혼합액티브,unclassified,unclassified,1.0,2025-07-29,,active,,inventory_only,https://data.krx.co.kr/comm/bldAttendant/getJsonData.cmd?bld=dbms/MDC/STAT/standard/MDCSTAT04601,,,,,,,,
inventory_0087F0,0087F0,ACE 차이나AI빅테크TOP2+액티브,unclassified,unclassified,1.0,2025-07-29,,active,,inventory_only,https://kind.krx.co.kr/disclosure/etfisudetail.do?method=searchEftIsuDetail&isuCd=KR70087F0003,,,,,,,,
inventory_0088N0,0088N0,WON K-글로벌수급상위,unclassified,unclassified,1.0,2025-08-12,,active,,inventory_only,https://data.krx.co.kr/comm/bldAttendant/getJsonData.cmd?bld=dbms/MDC/STAT/standard/MDCSTAT04601,,,,,,,,
inventory_0089B0,0089B0,PLUS 미국나스닥100미국채혼합50,unclassified,unclassified,1.0,2025-08-19,,active,,inventory_only,https://data.krx.co.kr/comm/bldAttendant/getJsonData.cmd?bld=dbms/MDC/STAT/standard/MDCSTAT04601,,,,,,,,
inventory_0089C0,0089C0,KODEX 미국S&P500변동성확대시커버드콜,unclassified,unclassified,1.0,2025-08-12,,active,,inventory_only,https://data.krx.co.kr/comm/bldAttendant/getJsonData.cmd?bld=dbms/MDC/STAT/standard/MDCSTAT04601,,,,,,,,
inventory_0089D0,0089D0,KODEX 금융고배당TOP10,unclassified,unclassified,1.0,2025-08-12,,active,,inventory_only,https://kind.krx.co.kr/disclosure/etfisudetail.do?method=searchEftIsuDetail&isuCd=KR70089D0003,,,,,,,,
inventory_0090B0,0090B0,PLUS K방산소부장,unclassified,unclassified,1.0,2025-08-26,,active,,inventory_only,https://data.krx.co.kr/comm/bldAttendant/getJsonData.cmd?bld=dbms/MDC/STAT/standard/MDCSTAT04601,,,,,,,,
inventory_0091C0,0091C0,KODEX 미국10년국채액티브(H),unclassified,unclassified,1.0,2025-08-19,,active,,inventory_only,https://kind.krx.co.kr/disclosure/etfisudetail.do?method=searchEftIsuDetail&isuCd=KR70091C0000,,,,,,,,
inventory_0091M0,0091M0,HANARO 27-06 회사채(AA-이상)액티브,unclassified,unclassified,1.0,2025-08-26,,active,,inventory_only,https://kind.krx.co.kr/disclosure/etfisudetail.do?method=searchEftIsuDetail&isuCd=KR70091M0008,,,,,,,,
inventory_0091P0,0091P0,TIGER 코리아원자력,unclassified,unclassified,1.0,2025-08-19,,active,,inventory_only,https://data.krx.co.kr/comm/bldAttendant/getJsonData.cmd?bld=dbms/MDC/STAT/standard/MDCSTAT04601,,,,,,,,
inventory_0092B0,0092B0,SOL 한국원자력SMR,unclassified,unclassified,1.0,2025-08-19,,active,,inventory_only,https://data.krx.co.kr/comm/bldAttendant/getJsonData.cmd?bld=dbms/MDC/STAT/standard/MDCSTAT04601,,,,,,,,
inventory_0092C0,0092C0,SOL 27-12 회사채(AA-이상)액티브,unclassified,unclassified,1.0,2025-08-19,,active,,inventory_only,https://data.krx.co.kr/comm/bldAttendant/getJsonData.cmd?bld=dbms/MDC/STAT/standard/MDCSTAT04601,,,,,,,,
inventory_0093A0,0093A0,RISE AI반도체TOP10,unclassified,unclassified,1.0,2025-08-26,,active,,inventory_only,https://kind.krx.co.kr/disclosure/etfisudetail.do?method=searchEftIsuDetail&isuCd=KR70093A0000,,,,,,,,
inventory_0093B0,0093B0,RISE 엔비디아고정테크100,unclassified,unclassified,1.0,2025-08-26,,active,,inventory_only,https://data.krx.co.kr/comm/bldAttendant/getJsonData.cmd?bld=dbms/MDC/STAT/standard/MDCSTAT04601,,,,,,,,
inventory_0093D0,0093D0,KoAct 팔란티어밸류체인액티브,unclassified,unclassified,1.0,2025-08-26,,active,,inventory_only,https://data.krx.co.kr/comm/bldAttendant/getJsonData.cmd?bld=dbms/MDC/STAT/standard/MDCSTAT04601,,,,,,,,
inventory_0094K0,0094K0,TIGER 28-04 회사채(A+이상)액티브,unclassified,unclassified,1.0,2025-08-26,,active,,inventory_only,https://data.krx.co.kr/comm/bldAttendant/getJsonData.cmd?bld=dbms/MDC/STAT/standard/MDCSTAT04601,,,,,,,,
inventory_0094L0,0094L0,RISE 차이나테크TOP10위클리타겟커버드콜,unclassified,unclassified,1.0,2025-09-02,,active,,inventory_only,https://data.krx.co.kr/comm/bldAttendant/getJsonData.cmd?bld=dbms/MDC/STAT/standard/MDCSTAT04601,,,,,,,,
inventory_0094M0,0094M0,RISE 코리아밸류업위클리고정커버드콜,unclassified,unclassified,1.0,2025-09-02,,active,,inventory_only,https://data.krx.co.kr/comm/bldAttendant/getJsonData.cmd?bld=dbms/MDC/STAT/standard/MDCSTAT04601,,,,,,,,
inventory_0094X0,0094X0,1Q 샤오미밸류체인액티브,unclassified,unclassified,1.0,2025-09-02,,active,,inventory_only,https://kind.krx.co.kr/disclosure/etfisudetail.do?method=searchEftIsuDetail&isuCd=KR70094X0002,,,,,,,,
inventory_0097L0,0097L0,KIWOOM 한국고배당&미국AI테크,unclassified,unclassified,1.0,2025-09-02,,active,,inventory_only,https://kind.krx.co.kr/disclosure/etfisudetail.do?method=searchEftIsuDetail&isuCd=KR70097L0003,,,,,,,,
inventory_0098F0,0098F0,KODEX 원자력SMR,unclassified,unclassified,1.0,2025-09-16,,active,,inventory_only,https://kind.krx.co.kr/disclosure/etfisudetail.do?method=searchEftIsuDetail&isuCd=KR70098F0000,,,,,,,,
inventory_0098N0,0098N0,PLUS 자사주매입고배당주,unclassified,unclassified,1.0,2025-09-16,,active,,inventory_only,https://kind.krx.co.kr/disclosure/etfisudetail.do?method=searchEftIsuDetail&isuCd=KR70098N0000,,,,,,,,
inventory_0098Z0,0098Z0,FOCUS 200,unclassified,unclassified,1.0,2025-09-23,,active,,inventory_only,https://kind.krx.co.kr/disclosure/etfisudetail.do?method=searchEftIsuDetail&isuCd=KR70098Z0006,,,,,,,,
inventory_0099L0,0099L0,ACE 우량회사채(AA-이상)액티브,unclassified,unclassified,1.0,2025-09-09,,active,,inventory_only,https://kind.krx.co.kr/disclosure/etfisudetail.do?method=searchEftIsuDetail&isuCd=KR70099L0001,,,,,,,,
inventory_0100K0,0100K0,KODEX 방산TOP10레버리지,unclassified,unclassified,1.0,2025-09-16,,active,,inventory_only,https://data.krx.co.kr/comm/bldAttendant/getJsonData.cmd?bld=dbms/MDC/STAT/standard/MDCSTAT04601,,,,,,,,
inventory_0101N0,0101N0,RISE AI전력인프라,unclassified,unclassified,1.0,2025-09-23,,active,,inventory_only,https://data.krx.co.kr/comm/bldAttendant/getJsonData.cmd?bld=dbms/MDC/STAT/standard/MDCSTAT04601,,,,,,,,
inventory_0102A0,0102A0,TIGER 미국AI소프트웨어TOP4Plus,unclassified,unclassified,1.0,2025-09-09,,active,,inventory_only,https://data.krx.co.kr/comm/bldAttendant/getJsonData.cmd?bld=dbms/MDC/STAT/standard/MDCSTAT04601,,,,,,,,
inventory_0102X0,0102X0,ACE 유럽방산TOP10,unclassified,unclassified,1.0,2025-09-23,,active,,inventory_only,https://kind.krx.co.kr/disclosure/etfisudetail.do?method=searchEftIsuDetail&isuCd=KR70102X0002,,,,,,,,
inventory_0103T0,0103T0,1Q K소버린AI,unclassified,unclassified,1.0,2025-09-30,,active,,inventory_only,https://kind.krx.co.kr/disclosure/etfisudetail.do?method=searchEftIsuDetail&isuCd=KR70103T0007,,,,,,,,
inventory_0104G0,0104G0,PLUS K방산레버리지,unclassified,unclassified,1.0,2025-09-30,,active,,inventory_only,https://data.krx.co.kr/comm/bldAttendant/getJsonData.cmd?bld=dbms/MDC/STAT/standard/MDCSTAT04601,,,,,,,,
inventory_0104H0,0104H0,KoAct 미국나스닥채권혼합50액티브,unclassified,unclassified,1.0,2025-09-30,,active,,inventory_only,https://data.krx.co.kr/comm/bldAttendant/getJsonData.cmd?bld=dbms/MDC/STAT/standard/MDCSTAT04601,,,,,,,,
inventory_0104N0,0104N0,TIGER 200타겟위클리커버드콜,unclassified,unclassified,1.0,2025-09-23,,active,,inventory_only,https://data.krx.co.kr/comm/bldAttendant/getJsonData.cmd?bld=dbms/MDC/STAT/standard/MDCSTAT04601,,,,,,,,
inventory_0104P0,0104P0,TIGER 코리아배당다우존스위클리커버드콜,unclassified,unclassified,1.0,2025-09-23,,active,,inventory_only,https://data.krx.co.kr/comm/bldAttendant/getJsonData.cmd?bld=dbms/MDC/STAT/standard/MDCSTAT04601,,,,,,,,
inventory_0105D0,0105D0,SOL 한국AI소프트웨어,unclassified,unclassified,1.0,2025-09-23,,active,,inventory_only,https://data.krx.co.kr/comm/bldAttendant/getJsonData.cmd?bld=dbms/MDC/STAT/standard/MDCSTAT04601,,,,,,,,
inventory_0105E0,0105E0,SOL 코리아고배당,unclassified,unclassified,1.0,2025-09-23,,active,,inventory_only,https://kind.krx.co.kr/disclosure/etfisudetail.do?method=searchEftIsuDetail&isuCd=KR70105E0002,,,,,,,,
inventory_0107F0,0107F0,KIWOOM 미국고배당&AI테크,unclassified,unclassified,1.0,2025-09-23,,active,,inventory_only,https://kind.krx.co.kr/disclosure/etfisudetail.do?method=searchEftIsuDetail&isuCd=KR70107F0009,,,,,,,,
inventory_0111J0,0111J0,HANARO 증권고배당TOP3플러스,unclassified,unclassified,1.0,2025-10-28,,active,,inventory_only,https://kind.krx.co.kr/disclosure/etfisudetail.do?method=searchEftIsuDetail&isuCd=KR70111J0009,,,,,,,,
inventory_0111P0,0111P0,1Q 미국나스닥100미국채혼합50액티브,unclassified,unclassified,1.0,2025-09-30,,active,,inventory_only,https://kind.krx.co.kr/disclosure/etfisudetail.do?method=searchEftIsuDetail&isuCd=KR70111P0001,,,,,,,,
inventory_0112X0,0112X0,마이티 200TR,unclassified,unclassified,1.0,2025-10-28,,active,,inventory_only,https://kind.krx.co.kr/disclosure/etfisudetail.do?method=searchEftIsuDetail&isuCd=KR70112X0000,,,,,,,,
inventory_0113D0,0113D0,TIME 글로벌탑픽액티브,unclassified,unclassified,1.0,2025-10-28,,active,,inventory_only,https://data.krx.co.kr/comm/bldAttendant/getJsonData.cmd?bld=dbms/MDC/STAT/standard/MDCSTAT04601,,,,,,,,
inventory_0113G0,0113G0,KoAct 미국바이오헬스케어액티브,unclassified,unclassified,1.0,2025-11-11,,active,,inventory_only,https://data.krx.co.kr/comm/bldAttendant/getJsonData.cmd?bld=dbms/MDC/STAT/standard/MDCSTAT04601,,,,,,,,
inventory_0113P0,0113P0,HK 머니마켓액티브,unclassified,unclassified,1.0,2025-09-30,,active,,inventory_only,https://kind.krx.co.kr/disclosure/etfisudetail.do?method=searchEftIsuDetail&isuCd=KR70113P0009,,,,,,,,
inventory_0114X0,0114X0,RISE 글로벌게임테크TOP3Plus,unclassified,unclassified,1.0,2025-10-21,,active,,inventory_only,https://kind.krx.co.kr/disclosure/etfisudetail.do?method=searchEftIsuDetail&isuCd=KR70114X0008,,,,,,,,
inventory_0115C0,0115C0,RISE 미국고배당다우존스TOP10,unclassified,unclassified,1.0,2025-10-21,,active,,inventory_only,https://data.krx.co.kr/comm/bldAttendant/getJsonData.cmd?bld=dbms/MDC/STAT/standard/MDCSTAT04601,,,,,,,,
inventory_0115D0,0115D0,KODEX 조선TOP10,unclassified,unclassified,1.0,2025-10-28,,active,,inventory_only,https://data.krx.co.kr/comm/bldAttendant/getJsonData.cmd?bld=dbms/MDC/STAT/standard/MDCSTAT04601,,,,,,,,
inventory_0115E0,0115E0,KODEX 코리아소버린AI,unclassified,unclassified,1.0,2025-10-21,,active,,inventory_only,https://data.krx.co.kr/comm/bldAttendant/getJsonData.cmd?bld=dbms/MDC/STAT/standard/MDCSTAT04601,,,,,,,,
inventory_0117L0,0117L0,KODEX 26-12 금융채(AA-이상)액티브,unclassified,unclassified,1.0,2025-10-28,,active,,inventory_only,https://kind.krx.co.kr/disclosure/etfisudetail.do?method=searchEftIsuDetail&isuCd=KR70117L0009,,,,,,,,
inventory_0117V0,0117V0,TIGER 코리아AI전력기기TOP3플러스,unclassified,unclassified,1.0,2025-10-21,,active,,inventory_only,https://data.krx.co.kr/comm/bldAttendant/getJsonData.cmd?bld=dbms/MDC/STAT/standard/MDCSTAT04601,,,,,,,,
inventory_0118S0,0118S0,SOL 미국넥스트테크TOP10액티브,unclassified,unclassified,1.0,2025-10-28,,active,,inventory_only,https://data.krx.co.kr/comm/bldAttendant/getJsonData.cmd?bld=dbms/MDC/STAT/standard/MDCSTAT04601,,,,,,,,
inventory_0118Z0,0118Z0,ACE 미국AI테크핵심산업액티브,unclassified,unclassified,1.0,2025-10-28,,active,,inventory_only,https://kind.krx.co.kr/disclosure/etfisudetail.do?method=searchEftIsuDetail&isuCd=KR70118Z0002,,,,,,,,
inventory_0119H0,0119H0,KODEX 28-12 회사채(AA-이상)액티브,unclassified,unclassified,1.0,2025-11-04,,active,,inventory_only,https://kind.krx.co.kr/disclosure/etfisudetail.do?method=searchEftIsuDetail&isuCd=KR70119H0003,,,,,,,,
inventory_0120J0,0120J0,BNK 카카오그룹포커스,unclassified,unclassified,1.0,2025-12-02,,active,,inventory_only,https://kind.krx.co.kr/disclosure/etfisudetail.do?method=searchEftIsuDetail&isuCd=KR70120J0008,,,,,,,,
inventory_0122W0,0122W0,RISE 26-11 회사채(AA-이상)액티브,unclassified,unclassified,1.0,2025-11-18,,active,,inventory_only,https://data.krx.co.kr/comm/bldAttendant/getJsonData.cmd?bld=dbms/MDC/STAT/standard/MDCSTAT04601,,,,,,,,
inventory_0123G0,0123G0,TIGER 미국AI전력SMR,unclassified,unclassified,1.0,2025-11-04,,active,,inventory_only,https://data.krx.co.kr/comm/bldAttendant/getJsonData.cmd?bld=dbms/MDC/STAT/standard/MDCSTAT04601,,,,,,,,
inventory_0123S0,0123S0,HANARO 26-12 은행채(AA+이상)액티브,unclassified,unclassified,1.0,2025-12-16,,active,,inventory_only,https://kind.krx.co.kr/disclosure/etfisudetail.do?method=searchEftIsuDetail&isuCd=KR70123S0004,,,,,,,,
inventory_0127M0,0127M0,ACE 미국대형가치주액티브,unclassified,unclassified,1.0,2025-11-11,,active,,inventory_only,https://kind.krx.co.kr/disclosure/etfisudetail.do?method=searchEftIsuDetail&isuCd=KR70127M0006,,,,,,,,
inventory_0127P0,0127P0,ACE 미국대형성장주액티브,unclassified,unclassified,1.0,2025-11-11,,active,,inventory_only,https://kind.krx.co.kr/disclosure/etfisudetail.do?method=searchEftIsuDetail&isuCd=KR70127P0003,,,,,,,,
inventory_0127R0,0127R0,RISE 미국AI클라우드인프라,unclassified,unclassified,1.0,2025-11-25,,active,,inventory_only,https://data.krx.co.kr/comm/bldAttendant/getJsonData.cmd?bld=dbms/MDC/STAT/standard/MDCSTAT04601,,,,,,,,
inventory_0127T0,0127T0,KIWOOM 미국S&P500&배당다우존스비중전환,unclassified,unclassified,1.0,2025-11-11,,active,,inventory_only,https://kind.krx.co.kr/disclosure/etfisudetail.do?method=searchEftIsuDetail&isuCd=KR70127T0009,,,,,,,,
inventory_0127V0,0127V0,KIWOOM 미국S&P500 TOP10&배당다우비중전환,unclassified,unclassified,1.0,2025-11-11,,active,,inventory_only,https://kind.krx.co.kr/disclosure/etfisudetail.do?method=searchEftIsuDetail&isuCd=KR70127V0005,,,,,,,,
inventory_0128D0,0128D0,PLUS 차이나항셍테크위클리타겟커버드콜,unclassified,unclassified,1.0,2025-11-18,,active,,inventory_only,https://data.krx.co.kr/comm/bldAttendant/getJsonData.cmd?bld=dbms/MDC/STAT/standard/MDCSTAT04601,,,,,,,,
inventory_0131A0,0131A0,SOL 차이나소비트렌드,unclassified,unclassified,1.0,2025-11-25,,active,,inventory_only,https://data.krx.co.kr/comm/bldAttendant/getJsonData.cmd?bld=dbms/MDC/STAT/standard/MDCSTAT04601,,,,,,,,
inventory_0131V0,0131V0,1Q 미국우주항공테크,unclassified,unclassified,1.0,2025-11-25,,active,,inventory_only,https://kind.krx.co.kr/disclosure/etfisudetail.do?method=searchEftIsuDetail&isuCd=KR70131V0009,,,,,,,,
inventory_0131W0,0131W0,1Q 단기특수은행채액티브,unclassified,unclassified,1.0,2025-11-25,,active,,inventory_only,https://kind.krx.co.kr/disclosure/etfisudetail.do?method=searchEftIsuDetail&isuCd=KR70131W0008,,,,,,,,
inventory_0132D0,0132D0,KoAct 글로벌K컬처밸류체인액티브,unclassified,unclassified,1.0,2025-11-25,,active,,inventory_only,https://data.krx.co.kr/comm/bldAttendant/getJsonData.cmd?bld=dbms/MDC/STAT/standard/MDCSTAT04601,,,,,,,,
inventory_0132H0,0132H0,KODEX 미국원자력SMR,unclassified,unclassified,1.0,2025-11-25,,active,,inventory_only,https://data.krx.co.kr/comm/bldAttendant/getJsonData.cmd?bld=dbms/MDC/STAT/standard/MDCSTAT04601,,,,,,,,
inventory_0132K0,0132K0,PLUS 테슬라위클리커버드콜채권혼합,unclassified,unclassified,1.0,2025-12-09,,active,,inventory_only,https://data.krx.co.kr/comm/bldAttendant/getJsonData.cmd?bld=dbms/MDC/STAT/standard/MDCSTAT04601,,,,,,,,
inventory_0133E0,0133E0,TIGER 차이나증권,unclassified,unclassified,1.0,2026-02-03,,active,,inventory_only,https://data.krx.co.kr/comm/bldAttendant/getJsonData.cmd?bld=dbms/MDC/STAT/standard/MDCSTAT04601,,,,,,,,
inventory_0135Y0,0135Y0,IBK 중기종합채권(AA-이상)액티브,unclassified,unclassified,1.0,2025-12-16,,active,,inventory_only,https://kind.krx.co.kr/disclosure/etfisudetail.do?method=searchEftIsuDetail&isuCd=KR70135Y0002,,,,,,,,
inventory_0137V0,0137V0,KIWOOM 미국S&P500모멘텀,unclassified,unclassified,1.0,2025-12-09,,active,,inventory_only,https://kind.krx.co.kr/disclosure/etfisudetail.do?method=searchEftIsuDetail&isuCd=KR70137V0003,,,,,,,,
inventory_0137W0,0137W0,KIWOOM 미국S&P500&GOLD,unclassified,unclassified,1.0,2025-12-09,,active,,inventory_only,https://kind.krx.co.kr/disclosure/etfisudetail.do?method=searchEftIsuDetail&isuCd=KR70137W0002,,,,,,,,
inventory_0138D0,0138D0,RISE 동학개미,unclassified,unclassified,1.0,2025-12-16,,active,,inventory_only,https://data.krx.co.kr/comm/bldAttendant/getJsonData.cmd?bld=dbms/MDC/STAT/standard/MDCSTAT04601,,,,,,,,
inventory_0138T0,0138T0,RISE 미국S&P500데일리고정커버드콜,unclassified,unclassified,1.0,2025-12-23,,active,,inventory_only,https://data.krx.co.kr/comm/bldAttendant/getJsonData.cmd?bld=dbms/MDC/STAT/standard/MDCSTAT04601,,,,,,,,
inventory_0138Y0,0138Y0,PLUS 금채권혼합,unclassified,unclassified,1.0,2025-12-16,,active,,inventory_only,https://data.krx.co.kr/comm/bldAttendant/getJsonData.cmd?bld=dbms/MDC/STAT/standard/MDCSTAT04601,,,,,,,,
inventory_0139F0,0139F0,TIGER 12월자동연장금융채(AA-이상)액티브,unclassified,unclassified,1.0,2025-12-09,,active,,inventory_only,https://data.krx.co.kr/comm/bldAttendant/getJsonData.cmd?bld=dbms/MDC/STAT/standard/MDCSTAT04601,,,,,,,,
inventory_0139P0,0139P0,ACE 고배당주,unclassified,unclassified,1.0,2025-12-16,,active,,inventory_only,https://kind.krx.co.kr/disclosure/etfisudetail.do?method=searchEftIsuDetail&isuCd=KR70139P0009,,,,,,,,
inventory_0141S0,0141S0,SOL 조선기자재,unclassified,unclassified,1.0,2025-12-16,,active,,inventory_only,https://data.krx.co.kr/comm/bldAttendant/getJsonData.cmd?bld=dbms/MDC/STAT/standard/MDCSTAT04601,,,,,,,,
inventory_0141T0,0141T0,SOL 중기종합채권(AA-이상)액티브,unclassified,unclassified,1.0,2025-12-16,,active,,inventory_only,https://kind.krx.co.kr/disclosure/etfisudetail.do?method=searchEftIsuDetail&isuCd=KR70141T0001,,,,,,,,
inventory_0142D0,0142D0,TIGER 미국AI데이터센터TOP4Plus,unclassified,unclassified,1.0,2025-12-09,,active,,inventory_only,https://data.krx.co.kr/comm/bldAttendant/getJsonData.cmd?bld=dbms/MDC/STAT/standard/MDCSTAT04601,,,,,,,,
inventory_0144L0,0144L0,KODEX 미국성장커버드콜액티브,unclassified,unclassified,1.0,2025-12-23,,active,,inventory_only,https://kind.krx.co.kr/disclosure/etfisudetail.do?method=searchEftIsuDetail&isuCd=KR70144L0006,,,,,,,,
inventory_0144M0,0144M0,KODEX 미국드론UAM TOP10,unclassified,unclassified,1.0,2025-12-23,,active,,inventory_only,https://kind.krx.co.kr/disclosure/etfisudetail.do?method=searchEftIsuDetail&isuCd=KR70144M0005,,,,,,,,
inventory_0148J0,0148J0,TIGER 코리아휴머노이드로봇산업,unclassified,unclassified,1.0,2026-01-06,,active,,inventory_only,https://data.krx.co.kr/comm/bldAttendant/getJsonData.cmd?bld=dbms/MDC/STAT/standard/MDCSTAT04601,,,,,,,,
inventory_0150K0,0150K0,KoAct 수소전력ESS인프라액티브,unclassified,unclassified,1.0,2026-01-13,,active,,inventory_only,https://kind.krx.co.kr/disclosure/etfisudetail.do?method=searchEftIsuDetail&isuCd=KR70150K0008,,,,,,,,
inventory_0151P0,0151P0,RISE 코리아전략산업액티브,unclassified,unclassified,1.0,2026-01-20,,active,,inventory_only,https://data.krx.co.kr/comm/bldAttendant/getJsonData.cmd?bld=dbms/MDC/STAT/standard/MDCSTAT04601,,,,,,,,
inventory_0151S0,0151S0,KODEX 미국AI반도체TOP3플러스,unclassified,unclassified,1.0,2026-01-13,,active,,inventory_only,https://kind.krx.co.kr/disclosure/etfisudetail.do?method=searchEftIsuDetail&isuCd=KR70151S0009,,,,,,,,
inventory_0152E0,0152E0,SOL 배당성향탑픽액티브,unclassified,unclassified,1.0,2026-01-13,,active,,inventory_only,https://data.krx.co.kr/comm/bldAttendant/getJsonData.cmd?bld=dbms/MDC/STAT/standard/MDCSTAT04601,,,,,,,,
inventory_0153K0,0153K0,KODEX 주주환원고배당주,unclassified,unclassified,1.0,2026-01-20,,active,,inventory_only,https://data.krx.co.kr/comm/bldAttendant/getJsonData.cmd?bld=dbms/MDC/STAT/standard/MDCSTAT04601,,,,,,,,
inventory_0153P0,0153P0,ACE 리츠부동산인프라액티브,unclassified,unclassified,1.0,2026-01-20,,active,,inventory_only,https://kind.krx.co.kr/disclosure/etfisudetail.do?method=searchEftIsuDetail&isuCd=KR70153P0000,,,,,,,,
inventory_0153X0,0153X0,PLUS 미국고배당주액티브,unclassified,unclassified,1.0,2026-01-27,,active,,inventory_only,https://data.krx.co.kr/comm/bldAttendant/getJsonData.cmd?bld=dbms/MDC/STAT/standard/MDCSTAT04601,,,,,,,,
inventory_0154F0,0154F0,WON 초대형IB&금융지주,unclassified,unclassified,1.0,2026-01-20,,active,,inventory_only,https://kind.krx.co.kr/disclosure/etfisudetail.do?method=searchEftIsuDetail&isuCd=KR70154F0001,,,,,,,,
inventory_0154H0,0154H0,KoAct 차이나바이오헬스케어액티브,unclassified,unclassified,1.0,2026-01-27,,active,,inventory_only,https://kind.krx.co.kr/disclosure/etfisudetail.do?method=searchEftIsuDetail&isuCd=KR70154H0009,,,,,,,,
inventory_0155M0,0155M0,ACE 미국SMR원자력TOP10,unclassified,unclassified,1.0,2026-02-03,,active,,inventory_only,https://kind.krx.co.kr/disclosure/etfisudetail.do?method=searchEftIsuDetail&isuCd=KR70155M0001,,,,,,,,
inventory_0155N0,0155N0,HANARO K휴머노이드테마TOP10,unclassified,unclassified,1.0,2026-02-26,,active,,inventory_only,https://kind.krx.co.kr/disclosure/etfisudetail.do?method=searchEftIsuDetail&isuCd=KR70155N0000,,,,,,,,
inventory_0162L0,0162L0,KODEX 차이나AI반도체TOP10,unclassified,unclassified,1.0,2026-02-26,,active,,inventory_only,https://data.krx.co.kr/comm/bldAttendant/getJsonData.cmd?bld=dbms/MDC/STAT/standard/MDCSTAT04601,,,,,,,,
inventory_0162M0,0162M0,KODEX 금융채1~2년(AA-이상)PLUS액티브,unclassified,unclassified,1.0,2026-02-26,,active,,inventory_only,https://data.krx.co.kr/comm/bldAttendant/getJsonData.cmd?bld=dbms/MDC/STAT/standard/MDCSTAT04601,,,,,,,,
inventory_0162Y0,0162Y0,TIME 코스닥액티브,unclassified,unclassified,1.0,2026-03-10,,active,,inventory_only,https://data.krx.co.kr/comm/bldAttendant/getJsonData.cmd?bld=dbms/MDC/STAT/standard/MDCSTAT04601,,,,,,,,
inventory_0162Z0,0162Z0,RISE 삼성전자SK하이닉스채권혼합50,unclassified,unclassified,1.0,2026-02-26,,active,,inventory_only,https://kind.krx.co.kr/disclosure/etfisudetail.do?method=searchEftIsuDetail&isuCd=KR70162Z0007,,,,,,,,
inventory_0163Y0,0163Y0,KoAct 코스닥액티브,unclassified,unclassified,1.0,2026-03-10,,active,,inventory_only,https://data.krx.co.kr/comm/bldAttendant/getJsonData.cmd?bld=dbms/MDC/STAT/standard/MDCSTAT04601,,,,,,,,
inventory_0164G0,0164G0,RISE 차이나AI반도체TOP4Plus,unclassified,unclassified,1.0,2026-03-10,,active,,inventory_only,https://data.krx.co.kr/comm/bldAttendant/getJsonData.cmd?bld=dbms/MDC/STAT/standard/MDCSTAT04601,,,,,,,,
inventory_0166N0,0166N0,PLUS 코스닥150액티브,unclassified,unclassified,1.0,2026-03-17,,active,,inventory_only,https://data.krx.co.kr/comm/bldAttendant/getJsonData.cmd?bld=dbms/MDC/STAT/standard/MDCSTAT04601,,,,,,,,
inventory_0166S0,0166S0,PLUS K제조업핵심기업액티브,unclassified,unclassified,1.0,2026-03-24,,active,,inventory_only,https://data.krx.co.kr/comm/bldAttendant/getJsonData.cmd?bld=dbms/MDC/STAT/standard/MDCSTAT04601,,,,,,,,
inventory_0166T0,0166T0,PLUS 글로벌저작권핵심기업액티브,unclassified,unclassified,1.0,2026-03-31,,active,,inventory_only,https://data.krx.co.kr/comm/bldAttendant/getJsonData.cmd?bld=dbms/MDC/STAT/standard/MDCSTAT04601,,,,,,,,
inventory_0167A0,0167A0,SOL AI반도체TOP2플러스,unclassified,unclassified,1.0,2026-03-17,,active,,inventory_only,https://data.krx.co.kr/comm/bldAttendant/getJsonData.cmd?bld=dbms/MDC/STAT/standard/MDCSTAT04601,,,,,,,,
inventory_0167B0,0167B0,SOL 200타겟위클리커버드콜,unclassified,unclassified,1.0,2026-03-17,,active,,inventory_only,https://data.krx.co.kr/comm/bldAttendant/getJsonData.cmd?bld=dbms/MDC/STAT/standard/MDCSTAT04601,,,,,,,,
inventory_0167Z0,0167Z0,KODEX 미국우주항공,unclassified,unclassified,1.0,2026-03-17,,active,,inventory_only,https://kind.krx.co.kr/disclosure/etfisudetail.do?method=searchEftIsuDetail&isuCd=KR70167Z0002,,,,,,,,
inventory_0168K0,0168K0,TIGER 기술이전바이오액티브,unclassified,unclassified,1.0,2026-03-17,,active,,inventory_only,https://data.krx.co.kr/comm/bldAttendant/getJsonData.cmd?bld=dbms/MDC/STAT/standard/MDCSTAT04601,,,,,,,,
inventory_0172V0,0172V0,1Q 은액티브,unclassified,unclassified,1.0,2026-03-31,,active,,inventory_only,https://kind.krx.co.kr/disclosure/etfisudetail.do?method=searchEftIsuDetail&isuCd=KR70172V0009,,,,,,,,
inventory_0172Y0,0172Y0,ACE K수출핵심TOP10산업액티브,unclassified,unclassified,1.0,2026-03-31,,active,,inventory_only,https://kind.krx.co.kr/disclosure/etfisudetail.do?method=searchEftIsuDetail&isuCd=KR70172Y0006,,,,,,,,
inventory_0173Y0,0173Y0,KODEX 미국AI광통신네트워크,unclassified,unclassified,1.0,2026-03-31,,active,,inventory_only,https://kind.krx.co.kr/disclosure/etfisudetail.do?method=searchEftIsuDetail&isuCd=KR70173Y0005,,,,,,,,
inventory_0174B0,0174B0,KoAct 글로벌AI메모리반도체액티브,unclassified,unclassified,1.0,2026-04-14,,active,,inventory_only,https://data.krx.co.kr/comm/bldAttendant/getJsonData.cmd?bld=dbms/MDC/STAT/standard/MDCSTAT04601,,,,,,,,
inventory_0174J0,0174J0,DAISHIN 오피스리츠플러스,unclassified,unclassified,1.0,2026-03-31,,active,,inventory_only,https://kind.krx.co.kr/disclosure/etfisudetail.do?method=searchEftIsuDetail&isuCd=KR70174J0003,,,,,,,,
inventory_0174R0,0174R0,KIWOOM 미국성장다우존스,unclassified,unclassified,1.0,2026-03-31,,active,,inventory_only,https://kind.krx.co.kr/disclosure/etfisudetail.do?method=searchEftIsuDetail&isuCd=KR70174R0003,,,,,,,,
inventory_0176E0,0176E0,RISE 미국AI전력인프라액티브,unclassified,unclassified,1.0,2026-04-07,,active,,inventory_only,https://data.krx.co.kr/comm/bldAttendant/getJsonData.cmd?bld=dbms/MDC/STAT/standard/MDCSTAT04601,,,,,,,,
inventory_0176P0,0176P0,FOCUS AI반도체위클리고정커버드콜,unclassified,unclassified,1.0,2026-04-07,,active,,inventory_only,https://kind.krx.co.kr/disclosure/etfisudetail.do?method=searchEftIsuDetail&isuCd=KR70176P0003,,,,,,,,
inventory_0177A0,0177A0,WON 두산그룹포커스,unclassified,unclassified,1.0,2026-03-31,,active,,inventory_only,https://data.krx.co.kr/comm/bldAttendant/getJsonData.cmd?bld=dbms/MDC/STAT/standard/MDCSTAT04601,,,,,,,,
inventory_0177N0,0177N0,KODEX 삼성전자SK하이닉스채권혼합50,unclassified,unclassified,1.0,2026-04-07,,active,,inventory_only,https://kind.krx.co.kr/disclosure/etfisudetail.do?method=searchEftIsuDetail&isuCd=KR70177N0004,,,,,,,,
inventory_0177R0,0177R0,TIGER 반도체TOP10커버드콜액티브,unclassified,unclassified,1.0,2026-04-21,,active,,inventory_only,https://data.krx.co.kr/comm/bldAttendant/getJsonData.cmd?bld=dbms/MDC/STAT/standard/MDCSTAT04601,,,,,,,,
inventory_0177X0,0177X0,ACE K휴머노이드로봇산업TOP2+,unclassified,unclassified,1.0,2026-04-07,,active,,inventory_only,https://kind.krx.co.kr/disclosure/etfisudetail.do?method=searchEftIsuDetail&isuCd=KR70177X0002,,,,,,,,
inventory_0178H0,0178H0,IBK 미국AI TOP10국채혼합50,unclassified,unclassified,1.0,2026-04-28,,active,,inventory_only,https://kind.krx.co.kr/disclosure/etfisudetail.do?method=searchEftIsuDetail&isuCd=KR70178H0001,,,,,,,,
inventory_0180V0,0180V0,ACE 미국우주테크액티브,unclassified,unclassified,1.0,2026-04-14,,active,,inventory_only,https://kind.krx.co.kr/disclosure/etfisudetail.do?method=searchEftIsuDetail&isuCd=KR70180V0009,,,,,,,,
inventory_0181B0,0181B0,HANARO 미국AI메모리반도체TOP4+,unclassified,unclassified,1.0,2026-05-12,,active,,inventory_only,https://kind.krx.co.kr/disclosure/etfisudetail.do?method=searchEftIsuDetail&isuCd=KR70181B0002,,,,,,,,
inventory_0181L0,0181L0,SOL 미국우주항공TOP10,unclassified,unclassified,1.0,2026-04-21,,active,,inventory_only,https://kind.krx.co.kr/disclosure/etfisudetail.do?method=searchEftIsuDetail&isuCd=KR70181L0000,,,,,,,,
inventory_0182R0,0182R0,1Q K반도체TOP2+,unclassified,unclassified,1.0,2026-04-14,,active,,inventory_only,https://kind.krx.co.kr/disclosure/etfisudetail.do?method=searchEftIsuDetail&isuCd=KR70182R0003,,,,,,,,
inventory_0182S0,0182S0,1Q K반도체TOP2채권혼합50,unclassified,unclassified,1.0,2026-04-14,,active,,inventory_only,https://kind.krx.co.kr/disclosure/etfisudetail.do?method=searchEftIsuDetail&isuCd=KR70182S0002,,,,,,,,
inventory_0183J0,0183J0,TIGER 미국우주테크,unclassified,unclassified,1.0,2026-04-14,,active,,inventory_only,https://data.krx.co.kr/comm/bldAttendant/getJsonData.cmd?bld=dbms/MDC/STAT/standard/MDCSTAT04601,,,,,,,,
inventory_0183V0,0183V0,KIWOOM 삼성전자&SK하이닉스채권혼합50,unclassified,unclassified,1.0,2026-04-21,,active,,inventory_only,https://kind.krx.co.kr/disclosure/etfisudetail.do?method=searchEftIsuDetail&isuCd=KR70183V0006,,,,,,,,
inventory_0184E0,0184E0,1Q 200채권혼합50액티브,unclassified,unclassified,1.0,2026-04-21,,active,,inventory_only,https://kind.krx.co.kr/disclosure/etfisudetail.do?method=searchEftIsuDetail&isuCd=KR70184E0006,,,,,,,,
inventory_0184L0,0184L0,PLUS 중기종합채권(A-이상)액티브,unclassified,unclassified,1.0,2026-05-12,,active,,inventory_only,https://data.krx.co.kr/comm/bldAttendant/getJsonData.cmd?bld=dbms/MDC/STAT/standard/MDCSTAT04601,,,,,,,,
inventory_0184N0,0184N0,PLUS 은채권혼합,unclassified,unclassified,1.0,2026-05-12,,active,,inventory_only,https://kind.krx.co.kr/disclosure/etfisudetail.do?method=searchEftIsuDetail&isuCd=KR70184N0005,,,,,,,,
inventory_0184V0,0184V0,UNICORN K바이오액티브,unclassified,unclassified,1.0,2026-05-12,,active,,inventory_only,https://kind.krx.co.kr/disclosure/etfisudetail.do?method=searchEftIsuDetail&isuCd=KR70184V0005,,,,,,,,
inventory_0185L0,0185L0,TIME 글로벌휴머노이드로봇산업액티브,unclassified,unclassified,1.0,2026-05-19,,active,,inventory_only,https://data.krx.co.kr/comm/bldAttendant/getJsonData.cmd?bld=dbms/MDC/STAT/standard/MDCSTAT04601,,,,,,,,
inventory_0186L0,0186L0,KoAct 미국로봇피지컬AI액티브,unclassified,unclassified,1.0,2026-04-28,,active,,inventory_only,https://data.krx.co.kr/comm/bldAttendant/getJsonData.cmd?bld=dbms/MDC/STAT/standard/MDCSTAT04601,,,,,,,,
inventory_0186S0,0186S0,1Q 코스닥150채권혼합50액티브,unclassified,unclassified,1.0,2026-04-28,,active,,inventory_only,https://kind.krx.co.kr/disclosure/etfisudetail.do?method=searchEftIsuDetail&isuCd=KR70186S0008,,,,,,,,
inventory_0189B0,0189B0,TIGER 은액티브,unclassified,unclassified,1.0,2026-04-28,,active,,inventory_only,https://kind.krx.co.kr/disclosure/etfisudetail.do?method=searchEftIsuDetail&isuCd=KR70189B0004,,,,,,,,
inventory_0189Z0,0189Z0,DAISHIN 금융&지주고배당,unclassified,unclassified,1.0,2026-06-09,,active,,inventory_only,https://kind.krx.co.kr/disclosure/etfisudetail.do?method=searchEftIsuDetail&isuCd=KR70189Z0006,,,,,,,,
inventory_0190C0,0190C0,RISE 현대차고정피지컬AI,unclassified,unclassified,1.0,2026-05-12,,active,,inventory_only,https://data.krx.co.kr/comm/bldAttendant/getJsonData.cmd?bld=dbms/MDC/STAT/standard/MDCSTAT04601,,,,,,,,
inventory_0190G0,0190G0,KODEX 반도체타겟위클리커버드콜,unclassified,unclassified,1.0,2026-05-12,,active,,inventory_only,https://kind.krx.co.kr/disclosure/etfisudetail.do?method=searchEftIsuDetail&isuCd=KR70190G0006,,,,,,,,
inventory_0190M0,0190M0,KIWOOM 미국AI테크하이베타,unclassified,unclassified,1.0,2026-05-12,,active,,inventory_only,https://kind.krx.co.kr/disclosure/etfisudetail.do?method=searchEftIsuDetail&isuCd=KR70190M0008,,,,,,,,
inventory_0190Y0,0190Y0,TIGER 구글밸류체인,unclassified,unclassified,1.0,2026-05-12,,active,,inventory_only,https://data.krx.co.kr/comm/bldAttendant/getJsonData.cmd?bld=dbms/MDC/STAT/standard/MDCSTAT04601,,,,,,,,
inventory_0191B0,0191B0,MIDAS 코스닥액티브,unclassified,unclassified,1.0,2026-05-19,,active,,inventory_only,https://kind.krx.co.kr/disclosure/etfisudetail.do?method=searchEftIsuDetail&isuCd=KR70191B0000,,,,,,,,
inventory_0191M0,0191M0,마이티 5월만기자동연장특수채(AAA)액티브,unclassified,unclassified,1.0,2026-06-02,,active,,inventory_only,https://kind.krx.co.kr/disclosure/etfisudetail.do?method=searchEftIsuDetail&isuCd=KR70191M0007,,,,,,,,
inventory_0191S0,0191S0,IBK 코스닥150,unclassified,unclassified,1.0,2026-05-19,,active,,inventory_only,https://kind.krx.co.kr/disclosure/etfisudetail.do?method=searchEftIsuDetail&isuCd=KR70191S0001,,,,,,,,
inventory_0191W0,0191W0,HANARO 중기종합채권(A-이상)액티브,unclassified,unclassified,1.0,2026-05-19,,active,,inventory_only,https://kind.krx.co.kr/disclosure/etfisudetail.do?method=searchEftIsuDetail&isuCd=KR70191W0005,,,,,,,,
inventory_0192L0,0192L0,RISE SK하이닉스단일종목레버리지,unclassified,unclassified,1.0,2026-05-27,,active,,inventory_only,https://data.krx.co.kr/comm/bldAttendant/getJsonData.cmd?bld=dbms/MDC/STAT/standard/MDCSTAT04601,,,,,,,,
inventory_0192M0,0192M0,RISE 삼성전자단일종목레버리지,unclassified,unclassified,1.0,2026-05-27,,active,,inventory_only,https://data.krx.co.kr/comm/bldAttendant/getJsonData.cmd?bld=dbms/MDC/STAT/standard/MDCSTAT04601,,,,,,,,
inventory_0192S0,0192S0,SOL 코스피200채권혼합50,unclassified,unclassified,1.0,2026-05-19,,active,,inventory_only,https://data.krx.co.kr/comm/bldAttendant/getJsonData.cmd?bld=dbms/MDC/STAT/standard/MDCSTAT04601,,,,,,,,
inventory_0192T0,0192T0,SOL 코스닥TOP10,unclassified,unclassified,1.0,2026-05-19,,active,,inventory_only,https://data.krx.co.kr/comm/bldAttendant/getJsonData.cmd?bld=dbms/MDC/STAT/standard/MDCSTAT04601,,,,,,,,
inventory_0192Z0,0192Z0,TIGER 중기종합채권(A-이상)액티브,unclassified,unclassified,1.0,2026-05-19,,active,,inventory_only,https://data.krx.co.kr/comm/bldAttendant/getJsonData.cmd?bld=dbms/MDC/STAT/standard/MDCSTAT04601,,,,,,,,
inventory_0193G0,0193G0,KoAct 코스피액티브,unclassified,unclassified,1.0,2026-05-19,,active,,inventory_only,https://kind.krx.co.kr/disclosure/etfisudetail.do?method=searchEftIsuDetail&isuCd=KR70193G0003,,,,,,,,
inventory_0193K0,0193K0,PLUS 삼성전자단일종목레버리지,unclassified,unclassified,1.0,2026-05-27,,active,,inventory_only,https://data.krx.co.kr/comm/bldAttendant/getJsonData.cmd?bld=dbms/MDC/STAT/standard/MDCSTAT04601,,,,,,,,
inventory_0193L0,0193L0,PLUS 삼성전자선물단일종목인버스2X,unclassified,unclassified,1.0,2026-05-27,,active,,inventory_only,https://data.krx.co.kr/comm/bldAttendant/getJsonData.cmd?bld=dbms/MDC/STAT/standard/MDCSTAT04601,,,,,,,,
inventory_0193M0,0193M0,BNK 27-12 특수채(AAA이상)액티브,unclassified,unclassified,1.0,2026-06-16,,active,,inventory_only,https://kind.krx.co.kr/disclosure/etfisudetail.do?method=searchEftIsuDetail&isuCd=KR70193M0005,,,,,,,,
inventory_0193T0,0193T0,KODEX SK하이닉스단일종목레버리지,unclassified,unclassified,1.0,2026-05-27,,active,,inventory_only,https://data.krx.co.kr/comm/bldAttendant/getJsonData.cmd?bld=dbms/MDC/STAT/standard/MDCSTAT04601,,,,,,,,
inventory_0193W0,0193W0,KODEX 삼성전자단일종목레버리지,unclassified,unclassified,1.0,2026-05-27,,active,,inventory_only,https://data.krx.co.kr/comm/bldAttendant/getJsonData.cmd?bld=dbms/MDC/STAT/standard/MDCSTAT04601,,,,,,,,
inventory_0194M0,0194M0,ACE 삼성전자단일종목레버리지,unclassified,unclassified,1.0,2026-05-27,,active,,inventory_only,https://kind.krx.co.kr/disclosure/etfisudetail.do?method=searchEftIsuDetail&isuCd=KR70194M0004,,,,,,,,
inventory_0194N0,0194N0,KIWOOM 삼성전자선물단일종목레버리지,unclassified,unclassified,1.0,2026-05-27,,active,,inventory_only,https://kind.krx.co.kr/disclosure/etfisudetail.do?method=searchEftIsuDetail&isuCd=KR70194N0003,,,,,,,,
inventory_0194R0,0194R0,KIWOOM SK하이닉스선물단일종목레버리지,unclassified,unclassified,1.0,2026-05-27,,active,,inventory_only,https://kind.krx.co.kr/disclosure/etfisudetail.do?method=searchEftIsuDetail&isuCd=KR70194R0009,,,,,,,,
inventory_0194T0,0194T0,ACE SK하이닉스단일종목레버리지,unclassified,unclassified,1.0,2026-05-27,,active,,inventory_only,https://kind.krx.co.kr/disclosure/etfisudetail.do?method=searchEftIsuDetail&isuCd=KR70194T0007,,,,,,,,
inventory_0195R0,0195R0,TIGER 삼성전자단일종목레버리지,unclassified,unclassified,1.0,2026-05-27,,active,,inventory_only,https://data.krx.co.kr/comm/bldAttendant/getJsonData.cmd?bld=dbms/MDC/STAT/standard/MDCSTAT04601,,,,,,,,
inventory_0195S0,0195S0,TIGER SK하이닉스단일종목레버리지,unclassified,unclassified,1.0,2026-05-27,,active,,inventory_only,https://data.krx.co.kr/comm/bldAttendant/getJsonData.cmd?bld=dbms/MDC/STAT/standard/MDCSTAT04601,,,,,,,,
inventory_0197W0,0197W0,SOL SK하이닉스단일종목레버리지,unclassified,unclassified,1.0,2026-05-27,,active,,inventory_only,https://data.krx.co.kr/comm/bldAttendant/getJsonData.cmd?bld=dbms/MDC/STAT/standard/MDCSTAT04601,,,,,,,,
inventory_0197X0,0197X0,SOL SK하이닉스선물단일종목인버스2X,unclassified,unclassified,1.0,2026-05-27,,active,,inventory_only,https://data.krx.co.kr/comm/bldAttendant/getJsonData.cmd?bld=dbms/MDC/STAT/standard/MDCSTAT04601,,,,,,,,
inventory_0198A0,0198A0,KIWOOM 코스닥150커버드콜액티브,unclassified,unclassified,1.0,2026-06-30,,active,,inventory_only,https://kind.krx.co.kr/disclosure/etfisudetail.do?method=searchEftIsuDetail&isuCd=KR70198A0004,,,,,,,,
inventory_0198B0,0198B0,1Q 삼성전자선물단일종목레버리지,unclassified,unclassified,1.0,2026-05-27,,active,,inventory_only,https://kind.krx.co.kr/disclosure/etfisudetail.do?method=searchEftIsuDetail&isuCd=KR70198B0003,,,,,,,,
inventory_0198D0,0198D0,1Q SK하이닉스선물단일종목레버리지,unclassified,unclassified,1.0,2026-05-27,,active,,inventory_only,https://kind.krx.co.kr/disclosure/etfisudetail.do?method=searchEftIsuDetail&isuCd=KR70198D0001,,,,,,,,
inventory_0199C0,0199C0,ACE 고배당주Plus커버드콜액티브,unclassified,unclassified,1.0,2026-06-02,,active,,inventory_only,https://kind.krx.co.kr/disclosure/etfisudetail.do?method=searchEftIsuDetail&isuCd=KR70199C0001,,,,,,,,
inventory_0203D0,0203D0,PLUS 200위클리커버드콜채권혼합,unclassified,unclassified,1.0,2026-06-02,,active,,inventory_only,https://data.krx.co.kr/comm/bldAttendant/getJsonData.cmd?bld=dbms/MDC/STAT/standard/MDCSTAT04601,,,,,,,,
inventory_0203R0,0203R0,WON 중단기종합채권(A-이상)액티브,unclassified,unclassified,1.0,2026-06-02,,active,,inventory_only,https://data.krx.co.kr/comm/bldAttendant/getJsonData.cmd?bld=dbms/MDC/STAT/standard/MDCSTAT04601,,,,,,,,
inventory_0203S0,0203S0,WON 삼성전자현대차채권혼합50,unclassified,unclassified,1.0,2026-06-02,,active,,inventory_only,https://kind.krx.co.kr/disclosure/etfisudetail.do?method=searchEftIsuDetail&isuCd=KR70203S0007,,,,,,,,
inventory_0204D0,0204D0,KODEX 현대차로보틱스밸류체인TOP3플러스,unclassified,unclassified,1.0,2026-06-09,,active,,inventory_only,https://data.krx.co.kr/comm/bldAttendant/getJsonData.cmd?bld=dbms/MDC/STAT/standard/MDCSTAT04601,,,,,,,,
inventory_0204S0,0204S0,TIGER 코스닥액티브,unclassified,unclassified,1.0,2026-06-02,,active,,inventory_only,https://data.krx.co.kr/comm/bldAttendant/getJsonData.cmd?bld=dbms/MDC/STAT/standard/MDCSTAT04601,,,,,,,,
inventory_0206G0,0206G0,1Q 현대차기아채권혼합50,unclassified,unclassified,1.0,2026-06-09,,active,,inventory_only,https://kind.krx.co.kr/disclosure/etfisudetail.do?method=searchEftIsuDetail&isuCd=KR70206G0008,,,,,,,,
inventory_0207G0,0207G0,SOL 우주항공밸류체인,unclassified,unclassified,1.0,2026-06-16,,active,,inventory_only,https://data.krx.co.kr/comm/bldAttendant/getJsonData.cmd?bld=dbms/MDC/STAT/standard/MDCSTAT04601,,,,,,,,
inventory_0207Z0,0207Z0,KIWOOM 미국우주데이터센터인프라,unclassified,unclassified,1.0,2026-06-16,,active,,inventory_only,https://kind.krx.co.kr/disclosure/etfisudetail.do?method=searchEftIsuDetail&isuCd=KR70207Z0004,,,,,,,,
inventory_0208N0,0208N0,IBK 코스피액티브,unclassified,unclassified,1.0,2026-06-23,,active,,inventory_only,https://kind.krx.co.kr/disclosure/etfisudetail.do?method=searchEftIsuDetail&isuCd=KR70208N0007,,,,,,,,
inventory_0209D0,0209D0,KODEX 전고체배터리ESS TOP2플러스,unclassified,unclassified,1.0,2026-06-23,,active,,inventory_only,https://data.krx.co.kr/comm/bldAttendant/getJsonData.cmd?bld=dbms/MDC/STAT/standard/MDCSTAT04601,,,,,,,,
inventory_0209Z0,0209Z0,ACE 코리아AI전력TOP10,unclassified,unclassified,1.0,2026-06-23,,active,,inventory_only,https://kind.krx.co.kr/disclosure/etfisudetail.do?method=searchEftIsuDetail&isuCd=KR70209Z0002,,,,,,,,
inventory_0210A0,0210A0,ACE K반도체TOP2+,unclassified,unclassified,1.0,2026-06-23,,active,,inventory_only,https://kind.krx.co.kr/disclosure/etfisudetail.do?method=searchEftIsuDetail&isuCd=KR70210A0008,,,,,,,,
inventory_0210E0,0210E0,PLUS 200커버드콜액티브,unclassified,unclassified,1.0,2026-06-23,,active,,inventory_only,https://data.krx.co.kr/comm/bldAttendant/getJsonData.cmd?bld=dbms/MDC/STAT/standard/MDCSTAT04601,,,,,,,,
inventory_0214M0,0214M0,MIDAS 바이오헬스케어액티브,unclassified,unclassified,1.0,2026-07-28,,active,,inventory_only,https://kind.krx.co.kr/disclosure/etfisudetail.do?method=searchEftIsuDetail&isuCd=KR70214M0000,,,,,,,,
inventory_0215T0,0215T0,HANARO 미국AI광통신TOP10,unclassified,unclassified,1.0,2026-07-14,,active,,inventory_only,https://kind.krx.co.kr/disclosure/etfisudetail.do?method=searchEftIsuDetail&isuCd=KR70215T0002,,,,,,,,
inventory_0216K0,0216K0,KIWOOM 미국우주테크TOP2채권혼합50,unclassified,unclassified,1.0,2026-07-07,,active,,inventory_only,https://kind.krx.co.kr/disclosure/etfisudetail.do?method=searchEftIsuDetail&isuCd=KR70216K0000,,,,,,,,
inventory_0216Z0,0216Z0,ACE K방산TOP5+,unclassified,unclassified,1.0,2026-07-07,,active,,inventory_only,https://kind.krx.co.kr/disclosure/etfisudetail.do?method=searchEftIsuDetail&isuCd=KR70216Z0003,,,,,,,,
inventory_0218J0,0218J0,RISE 미국우주&로봇TOP2미국채혼합50,unclassified,unclassified,1.0,2026-07-14,,active,,inventory_only,https://data.krx.co.kr/comm/bldAttendant/getJsonData.cmd?bld=dbms/MDC/STAT/standard/MDCSTAT04601,,,,,,,,
inventory_0218K0,0218K0,BNK 스마트카,unclassified,unclassified,1.0,2026-07-21,,active,,inventory_only,https://kind.krx.co.kr/disclosure/etfisudetail.do?method=searchEftIsuDetail&isuCd=KR70218K0008,,,,,,,,
inventory_0219B0,0219B0,KoAct 광통신&위성네트워크액티브,unclassified,unclassified,1.0,2026-07-14,,active,,inventory_only,https://data.krx.co.kr/comm/bldAttendant/getJsonData.cmd?bld=dbms/MDC/STAT/standard/MDCSTAT04601,,,,,,,,
inventory_0219E0,0219E0,KODEX 200커버드콜액티브,unclassified,unclassified,1.0,2026-07-14,,active,,inventory_only,https://kind.krx.co.kr/disclosure/etfisudetail.do?method=searchEftIsuDetail&isuCd=KR70219E0005,,,,,,,,
inventory_0219Z0,0219Z0,HANARO 미국S&P500액티브,unclassified,unclassified,1.0,2026-08-04,,active,,inventory_only,https://kind.krx.co.kr/disclosure/etfisudetail.do?method=searchEftIsuDetail&isuCd=KR70219Z0000,,,,,,,,
inventory_0220A0,0220A0,KIWOOM 현대차그룹TOP3채권혼합50,unclassified,unclassified,1.0,2026-07-14,,active,,inventory_only,https://kind.krx.co.kr/disclosure/etfisudetail.do?method=searchEftIsuDetail&isuCd=KR70220A0006,,,,,,,,
inventory_0220B0,0220B0,DS 코스닥액티브,unclassified,unclassified,1.0,2026-07-14,,active,,inventory_only,https://kind.krx.co.kr/disclosure/etfisudetail.do?method=searchEftIsuDetail&isuCd=KR70220B0005,,,,,,,,
inventory_0221V0,0221V0,IBK 초단기채권액티브,unclassified,unclassified,1.0,2026-07-21,,active,,inventory_only,https://kind.krx.co.kr/disclosure/etfisudetail.do?method=searchEftIsuDetail&isuCd=KR70221V0000,,,,,,,,
inventory_0221Z0,0221Z0,ACE K바이오코스닥액티브,unclassified,unclassified,1.0,2026-07-21,,active,,inventory_only,https://kind.krx.co.kr/disclosure/etfisudetail.do?method=searchEftIsuDetail&isuCd=KR70221Z0006,,,,,,,,
inventory_0222D0,0222D0,KoAct 고배당액티브,unclassified,unclassified,1.0,2026-07-28,,active,,inventory_only,https://data.krx.co.kr/comm/bldAttendant/getJsonData.cmd?bld=dbms/MDC/STAT/standard/MDCSTAT04601,,,,,,,,
inventory_0222F0,0222F0,마이티 AI데이터센터밸류체인,unclassified,unclassified,1.0,2026-08-04,,active,,inventory_only,https://kind.krx.co.kr/disclosure/etfisudetail.do?method=searchEftIsuDetail&isuCd=KR70222F0009,,,,,,,,
inventory_0223A0,0223A0,RISE 코스닥커버드콜액티브,unclassified,unclassified,1.0,2026-07-28,,active,,inventory_only,https://data.krx.co.kr/comm/bldAttendant/getJsonData.cmd?bld=dbms/MDC/STAT/standard/MDCSTAT04601,,,,,,,,
inventory_0223R0,0223R0,TIGER 미국테크NYSE100액티브,unclassified,unclassified,1.0,2026-07-21,,active,,inventory_only,https://data.krx.co.kr/comm/bldAttendant/getJsonData.cmd?bld=dbms/MDC/STAT/standard/MDCSTAT04601,,,,,,,,
inventory_0224D0,0224D0,KIWOOM 미국CPU반도체TOP4+,unclassified,unclassified,1.0,2026-07-28,,active,,inventory_only,https://kind.krx.co.kr/disclosure/etfisudetail.do?method=searchEftIsuDetail&isuCd=KR70224D0009,,,,,,,,
inventory_0224X0,0224X0,1Q 엔비디아알파벳미국채혼합50,unclassified,unclassified,1.0,2026-07-28,,active,,inventory_only,https://kind.krx.co.kr/disclosure/etfisudetail.do?method=searchEftIsuDetail&isuCd=KR70224X0005,,,,,,,,
inventory_0225V0,0225V0,KODEX 미국CPU반도체TOP10,unclassified,unclassified,1.0,2026-08-04,,active,,inventory_only,https://kind.krx.co.kr/disclosure/etfisudetail.do?method=searchEftIsuDetail&isuCd=KR70225V0006,,,,,,,,
inventory_0226A0,0226A0,PLUS SK하이닉스샌디스크채권혼합50,unclassified,unclassified,1.0,2026-08-04,,active,,inventory_only,https://data.krx.co.kr/comm/bldAttendant/getJsonData.cmd?bld=dbms/MDC/STAT/standard/MDCSTAT04601,,,,,,,,
inventory_0226D0,0226D0,FOCUS 금융반도체지주채권혼합50액티브,unclassified,unclassified,1.0,2026-08-11,,active,,inventory_only,https://kind.krx.co.kr/disclosure/etfisudetail.do?method=searchEftIsuDetail&isuCd=KR70226D0007,,,,,,,,
inventory_0226G0,0226G0,WON 피지컬AI TOP2플러스액티브,unclassified,unclassified,1.0,2026-08-04,,active,,inventory_only,https://data.krx.co.kr/comm/bldAttendant/getJsonData.cmd?bld=dbms/MDC/STAT/standard/MDCSTAT04601,,,,,,,,
inventory_0227K0,0227K0,RISE 미국우주위성통신,unclassified,unclassified,1.0,2026-08-11,,active,,inventory_only,https://data.krx.co.kr/comm/bldAttendant/getJsonData.cmd?bld=dbms/MDC/STAT/standard/MDCSTAT04601,,,,,,,,
inventory_0228G0,0228G0,ACE 반도체Plus전략산업,unclassified,unclassified,1.0,2026-08-11,,active,,inventory_only,https://kind.krx.co.kr/disclosure/etfisudetail.do?method=searchEftIsuDetail&isuCd=KR70228G0002,,,,,,,,
inventory_0229F0,0229F0,마이티 신약포커스바이오액티브,unclassified,unclassified,1.0,2026-09-01,,active,,inventory_only,https://kind.krx.co.kr/disclosure/etfisudetail.do?method=searchEftIsuDetail&isuCd=KR70229F0002,,,,,,,,
inventory_0231Z0,0231Z0,KODEX 코리아TDF2065액티브 적격,unclassified,unclassified,1.0,2026-08-25,,active,,inventory_only,https://kind.krx.co.kr/disclosure/etfisudetail.do?method=searchEftIsuDetail&isuCd=KR70231Z0004,,,,,,,,
inventory_0232A0,0232A0,MIDAS 머니마켓액티브,unclassified,unclassified,1.0,2026-09-01,,active,,inventory_only,https://kind.krx.co.kr/disclosure/etfisudetail.do?method=searchEftIsuDetail&isuCd=KR70232A0002,,,,,,,,
inventory_0233A0,0233A0,ACE 삼성전자SK하이닉스플러스채권혼합50,unclassified,unclassified,1.0,2026-08-25,,active,,inventory_only,https://kind.krx.co.kr/disclosure/etfisudetail.do?method=searchEftIsuDetail&isuCd=KR70233A0001,,,,,,,,
inventory_0233J0,0233J0,TIGER 삼성전자SK하이닉스미국채혼합50,unclassified,unclassified,1.0,2026-08-25,,active,,inventory_only,https://data.krx.co.kr/comm/bldAttendant/getJsonData.cmd?bld=dbms/MDC/STAT/standard/MDCSTAT04601,,,,,,,,
inventory_0233N0,0233N0,RISE 글로벌AI낸드메모리반도체,unclassified,unclassified,1.0,2026-09-01,,active,,inventory_only,https://kind.krx.co.kr/disclosure/etfisudetail.do?method=searchEftIsuDetail&isuCd=KR70233N0006,,,,,,,,
inventory_0234N0,0234N0,KIWOOM 삼성SK그룹TOP4+,unclassified,unclassified,1.0,2026-09-01,,active,,inventory_only,https://kind.krx.co.kr/disclosure/etfisudetail.do?method=searchEftIsuDetail&isuCd=KR70234N0005,,,,,,,,
inventory_0238P0,0238P0,TIGER 미국S&P500미국채혼합50,unclassified,unclassified,1.0,2026-09-08,,active,,inventory_only,https://data.krx.co.kr/comm/bldAttendant/getJsonData.cmd?bld=dbms/MDC/STAT/standard/MDCSTAT04601,,,,,,,,
inventory_069500,069500,KODEX 200,unclassified,unclassified,1.0,2002-10-14,,active,,inventory_only,https://kind.krx.co.kr/disclosure/etfisudetail.do?method=searchEftIsuDetail&isuCd=KR7069500007,,,,,,,,
inventory_069550,069550,KOSEF50,unclassified,unclassified,1.0,2002-10-14,2004-01-19,delisted,,inventory_only,https://kind.krx.co.kr/disclosure/etfisudetail.do?method=searchEftIsuDetail&isuCd=KR7069550002,,,,,,,,
inventory_069600,069600,KODEX50,unclassified,unclassified,1.0,2002-10-14,2004-02-23,delisted,,inventory_only,https://kind.krx.co.kr/disclosure/etfisudetail.do?method=searchEftIsuDetail&isuCd=KR7069600005,,,,,,,,
inventory_069660,069660,KIWOOM 200,unclassified,unclassified,1.0,2002-10-14,,active,,inventory_only,https://kind.krx.co.kr/disclosure/etfisudetail.do?method=searchEftIsuDetail&isuCd=KR7069660009,,,,,,,,
inventory_072350,072350,코덱스 큐 상장지수투자신탁,unclassified,unclassified,1.0,2003-04-28,2006-01-05,delisted,,inventory_only,https://kind.krx.co.kr/disclosure/etfisudetail.do?method=searchEftIsuDetail&isuCd=KR7072350002,,,,,,,,
inventory_074170,074170,KODEX배당,unclassified,unclassified,1.0,2003-10-13,2006-08-10,delisted,,inventory_only,https://kind.krx.co.kr/disclosure/etfisudetail.do?method=searchEftIsuDetail&isuCd=KR7074170002,,,,,,,,
inventory_086630,086630,KODEX KRX100,unclassified,unclassified,1.0,2005-10-28,2009-01-21,delisted,,inventory_only,https://kind.krx.co.kr/disclosure/etfisudetail.do?method=searchEftIsuDetail&isuCd=KR7086630001,,,,,,,,
inventory_086800,086800,KODEX스타 상장지수간접투자기구투자신탁,unclassified,unclassified,1.0,2005-12-15,2007-10-31,delisted,,inventory_only,https://kind.krx.co.kr/disclosure/etfisudetail.do?method=searchEftIsuDetail&isuCd=KR7086800000,,,,,,,,
inventory_091160,091160,KODEX 반도체,unclassified,unclassified,1.0,2006-06-27,,active,,inventory_only,https://data.krx.co.kr/comm/bldAttendant/getJsonData.cmd?bld=dbms/MDC/STAT/standard/MDCSTAT04601,,,,,,,,
inventory_091170,091170,KODEX 은행,unclassified,unclassified,1.0,2006-06-27,,active,,inventory_only,https://data.krx.co.kr/comm/bldAttendant/getJsonData.cmd?bld=dbms/MDC/STAT/standard/MDCSTAT04601,,,,,,,,
inventory_091180,091180,KODEX 자동차,unclassified,unclassified,1.0,2006-06-27,,active,,inventory_only,https://kind.krx.co.kr/disclosure/etfisudetail.do?method=searchEftIsuDetail&isuCd=KR7091180000,,,,,,,,
inventory_091190,091190,KOSEF Banks,unclassified,unclassified,1.0,2006-06-27,2013-06-26,delisted,,inventory_only,https://kind.krx.co.kr/disclosure/etfisudetail.do?method=searchEftIsuDetail&isuCd=KR7091190009,,,,,,,,
inventory_091200,091200,KOSEF IT,unclassified,unclassified,1.0,2006-06-27,2015-02-23,delisted,,inventory_only,https://kind.krx.co.kr/disclosure/etfisudetail.do?method=searchEftIsuDetail&isuCd=KR7091200006,,,,,,,,
inventory_091210,091210,TIGER KRX100,unclassified,unclassified,1.0,2006-06-27,2019-09-20,delisted,,inventory_only,https://kind.krx.co.kr/disclosure/etfisudetail.do?method=searchEftIsuDetail&isuCd=KR7091210005,,,,,,,,
inventory_091220,091220,TIGER 은행,unclassified,unclassified,1.0,2006-06-27,,active,,inventory_only,https://data.krx.co.kr/comm/bldAttendant/getJsonData.cmd?bld=dbms/MDC/STAT/standard/MDCSTAT04601,,,,,,,,
inventory_091230,091230,TIGER 반도체,unclassified,unclassified,1.0,2006-06-27,,active,,inventory_only,https://kind.krx.co.kr/disclosure/etfisudetail.do?method=searchEftIsuDetail&isuCd=KR7091230003,,,,,,,,
inventory_097680,097680,KODEX 중대형성장,unclassified,unclassified,1.0,2007-07-31,2009-03-26,delisted,,inventory_only,https://kind.krx.co.kr/disclosure/etfisudetail.do?method=searchEftIsuDetail&isuCd=KR7097680003,,,,,,,,
inventory_097690,097690,KODEX 중대형가치,unclassified,unclassified,1.0,2007-07-31,2009-03-26,delisted,,inventory_only,https://kind.krx.co.kr/disclosure/etfisudetail.do?method=searchEftIsuDetail&isuCd=KR7097690002,,,,,,,,
inventory_097700,097700,KODEX 중형가치,unclassified,unclassified,1.0,2007-07-31,2009-01-20,delisted,,inventory_only,https://kind.krx.co.kr/disclosure/etfisudetail.do?method=searchEftIsuDetail&isuCd=KR7097700009,,,,,,,,
inventory_097710,097710,TIGER 가치주,unclassified,unclassified,1.0,2007-07-31,2015-12-15,delisted,,inventory_only,https://kind.krx.co.kr/disclosure/etfisudetail.do?method=searchEftIsuDetail&isuCd=KR7097710008,,,,,,,,
inventory_097720,097720,TIGER 미드캡,unclassified,unclassified,1.0,2007-07-31,2015-12-15,delisted,,inventory_only,https://kind.krx.co.kr/disclosure/etfisudetail.do?method=searchEftIsuDetail&isuCd=KR7097720007,,,,,,,,
inventory_097730,097730,KOSEF 대형가치,unclassified,unclassified,1.0,2007-07-31,2009-08-11,delisted,,inventory_only,https://kind.krx.co.kr/disclosure/etfisudetail.do?method=searchEftIsuDetail&isuCd=KR7097730006,,,,,,,,
inventory_097740,097740,KOSEF 중형순수가치,unclassified,unclassified,1.0,2007-07-31,2010-05-18,delisted,,inventory_only,https://kind.krx.co.kr/disclosure/etfisudetail.do?method=searchEftIsuDetail&isuCd=KR7097740005,,,,,,,,
inventory_097750,097750,TREX 중소형가치,unclassified,unclassified,1.0,2007-07-31,2020-06-23,delisted,,inventory_only,https://kind.krx.co.kr/disclosure/etfisudetail.do?method=searchEftIsuDetail&isuCd=KR7097750004,,,,,,,,
inventory_098560,098560,TIGER 방송통신,unclassified,unclassified,1.0,2007-09-07,2025-12-04,delisted,,inventory_only,https://kind.krx.co.kr/disclosure/etfisudetail.do?method=searchEftIsuDetail&isuCd=KR7098560006,,,,,,,,
inventory_099140,099140,KODEX 차이나H,unclassified,unclassified,1.0,2007-10-10,,active,,inventory_only,https://data.krx.co.kr/comm/bldAttendant/getJsonData.cmd?bld=dbms/MDC/STAT/standard/MDCSTAT04601,,,,,,,,
inventory_100910,100910,KIWOOM KRX100,unclassified,unclassified,1.0,2008-01-23,,active,,inventory_only,https://kind.krx.co.kr/disclosure/etfisudetail.do?method=searchEftIsuDetail&isuCd=KR7100910009,,,,,,,,
inventory_101280,101280,KODEX 일본TOPIX100,unclassified,unclassified,1.0,2008-02-20,,active,,inventory_only,https://kind.krx.co.kr/disclosure/etfisudetail.do?method=searchEftIsuDetail&isuCd=KR7101280006,,,,,,,,
inventory_102110,102110,TIGER 200,unclassified,unclassified,1.0,2008-04-03,,active,,inventory_only,https://data.krx.co.kr/comm/bldAttendant/getJsonData.cmd?bld=dbms/MDC/STAT/standard/MDCSTAT04601,,,,,,,,
inventory_102780,102780,KODEX 삼성그룹,unclassified,unclassified,1.0,2008-05-21,,active,,inventory_only,https://kind.krx.co.kr/disclosure/etfisudetail.do?method=searchEftIsuDetail&isuCd=KR7102780004,,,,,,,,
inventory_102960,102960,KODEX 기계장비,unclassified,unclassified,1.0,2008-05-29,,active,,inventory_only,https://kind.krx.co.kr/disclosure/etfisudetail.do?method=searchEftIsuDetail&isuCd=KR7102960002,,,,,,,,
inventory_102970,102970,KODEX 증권,unclassified,unclassified,1.0,2008-05-29,,active,,inventory_only,https://kind.krx.co.kr/disclosure/etfisudetail.do?method=searchEftIsuDetail&isuCd=KR7102970001,,,,,,,,
inventory_104520,104520,KIWOOM 블루칩,unclassified,unclassified,1.0,2008-07-29,,active,,inventory_only,https://kind.krx.co.kr/disclosure/etfisudetail.do?method=searchEftIsuDetail&isuCd=KR7104520002,,,,,,,,
inventory_104530,104530,KIWOOM 코리아고배당,unclassified,unclassified,1.0,2008-07-29,,active,,inventory_only,https://kind.krx.co.kr/disclosure/etfisudetail.do?method=searchEftIsuDetail&isuCd=KR7104530001,,,,,,,,
inventory_104580,104580,KODEX Brazil,unclassified,unclassified,1.0,2008-07-28,2015-02-23,delisted,,inventory_only,https://kind.krx.co.kr/disclosure/etfisudetail.do?method=searchEftIsuDetail&isuCd=KR7104580006,,,,,,,,
inventory_105010,105010,TIGER 라틴35,unclassified,unclassified,1.0,2008-08-27,,active,,inventory_only,https://kind.krx.co.kr/disclosure/etfisudetail.do?method=searchEftIsuDetail&isuCd=KR7105010003,,,,,,,,
inventory_105020,105020,TIGER 브릭스,unclassified,unclassified,1.0,2008-08-27,2015-02-23,delisted,,inventory_only,https://kind.krx.co.kr/disclosure/etfisudetail.do?method=searchEftIsuDetail&isuCd=KR7105020002,,,,,,,,
inventory_105190,105190,ACE 200,unclassified,unclassified,1.0,2008-09-25,,active,,inventory_only,https://kind.krx.co.kr/disclosure/etfisudetail.do?method=searchEftIsuDetail&isuCd=KR7105190003,,,,,,,,
inventory_105270,105270,KINDEX 성장대형F15,unclassified,unclassified,1.0,2008-09-25,2016-04-29,delisted,,inventory_only,https://kind.krx.co.kr/disclosure/etfisudetail.do?method=searchEftIsuDetail&isuCd=KR7105270003,,,,,,,,
inventory_105450,105450,KODEX 15,unclassified,unclassified,1.0,2008-09-25,2010-04-14,delisted,,inventory_only,https://kind.krx.co.kr/disclosure/etfisudetail.do?method=searchEftIsuDetail&isuCd=KR7105450001,,,,,,,,
inventory_105780,105780,RISE 5대그룹주,unclassified,unclassified,1.0,2008-10-22,,active,,inventory_only,https://data.krx.co.kr/comm/bldAttendant/getJsonData.cmd?bld=dbms/MDC/STAT/standard/MDCSTAT04601,,,,,,,,
inventory_107560,107560,GIANT 현대차그룹,unclassified,unclassified,1.0,2008-12-24,2016-09-29,delisted,,inventory_only,https://kind.krx.co.kr/disclosure/etfisudetail.do?method=searchEftIsuDetail&isuCd=KR7107560005,,,,,,,,
inventory_108440,108440,KINDEX 코스닥스타,unclassified,unclassified,1.0,2009-01-22,2016-04-29,delisted,,inventory_only,https://kind.krx.co.kr/disclosure/etfisudetail.do?method=searchEftIsuDetail&isuCd=KR7108440009,,,,,,,,
inventory_108450,108450,ACE 삼성그룹섹터가중,unclassified,unclassified,1.0,2009-02-03,,active,,inventory_only,https://kind.krx.co.kr/disclosure/etfisudetail.do?method=searchEftIsuDetail&isuCd=KR7108450008,,,,,,,,
inventory_108480,108480,KStar 코스닥엘리트30,unclassified,unclassified,1.0,2009-01-22,2015-12-15,delisted,,inventory_only,https://kind.krx.co.kr/disclosure/etfisudetail.do?method=searchEftIsuDetail&isuCd=KR7108480005,,,,,,,,
inventory_108590,108590,TREX 200,unclassified,unclassified,1.0,2009-01-23,,active,,inventory_only,https://data.krx.co.kr/comm/bldAttendant/getJsonData.cmd?bld=dbms/MDC/STAT/standard/MDCSTAT04601,,,,,,,,
inventory_108630,108630,FIRST 스타우량,unclassified,unclassified,1.0,2009-02-03,2016-03-14,delisted,,inventory_only,https://kind.krx.co.kr/disclosure/etfisudetail.do?method=searchEftIsuDetail&isuCd=KR7108630005,,,,,,,,
inventory_110550,110550,HIT 골드,unclassified,unclassified,1.0,2009-11-05,2011-12-19,delisted,,inventory_only,https://kind.krx.co.kr/disclosure/etfisudetail.do?method=searchEftIsuDetail&isuCd=KR7110550001,,,,,,,,
inventory_114100,114100,RISE 국고채3년,unclassified,unclassified,1.0,2009-07-29,,active,,inventory_only,https://kind.krx.co.kr/disclosure/etfisudetail.do?method=searchEftIsuDetail&isuCd=KR7114100001,,,,,,,,
inventory_114260,114260,KODEX 국고채3년,unclassified,unclassified,1.0,2009-07-29,,active,,inventory_only,https://kind.krx.co.kr/disclosure/etfisudetail.do?method=searchEftIsuDetail&isuCd=KR7114260003,,,,,,,,
inventory_114460,114460,ACE 국고채3년,unclassified,unclassified,1.0,2009-07-31,,active,,inventory_only,https://kind.krx.co.kr/disclosure/etfisudetail.do?method=searchEftIsuDetail&isuCd=KR7114460009,,,,,,,,
inventory_114470,114470,KIWOOM 국고채3년,unclassified,unclassified,1.0,2009-07-31,,active,,inventory_only,https://kind.krx.co.kr/disclosure/etfisudetail.do?method=searchEftIsuDetail&isuCd=KR7114470008,,,,,,,,
inventory_114800,114800,KODEX 인버스,unclassified,unclassified,1.0,2009-09-16,,active,,inventory_only,https://kind.krx.co.kr/disclosure/etfisudetail.do?method=searchEftIsuDetail&isuCd=KR7114800006,,,,,,,,
inventory_114820,114820,TIGER 국채3년,unclassified,unclassified,1.0,2009-08-27,,active,,inventory_only,https://data.krx.co.kr/comm/bldAttendant/getJsonData.cmd?bld=dbms/MDC/STAT/standard/MDCSTAT04601,,,,,,,,
inventory_117460,117460,KODEX 에너지화학,unclassified,unclassified,1.0,2009-10-12,,active,,inventory_only,https://data.krx.co.kr/comm/bldAttendant/getJsonData.cmd?bld=dbms/MDC/STAT/standard/MDCSTAT04601,,,,,,,,
inventory_117680,117680,KODEX 철강,unclassified,unclassified,1.0,2009-10-30,,active,,inventory_only,https://data.krx.co.kr/comm/bldAttendant/getJsonData.cmd?bld=dbms/MDC/STAT/standard/MDCSTAT04601,,,,,,,,
inventory_117690,117690,TIGER 차이나항셍30,unclassified,unclassified,1.0,2009-10-21,,active,,inventory_only,https://kind.krx.co.kr/disclosure/etfisudetail.do?method=searchEftIsuDetail&isuCd=KR7117690008,,,,,,,,
inventory_117700,117700,KODEX 건설,unclassified,unclassified,1.0,2009-10-30,,active,,inventory_only,https://data.krx.co.kr/comm/bldAttendant/getJsonData.cmd?bld=dbms/MDC/STAT/standard/MDCSTAT04601,,,,,,,,
inventory_117740,117740,ARIRANG LG그룹&,unclassified,unclassified,1.0,2009-10-27,2015-05-07,delisted,,inventory_only,https://kind.krx.co.kr/disclosure/etfisudetail.do?method=searchEftIsuDetail&isuCd=KR7117740001,,,,,,,,
inventory_120210,120210,GREAT SRI,unclassified,unclassified,1.0,2009-12-15,2015-12-15,delisted,,inventory_only,https://kind.krx.co.kr/disclosure/etfisudetail.do?method=searchEftIsuDetail&isuCd=KR7120210000,,,,,,,,
inventory_122090,122090,PLUS 코스피50,unclassified,unclassified,1.0,2010-01-07,,active,,inventory_only,https://kind.krx.co.kr/disclosure/etfisudetail.do?method=searchEftIsuDetail&isuCd=KR7122090004,,,,,,,,
inventory_122260,122260,KIWOOM 통안채1년,unclassified,unclassified,1.0,2010-01-14,,active,,inventory_only,https://kind.krx.co.kr/disclosure/etfisudetail.do?method=searchEftIsuDetail&isuCd=KR7122260003,,,,,,,,
inventory_122390,122390,TIGER 코스닥프리미어,unclassified,unclassified,1.0,2010-02-08,2016-04-29,delisted,,inventory_only,https://kind.krx.co.kr/disclosure/etfisudetail.do?method=searchEftIsuDetail&isuCd=KR7122390008,,,,,,,,
inventory_122630,122630,KODEX 레버리지,unclassified,unclassified,1.0,2010-02-22,,active,,inventory_only,https://kind.krx.co.kr/disclosure/etfisudetail.do?method=searchEftIsuDetail&isuCd=KR7122630007,,,,,,,,
inventory_123310,123310,TIGER 인버스,unclassified,unclassified,1.0,2010-03-29,,active,,inventory_only,https://data.krx.co.kr/comm/bldAttendant/getJsonData.cmd?bld=dbms/MDC/STAT/standard/MDCSTAT04601,,,,,,,,
inventory_123320,123320,TIGER 레버리지,unclassified,unclassified,1.0,2010-04-09,,active,,inventory_only,https://data.krx.co.kr/comm/bldAttendant/getJsonData.cmd?bld=dbms/MDC/STAT/standard/MDCSTAT04601,,,,,,,,
inventory_123760,123760,KBSTAR 레버리지,unclassified,unclassified,1.0,2010-04-09,2016-10-25,delisted,,inventory_only,https://kind.krx.co.kr/disclosure/etfisudetail.do?method=searchEftIsuDetail&isuCd=KR7123760001,,,,,,,,
inventory_123930,123930,KOSEF 인버스,unclassified,unclassified,1.0,2010-04-15,2013-06-26,delisted,,inventory_only,https://kind.krx.co.kr/disclosure/etfisudetail.do?method=searchEftIsuDetail&isuCd=KR7123930000,,,,,,,,
inventory_124090,124090,HIT 보험,unclassified,unclassified,1.0,2010-05-07,2011-12-19,delisted,,inventory_only,https://kind.krx.co.kr/disclosure/etfisudetail.do?method=searchEftIsuDetail&isuCd=KR7124090002,,,,,,,,
inventory_129270,129270,ARIRANG 네오밸류,unclassified,unclassified,1.0,2010-06-17,2015-05-07,delisted,,inventory_only,https://kind.krx.co.kr/disclosure/etfisudetail.do?method=searchEftIsuDetail&isuCd=KR7129270005,,,,,,,,
inventory_130680,130680,TIGER 원유선물Enhanced(H),unclassified,unclassified,1.0,2010-08-02,,active,,inventory_only,https://data.krx.co.kr/comm/bldAttendant/getJsonData.cmd?bld=dbms/MDC/STAT/standard/MDCSTAT04601,,,,,,,,
inventory_130730,130730,KIWOOM 단기자금,unclassified,unclassified,1.0,2010-07-29,,active,,inventory_only,https://kind.krx.co.kr/disclosure/etfisudetail.do?method=searchEftIsuDetail&isuCd=KR7130730005,,,,,,,,
inventory_131890,131890,ACE 삼성그룹동일가중,unclassified,unclassified,1.0,2010-09-17,,active,,inventory_only,https://kind.krx.co.kr/disclosure/etfisudetail.do?method=searchEftIsuDetail&isuCd=KR7131890006,,,,,,,,
inventory_132030,132030,KODEX 골드선물(H),unclassified,unclassified,1.0,2010-10-01,,active,,inventory_only,https://data.krx.co.kr/comm/bldAttendant/getJsonData.cmd?bld=dbms/MDC/STAT/standard/MDCSTAT04601,,,,,,,,
inventory_133690,133690,TIGER 미국나스닥100,unclassified,unclassified,1.0,2010-10-18,,active,,inventory_only,https://data.krx.co.kr/comm/bldAttendant/getJsonData.cmd?bld=dbms/MDC/STAT/standard/MDCSTAT04601,,,,,,,,
inventory_136280,136280,KODEX 소비재,unclassified,unclassified,1.0,2010-12-07,2017-05-25,delisted,,inventory_only,https://kind.krx.co.kr/disclosure/etfisudetail.do?method=searchEftIsuDetail&isuCd=KR7136280005,,,,,,,,
inventory_136340,136340,RISE 중기우량회사채,unclassified,unclassified,1.0,2011-04-15,,active,,inventory_only,https://data.krx.co.kr/comm/bldAttendant/getJsonData.cmd?bld=dbms/MDC/STAT/standard/MDCSTAT04601,,,,,,,,
inventory_137610,137610,TIGER 농산물선물Enhanced(H),unclassified,unclassified,1.0,2011-01-11,,active,,inventory_only,https://data.krx.co.kr/comm/bldAttendant/getJsonData.cmd?bld=dbms/MDC/STAT/standard/MDCSTAT04601,,,,,,,,
inventory_137930,137930,마이다스 200커버드콜5%OTM,unclassified,unclassified,1.0,2011-02-15,2023-10-27,delisted,,inventory_only,https://kind.krx.co.kr/disclosure/etfisudetail.do?method=searchEftIsuDetail&isuCd=KR7137930004,,,,,,,,
inventory_137990,137990,TIGER 그린,unclassified,unclassified,1.0,2011-01-27,2015-12-15,delisted,,inventory_only,https://kind.krx.co.kr/disclosure/etfisudetail.do?method=searchEftIsuDetail&isuCd=KR7137990008,,,,,,,,
inventory_138210,138210,GREAT GREEN,unclassified,unclassified,1.0,2011-01-27,2015-07-02,delisted,,inventory_only,https://kind.krx.co.kr/disclosure/etfisudetail.do?method=searchEftIsuDetail&isuCd=KR7138210000,,,,,,,,
inventory_138230,138230,KIWOOM 미국달러선물,unclassified,unclassified,1.0,2011-02-24,,active,,inventory_only,https://kind.krx.co.kr/disclosure/etfisudetail.do?method=searchEftIsuDetail&isuCd=KR7138230008,,,,,,,,
inventory_138520,138520,TIGER 삼성그룹,unclassified,unclassified,1.0,2011-03-07,,active,,inventory_only,https://data.krx.co.kr/comm/bldAttendant/getJsonData.cmd?bld=dbms/MDC/STAT/standard/MDCSTAT04601,,,,,,,,
inventory_138530,138530,TIGER LG그룹플러스,unclassified,unclassified,1.0,2011-03-10,,active,,inventory_only,https://data.krx.co.kr/comm/bldAttendant/getJsonData.cmd?bld=dbms/MDC/STAT/standard/MDCSTAT04601,,,,,,,,
inventory_138540,138540,TIGER 현대차그룹플러스,unclassified,unclassified,1.0,2011-03-10,,active,,inventory_only,https://kind.krx.co.kr/disclosure/etfisudetail.do?method=searchEftIsuDetail&isuCd=KR7138540000,,,,,,,,
inventory_138910,138910,KODEX 구리선물(H),unclassified,unclassified,1.0,2011-03-15,,active,,inventory_only,https://data.krx.co.kr/comm/bldAttendant/getJsonData.cmd?bld=dbms/MDC/STAT/standard/MDCSTAT04601,,,,,,,,
inventory_138920,138920,KODEX 콩선물(H),unclassified,unclassified,1.0,2011-03-15,,active,,inventory_only,https://data.krx.co.kr/comm/bldAttendant/getJsonData.cmd?bld=dbms/MDC/STAT/standard/MDCSTAT04601,,,,,,,,
inventory_139220,139220,TIGER 200 건설,unclassified,unclassified,1.0,2011-04-06,,active,,inventory_only,https://data.krx.co.kr/comm/bldAttendant/getJsonData.cmd?bld=dbms/MDC/STAT/standard/MDCSTAT04601,,,,,,,,
inventory_139230,139230,TIGER 200 중공업,unclassified,unclassified,1.0,2011-04-06,,active,,inventory_only,https://data.krx.co.kr/comm/bldAttendant/getJsonData.cmd?bld=dbms/MDC/STAT/standard/MDCSTAT04601,,,,,,,,
inventory_139240,139240,TIGER 200 철강소재,unclassified,unclassified,1.0,2011-04-06,,active,,inventory_only,https://data.krx.co.kr/comm/bldAttendant/getJsonData.cmd?bld=dbms/MDC/STAT/standard/MDCSTAT04601,,,,,,,,
inventory_139250,139250,TIGER 200 에너지화학,unclassified,unclassified,1.0,2011-04-06,,active,,inventory_only,https://data.krx.co.kr/comm/bldAttendant/getJsonData.cmd?bld=dbms/MDC/STAT/standard/MDCSTAT04601,,,,,,,,
inventory_139260,139260,TIGER 200 IT,unclassified,unclassified,1.0,2011-04-06,,active,,inventory_only,https://data.krx.co.kr/comm/bldAttendant/getJsonData.cmd?bld=dbms/MDC/STAT/standard/MDCSTAT04601,,,,,,,,
inventory_139270,139270,TIGER 200 금융,unclassified,unclassified,1.0,2011-04-06,,active,,inventory_only,https://data.krx.co.kr/comm/bldAttendant/getJsonData.cmd?bld=dbms/MDC/STAT/standard/MDCSTAT04601,,,,,,,,
inventory_139280,139280,TIGER 경기방어,unclassified,unclassified,1.0,2011-04-06,,active,,inventory_only,https://data.krx.co.kr/comm/bldAttendant/getJsonData.cmd?bld=dbms/MDC/STAT/standard/MDCSTAT04601,,,,,,,,
inventory_139290,139290,TIGER 200 경기소비재,unclassified,unclassified,1.0,2011-04-06,,active,,inventory_only,https://data.krx.co.kr/comm/bldAttendant/getJsonData.cmd?bld=dbms/MDC/STAT/standard/MDCSTAT04601,,,,,,,,
inventory_139300,139300,TIGER 블루칩30,unclassified,unclassified,1.0,2011-04-08,2013-06-26,delisted,,inventory_only,https://kind.krx.co.kr/disclosure/etfisudetail.do?method=searchEftIsuDetail&isuCd=KR7139300008,,,,,,,,
inventory_139310,139310,TIGER 금속선물(H),unclassified,unclassified,1.0,2011-04-08,2025-08-04,delisted,,inventory_only,https://kind.krx.co.kr/disclosure/etfisudetail.do?method=searchEftIsuDetail&isuCd=KR7139310007,,,,,,,,
inventory_139320,139320,TIGER 금은선물(H),unclassified,unclassified,1.0,2011-04-08,,active,,inventory_only,https://data.krx.co.kr/comm/bldAttendant/getJsonData.cmd?bld=dbms/MDC/STAT/standard/MDCSTAT04601,,,,,,,,
inventory_139660,139660,KIWOOM 미국달러선물인버스,unclassified,unclassified,1.0,2011-04-01,,active,,inventory_only,https://kind.krx.co.kr/disclosure/etfisudetail.do?method=searchEftIsuDetail&isuCd=KR7139660005,,,,,,,,
inventory_140570,140570,RISE 수출주,unclassified,unclassified,1.0,2011-04-15,,active,,inventory_only,https://data.krx.co.kr/comm/bldAttendant/getJsonData.cmd?bld=dbms/MDC/STAT/standard/MDCSTAT04601,,,,,,,,
inventory_140580,140580,RISE 우량업종대표주,unclassified,unclassified,1.0,2011-04-15,,active,,inventory_only,https://data.krx.co.kr/comm/bldAttendant/getJsonData.cmd?bld=dbms/MDC/STAT/standard/MDCSTAT04601,,,,,,,,
inventory_140700,140700,KODEX 보험,unclassified,unclassified,1.0,2011-04-26,,active,,inventory_only,https://kind.krx.co.kr/disclosure/etfisudetail.do?method=searchEftIsuDetail&isuCd=KR7140700006,,,,,,,,
inventory_140710,140710,KODEX 운송,unclassified,unclassified,1.0,2011-04-26,,active,,inventory_only,https://kind.krx.co.kr/disclosure/etfisudetail.do?method=searchEftIsuDetail&isuCd=KR7140710005,,,,,,,,
inventory_140950,140950,파워 코스피100,unclassified,unclassified,1.0,2011-05-03,,active,,inventory_only,https://kind.krx.co.kr/disclosure/etfisudetail.do?method=searchEftIsuDetail&isuCd=KR7140950007,,,,,,,,
inventory_141240,141240,ARIRANG 코스피100동일가중,unclassified,unclassified,1.0,2011-05-18,2018-11-12,delisted,,inventory_only,https://kind.krx.co.kr/disclosure/etfisudetail.do?method=searchEftIsuDetail&isuCd=KR7141240002,,,,,,,,
inventory_141250,141250,ARIRANG KRX100EW,unclassified,unclassified,1.0,2011-05-18,2015-05-07,delisted,,inventory_only,https://kind.krx.co.kr/disclosure/etfisudetail.do?method=searchEftIsuDetail&isuCd=KR7141250001,,,,,,,,
inventory_143460,143460,ACE 밸류대형,unclassified,unclassified,1.0,2011-06-21,2024-12-18,delisted,,inventory_only,https://kind.krx.co.kr/disclosure/etfisudetail.do?method=searchEftIsuDetail&isuCd=KR7143460004,,,,,,,,
inventory_143570,143570,TIGER 인버스국채3Y,unclassified,unclassified,1.0,2011-07-18,2013-06-26,delisted,,inventory_only,https://kind.krx.co.kr/disclosure/etfisudetail.do?method=searchEftIsuDetail&isuCd=KR7143570000,,,,,,,,
inventory_143850,143850,TIGER 미국S&P500선물(H),unclassified,unclassified,1.0,2011-07-18,,active,,inventory_only,https://data.krx.co.kr/comm/bldAttendant/getJsonData.cmd?bld=dbms/MDC/STAT/standard/MDCSTAT04601,,,,,,,,
inventory_143860,143860,TIGER 헬스케어,unclassified,unclassified,1.0,2011-07-18,,active,,inventory_only,https://data.krx.co.kr/comm/bldAttendant/getJsonData.cmd?bld=dbms/MDC/STAT/standard/MDCSTAT04601,,,,,,,,
inventory_144600,144600,KODEX 은선물(H),unclassified,unclassified,1.0,2011-07-18,,active,,inventory_only,https://data.krx.co.kr/comm/bldAttendant/getJsonData.cmd?bld=dbms/MDC/STAT/standard/MDCSTAT04601,,,,,,,,
inventory_144670,144670,KOSEF 펀더멘탈대형주,unclassified,unclassified,1.0,2011-07-18,2015-05-07,delisted,,inventory_only,https://kind.krx.co.kr/disclosure/etfisudetail.do?method=searchEftIsuDetail&isuCd=KR7144670007,,,,,,,,
inventory_144750,144750,KODEX 태양광,unclassified,unclassified,1.0,2011-07-27,2013-06-26,delisted,,inventory_only,https://kind.krx.co.kr/disclosure/etfisudetail.do?method=searchEftIsuDetail&isuCd=KR7144750007,,,,,,,,
inventory_145670,145670,ACE 인버스,unclassified,unclassified,1.0,2011-09-08,,active,,inventory_only,https://kind.krx.co.kr/disclosure/etfisudetail.do?method=searchEftIsuDetail&isuCd=KR7145670006,,,,,,,,
inventory_145850,145850,TREX 펀더멘탈 200,unclassified,unclassified,1.0,2011-09-23,,active,,inventory_only,https://data.krx.co.kr/comm/bldAttendant/getJsonData.cmd?bld=dbms/MDC/STAT/standard/MDCSTAT04601,,,,,,,,
inventory_147970,147970,TIGER 모멘텀,unclassified,unclassified,1.0,2011-10-26,,active,,inventory_only,https://data.krx.co.kr/comm/bldAttendant/getJsonData.cmd?bld=dbms/MDC/STAT/standard/MDCSTAT04601,,,,,,,,
inventory_148020,148020,RISE 200,unclassified,unclassified,1.0,2011-10-20,,active,,inventory_only,https://kind.krx.co.kr/disclosure/etfisudetail.do?method=searchEftIsuDetail&isuCd=KR7148020001,,,,,,,,
inventory_148040,148040,PIONEER SRI,unclassified,unclassified,1.0,2011-10-20,2016-09-08,delisted,,inventory_only,https://kind.krx.co.kr/disclosure/etfisudetail.do?method=searchEftIsuDetail&isuCd=KR7148040009,,,,,,,,
inventory_148070,148070,KIWOOM 국고채10년,unclassified,unclassified,1.0,2011-10-20,,active,,inventory_only,https://kind.krx.co.kr/disclosure/etfisudetail.do?method=searchEftIsuDetail&isuCd=KR7148070006,,,,,,,,
inventory_150460,150460,TIGER 중국소비테마,unclassified,unclassified,1.0,2011-12-16,,active,,inventory_only,https://data.krx.co.kr/comm/bldAttendant/getJsonData.cmd?bld=dbms/MDC/STAT/standard/MDCSTAT04601,,,,,,,,
inventory_152100,152100,PLUS 200,unclassified,unclassified,1.0,2012-01-10,,active,,inventory_only,https://data.krx.co.kr/comm/bldAttendant/getJsonData.cmd?bld=dbms/MDC/STAT/standard/MDCSTAT04601,,,,,,,,
inventory_152180,152180,TIGER 생활필수품,unclassified,unclassified,1.0,2012-01-17,2018-12-18,delisted,,inventory_only,https://kind.krx.co.kr/disclosure/etfisudetail.do?method=searchEftIsuDetail&isuCd=KR7152180006,,,,,,,,
inventory_152280,152280,KOSEF 200 선물,unclassified,unclassified,1.0,2012-01-13,2021-03-23,delisted,,inventory_only,https://kind.krx.co.kr/disclosure/etfisudetail.do?method=searchEftIsuDetail&isuCd=KR7152280004,,,,,,,,
inventory_152380,152380,KODEX 국채선물10년,unclassified,unclassified,1.0,2012-01-20,,active,,inventory_only,https://kind.krx.co.kr/disclosure/etfisudetail.do?method=searchEftIsuDetail&isuCd=KR7152380002,,,,,,,,
inventory_152500,152500,ACE 레버리지,unclassified,unclassified,1.0,2012-01-27,,active,,inventory_only,https://kind.krx.co.kr/disclosure/etfisudetail.do?method=searchEftIsuDetail&isuCd=KR7152500005,,,,,,,,
inventory_152870,152870,파워 200,unclassified,unclassified,1.0,2012-02-13,,active,,inventory_only,https://kind.krx.co.kr/disclosure/etfisudetail.do?method=searchEftIsuDetail&isuCd=KR7152870002,,,,,,,,
inventory_153130,153130,KODEX 단기채권,unclassified,unclassified,1.0,2012-02-22,,active,,inventory_only,https://kind.krx.co.kr/disclosure/etfisudetail.do?method=searchEftIsuDetail&isuCd=KR7153130000,,,,,,,,
inventory_153270,153270,KIWOOM 코스피100,unclassified,unclassified,1.0,2012-02-28,,active,,inventory_only,https://kind.krx.co.kr/disclosure/etfisudetail.do?method=searchEftIsuDetail&isuCd=KR7153270004,,,,,,,,
inventory_156080,156080,KODEX MSCI Korea,unclassified,unclassified,1.0,2012-04-30,,active,,inventory_only,https://kind.krx.co.kr/disclosure/etfisudetail.do?method=searchEftIsuDetail&isuCd=KR7156080004,,,,,,,,
inventory_157450,157450,TIGER 단기통안채,unclassified,unclassified,1.0,2012-05-16,,active,,inventory_only,https://data.krx.co.kr/comm/bldAttendant/getJsonData.cmd?bld=dbms/MDC/STAT/standard/MDCSTAT04601,,,,,,,,
inventory_157490,157490,TIGER 소프트웨어,unclassified,unclassified,1.0,2012-05-16,,active,,inventory_only,https://data.krx.co.kr/comm/bldAttendant/getJsonData.cmd?bld=dbms/MDC/STAT/standard/MDCSTAT04601,,,,,,,,
inventory_157500,157500,TIGER 증권,unclassified,unclassified,1.0,2012-05-16,,active,,inventory_only,https://data.krx.co.kr/comm/bldAttendant/getJsonData.cmd?bld=dbms/MDC/STAT/standard/MDCSTAT04601,,,,,,,,
inventory_157510,157510,TIGER 자동차,unclassified,unclassified,1.0,2012-05-16,2018-12-18,delisted,,inventory_only,https://kind.krx.co.kr/disclosure/etfisudetail.do?method=searchEftIsuDetail&isuCd=KR7157510009,,,,,,,,
inventory_157520,157520,TIGER 화학,unclassified,unclassified,1.0,2012-05-16,2018-12-18,delisted,,inventory_only,https://kind.krx.co.kr/disclosure/etfisudetail.do?method=searchEftIsuDetail&isuCd=KR7157520008,,,,,,,,
inventory_157650,157650,KStar 5대그룹주장기채+,unclassified,unclassified,1.0,2012-05-23,2015-12-15,delisted,,inventory_only,https://kind.krx.co.kr/disclosure/etfisudetail.do?method=searchEftIsuDetail&isuCd=KR7157650003,,,,,,,,
inventory_159800,159800,마이티 코스피100,unclassified,unclassified,1.0,2012-07-05,,active,,inventory_only,https://kind.krx.co.kr/disclosure/etfisudetail.do?method=searchEftIsuDetail&isuCd=KR7159800002,,,,,,,,
inventory_160580,160580,TIGER 구리실물,unclassified,unclassified,1.0,2012-12-17,,active,,inventory_only,https://data.krx.co.kr/comm/bldAttendant/getJsonData.cmd?bld=dbms/MDC/STAT/standard/MDCSTAT04601,,,,,,,,
inventory_161490,161490,ARIRANG 경기방어주,unclassified,unclassified,1.0,2012-08-29,2017-12-04,delisted,,inventory_only,https://kind.krx.co.kr/disclosure/etfisudetail.do?method=searchEftIsuDetail&isuCd=KR7161490008,,,,,,,,
inventory_161500,161500,ARIRANG 경기주도주,unclassified,unclassified,1.0,2012-08-29,2017-12-04,delisted,,inventory_only,https://kind.krx.co.kr/disclosure/etfisudetail.do?method=searchEftIsuDetail&isuCd=KR7161500004,,,,,,,,
inventory_161510,161510,PLUS 고배당주,unclassified,unclassified,1.0,2012-08-29,,active,,inventory_only,https://data.krx.co.kr/comm/bldAttendant/getJsonData.cmd?bld=dbms/MDC/STAT/standard/MDCSTAT04601,,,,,,,,
inventory_161520,161520,ARIRANG 자동차,unclassified,unclassified,1.0,2012-08-29,2015-02-23,delisted,,inventory_only,https://kind.krx.co.kr/disclosure/etfisudetail.do?method=searchEftIsuDetail&isuCd=KR7161520002,,,,,,,,
inventory_161530,161530,ARIRANG 조선운송,unclassified,unclassified,1.0,2012-08-29,2015-02-23,delisted,,inventory_only,https://kind.krx.co.kr/disclosure/etfisudetail.do?method=searchEftIsuDetail&isuCd=KR7161530001,,,,,,,,
inventory_161540,161540,ARIRANG 철강금속,unclassified,unclassified,1.0,2012-08-29,2015-02-23,delisted,,inventory_only,https://kind.krx.co.kr/disclosure/etfisudetail.do?method=searchEftIsuDetail&isuCd=KR7161540000,,,,,,,,
inventory_161550,161550,ARIRANG 화학,unclassified,unclassified,1.0,2012-08-29,2015-02-23,delisted,,inventory_only,https://kind.krx.co.kr/disclosure/etfisudetail.do?method=searchEftIsuDetail&isuCd=KR7161550009,,,,,,,,
inventory_166060,166060,KODEX 주식&골드(H),unclassified,unclassified,1.0,2012-10-10,2015-02-23,delisted,,inventory_only,https://kind.krx.co.kr/disclosure/etfisudetail.do?method=searchEftIsuDetail&isuCd=KR7166060004,,,,,,,,
inventory_166400,166400,TIGER 200커버드콜OTM,unclassified,unclassified,1.0,2012-10-25,,active,,inventory_only,https://data.krx.co.kr/comm/bldAttendant/getJsonData.cmd?bld=dbms/MDC/STAT/standard/MDCSTAT04601,,,,,,,,
inventory_167860,167860,KIWOOM 국고채10년레버리지,unclassified,unclassified,1.0,2012-10-30,,active,,inventory_only,https://kind.krx.co.kr/disclosure/etfisudetail.do?method=searchEftIsuDetail&isuCd=KR7167860006,,,,,,,,
inventory_168300,168300,KTOP 코스피50,unclassified,unclassified,1.0,2012-11-12,2023-12-15,delisted,,inventory_only,https://kind.krx.co.kr/disclosure/etfisudetail.do?method=searchEftIsuDetail&isuCd=KR7168300002,,,,,,,,
inventory_168580,168580,ACE 중국본토CSI300,unclassified,unclassified,1.0,2012-11-29,,active,,inventory_only,https://kind.krx.co.kr/disclosure/etfisudetail.do?method=searchEftIsuDetail&isuCd=KR7168580009,,,,,,,,
inventory_169950,169950,KODEX 차이나A50,unclassified,unclassified,1.0,2013-01-21,,active,,inventory_only,https://data.krx.co.kr/comm/bldAttendant/getJsonData.cmd?bld=dbms/MDC/STAT/standard/MDCSTAT04601,,,,,,,,
inventory_170350,170350,TIGER 베타플러스,unclassified,unclassified,1.0,2013-01-17,2021-05-07,delisted,,inventory_only,https://kind.krx.co.kr/disclosure/etfisudetail.do?method=searchEftIsuDetail&isuCd=KR7170350003,,,,,,,,
inventory_174350,174350,TIGER 로우볼,unclassified,unclassified,1.0,2013-06-20,,active,,inventory_only,https://data.krx.co.kr/comm/bldAttendant/getJsonData.cmd?bld=dbms/MDC/STAT/standard/MDCSTAT04601,,,,,,,,
inventory_174360,174360,RISE 중국본토대형주CSI100,unclassified,unclassified,1.0,2013-06-04,,active,,inventory_only,https://data.krx.co.kr/comm/bldAttendant/getJsonData.cmd?bld=dbms/MDC/STAT/standard/MDCSTAT04601,,,,,,,,
inventory_176710,176710,파워 중기국고채,unclassified,unclassified,1.0,2013-05-22,2022-07-20,delisted,,inventory_only,https://kind.krx.co.kr/disclosure/etfisudetail.do?method=searchEftIsuDetail&isuCd=KR7176710002,,,,,,,,
inventory_176950,176950,KODEX 국채선물10년인버스,unclassified,unclassified,1.0,2013-05-31,,active,,inventory_only,https://data.krx.co.kr/comm/bldAttendant/getJsonData.cmd?bld=dbms/MDC/STAT/standard/MDCSTAT04601,,,,,,,,
inventory_181450,181450,KINDEX 선진국하이일드(합성 H),unclassified,unclassified,1.0,2013-08-01,2016-04-29,delisted,,inventory_only,https://kind.krx.co.kr/disclosure/etfisudetail.do?method=searchEftIsuDetail&isuCd=KR7181450008,,,,,,,,
inventory_181480,181480,ACE 미국부동산리츠(합성 H),unclassified,unclassified,1.0,2013-08-01,,active,,inventory_only,https://kind.krx.co.kr/disclosure/etfisudetail.do?method=searchEftIsuDetail&isuCd=KR7181480005,,,,,,,,
inventory_182480,182480,TIGER 미국MSCI리츠(합성 H),unclassified,unclassified,1.0,2013-10-10,,active,,inventory_only,https://data.krx.co.kr/comm/bldAttendant/getJsonData.cmd?bld=dbms/MDC/STAT/standard/MDCSTAT04601,,,,,,,,
inventory_182490,182490,TIGER 단기선진하이일드(합성 H),unclassified,unclassified,1.0,2014-03-24,,active,,inventory_only,https://data.krx.co.kr/comm/bldAttendant/getJsonData.cmd?bld=dbms/MDC/STAT/standard/MDCSTAT04601,,,,,,,,
inventory_183700,183700,RISE 200채권혼합50,unclassified,unclassified,1.0,2013-10-17,,active,,inventory_only,https://kind.krx.co.kr/disclosure/etfisudetail.do?method=searchEftIsuDetail&isuCd=KR7183700004,,,,,,,,
inventory_183710,183710,RISE 주식혼합,unclassified,unclassified,1.0,2013-10-17,,active,,inventory_only,https://data.krx.co.kr/comm/bldAttendant/getJsonData.cmd?bld=dbms/MDC/STAT/standard/MDCSTAT04601,,,,,,,,
inventory_185680,185680,KODEX 미국S&P바이오(합성),unclassified,unclassified,1.0,2013-10-31,,active,,inventory_only,https://kind.krx.co.kr/disclosure/etfisudetail.do?method=searchEftIsuDetail&isuCd=KR7185680006,,,,,,,,
inventory_189400,189400,PLUS 글로벌MSCI(합성 H),unclassified,unclassified,1.0,2013-12-10,,active,,inventory_only,https://data.krx.co.kr/comm/bldAttendant/getJsonData.cmd?bld=dbms/MDC/STAT/standard/MDCSTAT04601,,,,,,,,
inventory_190150,190150,ARIRANG 바벨 채권,unclassified,unclassified,1.0,2013-12-19,2019-06-24,delisted,,inventory_only,https://kind.krx.co.kr/disclosure/etfisudetail.do?method=searchEftIsuDetail&isuCd=KR7190150003,,,,,,,,
inventory_190160,190160,ARIRANG 단기유동성,unclassified,unclassified,1.0,2013-12-19,2020-08-31,delisted,,inventory_only,https://kind.krx.co.kr/disclosure/etfisudetail.do?method=searchEftIsuDetail&isuCd=KR7190160002,,,,,,,,
inventory_190620,190620,ACE 단기통안채,unclassified,unclassified,1.0,2013-12-23,,active,,inventory_only,https://kind.krx.co.kr/disclosure/etfisudetail.do?method=searchEftIsuDetail&isuCd=KR7190620005,,,,,,,,
inventory_192090,192090,TIGER 차이나CSI300,unclassified,unclassified,1.0,2014-02-17,,active,,inventory_only,https://data.krx.co.kr/comm/bldAttendant/getJsonData.cmd?bld=dbms/MDC/STAT/standard/MDCSTAT04601,,,,,,,,
inventory_192720,192720,파워 고배당저변동성,unclassified,unclassified,1.0,2014-02-20,,active,,inventory_only,https://kind.krx.co.kr/disclosure/etfisudetail.do?method=searchEftIsuDetail&isuCd=KR7192720001,,,,,,,,
inventory_195920,195920,TIGER 일본TOPIX(합성 H),unclassified,unclassified,1.0,2014-04-30,,active,,inventory_only,https://data.krx.co.kr/comm/bldAttendant/getJsonData.cmd?bld=dbms/MDC/STAT/standard/MDCSTAT04601,,,,,,,,
inventory_195930,195930,TIGER 유로스탁스50(합성 H),unclassified,unclassified,1.0,2014-04-30,,active,,inventory_only,https://data.krx.co.kr/comm/bldAttendant/getJsonData.cmd?bld=dbms/MDC/STAT/standard/MDCSTAT04601,,,,,,,,
inventory_195970,195970,PLUS 선진국MSCI(합성 H),unclassified,unclassified,1.0,2014-05-13,,active,,inventory_only,https://data.krx.co.kr/comm/bldAttendant/getJsonData.cmd?bld=dbms/MDC/STAT/standard/MDCSTAT04601,,,,,,,,
inventory_195980,195980,PLUS 신흥국MSCI(합성 H),unclassified,unclassified,1.0,2014-05-13,,active,,inventory_only,https://data.krx.co.kr/comm/bldAttendant/getJsonData.cmd?bld=dbms/MDC/STAT/standard/MDCSTAT04601,,,,,,,,
inventory_196030,196030,ACE 일본TOPIX레버리지(H),unclassified,unclassified,1.0,2014-06-16,,active,,inventory_only,https://data.krx.co.kr/comm/bldAttendant/getJsonData.cmd?bld=dbms/MDC/STAT/standard/MDCSTAT04601,,,,,,,,
inventory_196220,196220,KBSTAR 일본TOPIX레버리지(H),unclassified,unclassified,1.0,2014-06-16,2020-04-27,delisted,,inventory_only,https://kind.krx.co.kr/disclosure/etfisudetail.do?method=searchEftIsuDetail&isuCd=KR7196220008,,,,,,,,
inventory_196230,196230,RISE 단기통안채,unclassified,unclassified,1.0,2014-05-19,,active,,inventory_only,https://data.krx.co.kr/comm/bldAttendant/getJsonData.cmd?bld=dbms/MDC/STAT/standard/MDCSTAT04601,,,,,,,,
inventory_200020,200020,KODEX 미국S&P IT(합성),unclassified,unclassified,1.0,2014-06-12,2019-09-20,delisted,,inventory_only,https://kind.krx.co.kr/disclosure/etfisudetail.do?method=searchEftIsuDetail&isuCd=KR7200020006,,,,,,,,
inventory_200030,200030,KODEX 미국S&P500산업재(합성),unclassified,unclassified,1.0,2014-06-12,,active,,inventory_only,https://kind.krx.co.kr/disclosure/etfisudetail.do?method=searchEftIsuDetail&isuCd=KR7200030005,,,,,,,,
inventory_200040,200040,KODEX 미국S&P금융(합성),unclassified,unclassified,1.0,2014-06-12,2019-09-20,delisted,,inventory_only,https://kind.krx.co.kr/disclosure/etfisudetail.do?method=searchEftIsuDetail&isuCd=KR7200040004,,,,,,,,
inventory_200050,200050,KODEX 독일MSCI(합성),unclassified,unclassified,1.0,2014-06-12,2018-09-27,delisted,,inventory_only,https://kind.krx.co.kr/disclosure/etfisudetail.do?method=searchEftIsuDetail&isuCd=KR7200050003,,,,,,,,
inventory_200250,200250,KIWOOM 인도Nifty50(합성),unclassified,unclassified,1.0,2014-06-26,,active,,inventory_only,https://kind.krx.co.kr/disclosure/etfisudetail.do?method=searchEftIsuDetail&isuCd=KR7200250009,,,,,,,,
inventory_203780,203780,TIGER 미국나스닥바이오,unclassified,unclassified,1.0,2014-08-27,,active,,inventory_only,https://data.krx.co.kr/comm/bldAttendant/getJsonData.cmd?bld=dbms/MDC/STAT/standard/MDCSTAT04601,,,,,,,,
inventory_204420,204420,ARIRANG 차이나H 레버리지(합성 H),unclassified,unclassified,1.0,2014-08-25,2019-06-24,delisted,,inventory_only,https://kind.krx.co.kr/disclosure/etfisudetail.do?method=searchEftIsuDetail&isuCd=KR7204420004,,,,,,,,
inventory_204450,204450,KODEX 차이나H레버리지(H),unclassified,unclassified,1.0,2014-09-12,,active,,inventory_only,https://data.krx.co.kr/comm/bldAttendant/getJsonData.cmd?bld=dbms/MDC/STAT/standard/MDCSTAT04601,,,,,,,,
inventory_204480,204480,TIGER 차이나CSI300레버리지(합성),unclassified,unclassified,1.0,2014-09-01,,active,,inventory_only,https://data.krx.co.kr/comm/bldAttendant/getJsonData.cmd?bld=dbms/MDC/STAT/standard/MDCSTAT04601,,,,,,,,
inventory_205720,205720,ACE 일본TOPIX인버스(합성 H),unclassified,unclassified,1.0,2014-09-29,,active,,inventory_only,https://kind.krx.co.kr/disclosure/etfisudetail.do?method=searchEftIsuDetail&isuCd=KR7205720006,,,,,,,,
inventory_208470,208470,SOL 선진국MSCI World(합성 H),unclassified,unclassified,1.0,2014-11-24,2022-04-20,delisted,,inventory_only,https://kind.krx.co.kr/disclosure/etfisudetail.do?method=searchEftIsuDetail&isuCd=KR7208470005,,,,,,,,
inventory_210780,210780,TIGER 코스피고배당,unclassified,unclassified,1.0,2014-12-05,,active,,inventory_only,https://data.krx.co.kr/comm/bldAttendant/getJsonData.cmd?bld=dbms/MDC/STAT/standard/MDCSTAT04601,,,,,,,,
inventory_211210,211210,마이티 코스피고배당,unclassified,unclassified,1.0,2014-12-12,2020-08-04,delisted,,inventory_only,https://kind.krx.co.kr/disclosure/etfisudetail.do?method=searchEftIsuDetail&isuCd=KR7211210000,,,,,,,,
inventory_211260,211260,KINDEX 배당성장,unclassified,unclassified,1.0,2014-12-17,2021-09-27,delisted,,inventory_only,https://kind.krx.co.kr/disclosure/etfisudetail.do?method=searchEftIsuDetail&isuCd=KR7211260005,,,,,,,,
inventory_211560,211560,TIGER 배당성장,unclassified,unclassified,1.0,2014-12-17,,active,,inventory_only,https://data.krx.co.kr/comm/bldAttendant/getJsonData.cmd?bld=dbms/MDC/STAT/standard/MDCSTAT04601,,,,,,,,
inventory_211900,211900,KODEX 코리아배당성장,unclassified,unclassified,1.0,2014-12-17,,active,,inventory_only,https://data.krx.co.kr/comm/bldAttendant/getJsonData.cmd?bld=dbms/MDC/STAT/standard/MDCSTAT04601,,,,,,,,
inventory_213610,213610,KODEX 삼성그룹밸류,unclassified,unclassified,1.0,2015-01-08,,active,,inventory_only,https://kind.krx.co.kr/disclosure/etfisudetail.do?method=searchEftIsuDetail&isuCd=KR7213610009,,,,,,,,
inventory_213630,213630,PLUS 미국다우존스고배당주(합성 H),unclassified,unclassified,1.0,2015-01-26,,active,,inventory_only,https://data.krx.co.kr/comm/bldAttendant/getJsonData.cmd?bld=dbms/MDC/STAT/standard/MDCSTAT04601,,,,,,,,
inventory_214980,214980,KODEX 단기채권PLUS,unclassified,unclassified,1.0,2015-03-03,,active,,inventory_only,https://data.krx.co.kr/comm/bldAttendant/getJsonData.cmd?bld=dbms/MDC/STAT/standard/MDCSTAT04601,,,,,,,,
inventory_215620,215620,HK S&P코리아로우볼,unclassified,unclassified,1.0,2015-03-25,,active,,inventory_only,https://kind.krx.co.kr/disclosure/etfisudetail.do?method=searchEftIsuDetail&isuCd=KR7215620006,,,,,,,,
inventory_217770,217770,TIGER 원유선물인버스(H),unclassified,unclassified,1.0,2015-04-29,,active,,inventory_only,https://data.krx.co.kr/comm/bldAttendant/getJsonData.cmd?bld=dbms/MDC/STAT/standard/MDCSTAT04601,,,,,,,,
inventory_217780,217780,TIGER 차이나CSI300인버스(합성),unclassified,unclassified,1.0,2015-06-10,,active,,inventory_only,https://data.krx.co.kr/comm/bldAttendant/getJsonData.cmd?bld=dbms/MDC/STAT/standard/MDCSTAT04601,,,,,,,,
inventory_217790,217790,TIGER 가격조정,unclassified,unclassified,1.0,2015-04-29,2022-12-21,delisted,,inventory_only,https://kind.krx.co.kr/disclosure/etfisudetail.do?method=searchEftIsuDetail&isuCd=KR7217790005,,,,,,,,
inventory_218420,218420,KODEX 미국S&P500에너지(합성),unclassified,unclassified,1.0,2015-04-28,,active,,inventory_only,https://data.krx.co.kr/comm/bldAttendant/getJsonData.cmd?bld=dbms/MDC/STAT/standard/MDCSTAT04601,,,,,,,,
inventory_219390,219390,RISE 미국S&P원유생산기업(합성 H),unclassified,unclassified,1.0,2015-06-02,,active,,inventory_only,https://data.krx.co.kr/comm/bldAttendant/getJsonData.cmd?bld=dbms/MDC/STAT/standard/MDCSTAT04601,,,,,,,,
inventory_219480,219480,KODEX 미국S&P500선물(H),unclassified,unclassified,1.0,2015-05-29,,active,,inventory_only,https://kind.krx.co.kr/disclosure/etfisudetail.do?method=searchEftIsuDetail&isuCd=KR7219480001,,,,,,,,
inventory_219900,219900,ACE 중국본토CSI300레버리지(합성),unclassified,unclassified,1.0,2015-05-28,,active,,inventory_only,https://kind.krx.co.kr/disclosure/etfisudetail.do?method=searchEftIsuDetail&isuCd=KR7219900008,,,,,,,,
inventory_220130,220130,SOL 차이나강소기업CSI500(합성 H),unclassified,unclassified,1.0,2015-06-08,,active,,inventory_only,https://data.krx.co.kr/comm/bldAttendant/getJsonData.cmd?bld=dbms/MDC/STAT/standard/MDCSTAT04601,,,,,,,,
inventory_222170,222170,ARIRANG S&P한국배당성장,unclassified,unclassified,1.0,2015-06-29,2018-11-12,delisted,,inventory_only,https://kind.krx.co.kr/disclosure/etfisudetail.do?method=searchEftIsuDetail&isuCd=KR7222170003,,,,,,,,
inventory_222180,222180,ARIRANG 스마트베타 Value,unclassified,unclassified,1.0,2015-06-29,2020-05-22,delisted,,inventory_only,https://kind.krx.co.kr/disclosure/etfisudetail.do?method=searchEftIsuDetail&isuCd=KR7222180002,,,,,,,,
inventory_222190,222190,ARIRANG 스마트베타 Momentum,unclassified,unclassified,1.0,2015-06-29,2020-05-22,delisted,,inventory_only,https://kind.krx.co.kr/disclosure/etfisudetail.do?method=searchEftIsuDetail&isuCd=KR7222190001,,,,,,,,
inventory_222200,222200,ARIRANG 스마트베타 Quality,unclassified,unclassified,1.0,2015-06-29,2020-05-22,delisted,,inventory_only,https://kind.krx.co.kr/disclosure/etfisudetail.do?method=searchEftIsuDetail&isuCd=KR7222200008,,,,,,,,
inventory_223190,223190,KODEX 200가치저변동,unclassified,unclassified,1.0,2015-06-26,,active,,inventory_only,https://kind.krx.co.kr/disclosure/etfisudetail.do?method=searchEftIsuDetail&isuCd=KR7223190000,,,,,,,,
inventory_225030,225030,TIGER 미국S&P500선물인버스(H),unclassified,unclassified,1.0,2015-07-29,,active,,inventory_only,https://data.krx.co.kr/comm/bldAttendant/getJsonData.cmd?bld=dbms/MDC/STAT/standard/MDCSTAT04601,,,,,,,,
inventory_225040,225040,TIGER 미국S&P500레버리지(합성 H),unclassified,unclassified,1.0,2015-07-29,,active,,inventory_only,https://data.krx.co.kr/comm/bldAttendant/getJsonData.cmd?bld=dbms/MDC/STAT/standard/MDCSTAT04601,,,,,,,,
inventory_225050,225050,TIGER 유로스탁스레버리지(합성 H),unclassified,unclassified,1.0,2015-07-29,,active,,inventory_only,https://data.krx.co.kr/comm/bldAttendant/getJsonData.cmd?bld=dbms/MDC/STAT/standard/MDCSTAT04601,,,,,,,,
inventory_225060,225060,TIGER 이머징마켓MSCI레버리지(합성 H),unclassified,unclassified,1.0,2015-07-29,,active,,inventory_only,https://data.krx.co.kr/comm/bldAttendant/getJsonData.cmd?bld=dbms/MDC/STAT/standard/MDCSTAT04601,,,,,,,,
inventory_225130,225130,ACE 골드선물 레버리지(합성 H),unclassified,unclassified,1.0,2015-07-28,,active,,inventory_only,https://kind.krx.co.kr/disclosure/etfisudetail.do?method=searchEftIsuDetail&isuCd=KR7225130004,,,,,,,,
inventory_225800,225800,KIWOOM 미국달러선물레버리지,unclassified,unclassified,1.0,2015-08-10,,active,,inventory_only,https://kind.krx.co.kr/disclosure/etfisudetail.do?method=searchEftIsuDetail&isuCd=KR7225800002,,,,,,,,
inventory_226380,226380,ACE Fn성장소비주도주,unclassified,unclassified,1.0,2015-08-19,,active,,inventory_only,https://kind.krx.co.kr/disclosure/etfisudetail.do?method=searchEftIsuDetail&isuCd=KR7226380004,,,,,,,,
inventory_226490,226490,KODEX 코스피,unclassified,unclassified,1.0,2015-08-24,,active,,inventory_only,https://data.krx.co.kr/comm/bldAttendant/getJsonData.cmd?bld=dbms/MDC/STAT/standard/MDCSTAT04601,,,,,,,,
inventory_226810,226810,파워 단기채,unclassified,unclassified,1.0,2015-08-26,2019-05-31,delisted,,inventory_only,https://kind.krx.co.kr/disclosure/etfisudetail.do?method=searchEftIsuDetail&isuCd=KR7226810000,,,,,,,,
inventory_226980,226980,KODEX 200 중소형,unclassified,unclassified,1.0,2015-09-01,,active,,inventory_only,https://kind.krx.co.kr/disclosure/etfisudetail.do?method=searchEftIsuDetail&isuCd=KR7226980001,,,,,,,,
inventory_227540,227540,TIGER 200 헬스케어,unclassified,unclassified,1.0,2015-09-23,,active,,inventory_only,https://data.krx.co.kr/comm/bldAttendant/getJsonData.cmd?bld=dbms/MDC/STAT/standard/MDCSTAT04601,,,,,,,,
inventory_227550,227550,TIGER 200 산업재,unclassified,unclassified,1.0,2015-09-23,,active,,inventory_only,https://data.krx.co.kr/comm/bldAttendant/getJsonData.cmd?bld=dbms/MDC/STAT/standard/MDCSTAT04601,,,,,,,,
inventory_227560,227560,TIGER 200 생활소비재,unclassified,unclassified,1.0,2015-09-23,,active,,inventory_only,https://kind.krx.co.kr/disclosure/etfisudetail.do?method=searchEftIsuDetail&isuCd=KR7227560000,,,,,,,,
inventory_227570,227570,TIGER 우량가치,unclassified,unclassified,1.0,2015-09-23,,active,,inventory_only,https://data.krx.co.kr/comm/bldAttendant/getJsonData.cmd?bld=dbms/MDC/STAT/standard/MDCSTAT04601,,,,,,,,
inventory_227830,227830,PLUS 코스피,unclassified,unclassified,1.0,2015-09-23,,active,,inventory_only,https://data.krx.co.kr/comm/bldAttendant/getJsonData.cmd?bld=dbms/MDC/STAT/standard/MDCSTAT04601,,,,,,,,
inventory_227930,227930,KINDEX 코스닥 150,unclassified,unclassified,1.0,2015-10-01,2017-04-26,delisted,,inventory_only,https://kind.krx.co.kr/disclosure/etfisudetail.do?method=searchEftIsuDetail&isuCd=KR7227930005,,,,,,,,
inventory_228790,228790,TIGER 화장품,unclassified,unclassified,1.0,2015-10-07,,active,,inventory_only,https://data.krx.co.kr/comm/bldAttendant/getJsonData.cmd?bld=dbms/MDC/STAT/standard/MDCSTAT04601,,,,,,,,
inventory_228800,228800,TIGER 여행레저,unclassified,unclassified,1.0,2015-10-07,,active,,inventory_only,https://data.krx.co.kr/comm/bldAttendant/getJsonData.cmd?bld=dbms/MDC/STAT/standard/MDCSTAT04601,,,,,,,,
inventory_228810,228810,TIGER 미디어컨텐츠,unclassified,unclassified,1.0,2015-10-07,,active,,inventory_only,https://kind.krx.co.kr/disclosure/etfisudetail.do?method=searchEftIsuDetail&isuCd=KR7228810008,,,,,,,,
inventory_228820,228820,TIGER KTOP30,unclassified,unclassified,1.0,2015-10-14,,active,,inventory_only,https://data.krx.co.kr/comm/bldAttendant/getJsonData.cmd?bld=dbms/MDC/STAT/standard/MDCSTAT04601,,,,,,,,
inventory_229200,229200,KODEX 코스닥150,unclassified,unclassified,1.0,2015-10-01,,active,,inventory_only,https://data.krx.co.kr/comm/bldAttendant/getJsonData.cmd?bld=dbms/MDC/STAT/standard/MDCSTAT04601,,,,,,,,
inventory_229720,229720,KODEX KTOP30,unclassified,unclassified,1.0,2015-10-14,,active,,inventory_only,https://kind.krx.co.kr/disclosure/etfisudetail.do?method=searchEftIsuDetail&isuCd=KR7229720008,,,,,,,,
inventory_230480,230480,KIWOOM 미국달러선물인버스2X,unclassified,unclassified,1.0,2015-11-16,,active,,inventory_only,https://kind.krx.co.kr/disclosure/etfisudetail.do?method=searchEftIsuDetail&isuCd=KR7230480006,,,,,,,,
inventory_232080,232080,TIGER 코스닥150,unclassified,unclassified,1.0,2015-11-12,,active,,inventory_only,https://data.krx.co.kr/comm/bldAttendant/getJsonData.cmd?bld=dbms/MDC/STAT/standard/MDCSTAT04601,,,,,,,,
inventory_232590,232590,KINDEX 골드선물 인버스2X(합성 H),unclassified,unclassified,1.0,2015-12-03,2019-09-20,delisted,,inventory_only,https://kind.krx.co.kr/disclosure/etfisudetail.do?method=searchEftIsuDetail&isuCd=KR7232590000,,,,,,,,
inventory_233160,233160,TIGER 코스닥150 레버리지,unclassified,unclassified,1.0,2015-12-17,,active,,inventory_only,https://data.krx.co.kr/comm/bldAttendant/getJsonData.cmd?bld=dbms/MDC/STAT/standard/MDCSTAT04601,,,,,,,,
inventory_233740,233740,KODEX 코스닥150레버리지,unclassified,unclassified,1.0,2015-12-17,,active,,inventory_only,https://data.krx.co.kr/comm/bldAttendant/getJsonData.cmd?bld=dbms/MDC/STAT/standard/MDCSTAT04601,,,,,,,,
inventory_234310,234310,RISE V&S셀렉트밸류,unclassified,unclassified,1.0,2016-02-02,,active,,inventory_only,https://data.krx.co.kr/comm/bldAttendant/getJsonData.cmd?bld=dbms/MDC/STAT/standard/MDCSTAT04601,,,,,,,,
inventory_234790,234790,KINDEX 코스닥150 레버리지,unclassified,unclassified,1.0,2015-12-17,2017-04-26,delisted,,inventory_only,https://kind.krx.co.kr/disclosure/etfisudetail.do?method=searchEftIsuDetail&isuCd=KR7234790004,,,,,,,,
inventory_236350,236350,TIGER 인도니프티50레버리지(합성),unclassified,unclassified,1.0,2016-05-13,,active,,inventory_only,https://data.krx.co.kr/comm/bldAttendant/getJsonData.cmd?bld=dbms/MDC/STAT/standard/MDCSTAT04601,,,,,,,,
inventory_236460,236460,ARIRANG 스마트베타 LowVOL,unclassified,unclassified,1.0,2016-01-12,2020-05-22,delisted,,inventory_only,https://kind.krx.co.kr/disclosure/etfisudetail.do?method=searchEftIsuDetail&isuCd=KR7236460002,,,,,,,,
inventory_237350,237350,KODEX 코스피100,unclassified,unclassified,1.0,2016-01-27,,active,,inventory_only,https://data.krx.co.kr/comm/bldAttendant/getJsonData.cmd?bld=dbms/MDC/STAT/standard/MDCSTAT04601,,,,,,,,
inventory_237370,237370,KODEX 코리아배당성장채권혼합,unclassified,unclassified,1.0,2016-01-27,,active,,inventory_only,https://kind.krx.co.kr/disclosure/etfisudetail.do?method=searchEftIsuDetail&isuCd=KR7237370002,,,,,,,,
inventory_237440,237440,TIGER 경기방어채권혼합,unclassified,unclassified,1.0,2016-01-27,,active,,inventory_only,https://data.krx.co.kr/comm/bldAttendant/getJsonData.cmd?bld=dbms/MDC/STAT/standard/MDCSTAT04601,,,,,,,,
inventory_238670,238670,PLUS 스마트베타Quality채권혼합,unclassified,unclassified,1.0,2016-02-24,,active,,inventory_only,https://data.krx.co.kr/comm/bldAttendant/getJsonData.cmd?bld=dbms/MDC/STAT/standard/MDCSTAT04601,,,,,,,,
inventory_238720,238720,ACE 일본Nikkei225(H),unclassified,unclassified,1.0,2016-03-03,,active,,inventory_only,https://kind.krx.co.kr/disclosure/etfisudetail.do?method=searchEftIsuDetail&isuCd=KR7238720007,,,,,,,,
inventory_239660,239660,PLUS 우량회사채50,unclassified,unclassified,1.0,2016-03-22,,active,,inventory_only,https://data.krx.co.kr/comm/bldAttendant/getJsonData.cmd?bld=dbms/MDC/STAT/standard/MDCSTAT04601,,,,,,,,
inventory_241180,241180,TIGER 일본니케이225,unclassified,unclassified,1.0,2016-03-31,,active,,inventory_only,https://data.krx.co.kr/comm/bldAttendant/getJsonData.cmd?bld=dbms/MDC/STAT/standard/MDCSTAT04601,,,,,,,,
inventory_241390,241390,RISE V&S셀렉트밸류채권혼합,unclassified,unclassified,1.0,2016-04-12,,active,,inventory_only,https://kind.krx.co.kr/disclosure/etfisudetail.do?method=searchEftIsuDetail&isuCd=KR7241390004,,,,,,,,
inventory_243880,243880,TIGER 200IT레버리지,unclassified,unclassified,1.0,2016-05-13,,active,,inventory_only,https://data.krx.co.kr/comm/bldAttendant/getJsonData.cmd?bld=dbms/MDC/STAT/standard/MDCSTAT04601,,,,,,,,
inventory_243890,243890,TIGER 200에너지화학레버리지,unclassified,unclassified,1.0,2016-05-13,,active,,inventory_only,https://data.krx.co.kr/comm/bldAttendant/getJsonData.cmd?bld=dbms/MDC/STAT/standard/MDCSTAT04601,,,,,,,,
inventory_244580,244580,KODEX 바이오,unclassified,unclassified,1.0,2016-05-13,,active,,inventory_only,https://kind.krx.co.kr/disclosure/etfisudetail.do?method=searchEftIsuDetail&isuCd=KR7244580007,,,,,,,,
inventory_244620,244620,KODEX 모멘텀Plus,unclassified,unclassified,1.0,2016-05-13,,active,,inventory_only,https://data.krx.co.kr/comm/bldAttendant/getJsonData.cmd?bld=dbms/MDC/STAT/standard/MDCSTAT04601,,,,,,,,
inventory_244660,244660,KODEX 퀄리티Plus,unclassified,unclassified,1.0,2016-05-13,,active,,inventory_only,https://data.krx.co.kr/comm/bldAttendant/getJsonData.cmd?bld=dbms/MDC/STAT/standard/MDCSTAT04601,,,,,,,,
inventory_244670,244670,KODEX 밸류Plus,unclassified,unclassified,1.0,2016-05-13,,active,,inventory_only,https://data.krx.co.kr/comm/bldAttendant/getJsonData.cmd?bld=dbms/MDC/STAT/standard/MDCSTAT04601,,,,,,,,
inventory_244820,244820,ARIRANG 스마트베타4종결합,unclassified,unclassified,1.0,2016-05-19,2018-11-12,delisted,,inventory_only,https://kind.krx.co.kr/disclosure/etfisudetail.do?method=searchEftIsuDetail&isuCd=KR7244820007,,,,,,,,
inventory_245340,245340,TIGER 미국다우존스30,unclassified,unclassified,1.0,2016-07-01,,active,,inventory_only,https://data.krx.co.kr/comm/bldAttendant/getJsonData.cmd?bld=dbms/MDC/STAT/standard/MDCSTAT04601,,,,,,,,
inventory_245350,245350,TIGER 유로스탁스배당30,unclassified,unclassified,1.0,2016-07-01,,active,,inventory_only,https://data.krx.co.kr/comm/bldAttendant/getJsonData.cmd?bld=dbms/MDC/STAT/standard/MDCSTAT04601,,,,,,,,
inventory_245360,245360,TIGER 차이나HSCEI,unclassified,unclassified,1.0,2016-06-16,,active,,inventory_only,https://data.krx.co.kr/comm/bldAttendant/getJsonData.cmd?bld=dbms/MDC/STAT/standard/MDCSTAT04601,,,,,,,,
inventory_245710,245710,ACE 베트남VN30(합성),unclassified,unclassified,1.0,2016-07-01,,active,,inventory_only,https://kind.krx.co.kr/disclosure/etfisudetail.do?method=searchEftIsuDetail&isuCd=KR7245710009,,,,,,,,
inventory_247780,247780,KODEX 가치투자,unclassified,unclassified,1.0,2016-06-24,2020-09-28,delisted,,inventory_only,https://kind.krx.co.kr/disclosure/etfisudetail.do?method=searchEftIsuDetail&isuCd=KR7247780000,,,,,,,,
inventory_247790,247790,KODEX 성장투자,unclassified,unclassified,1.0,2016-06-24,2020-09-28,delisted,,inventory_only,https://kind.krx.co.kr/disclosure/etfisudetail.do?method=searchEftIsuDetail&isuCd=KR7247790009,,,,,,,,
inventory_247800,247800,KODEX 턴어라운드투자,unclassified,unclassified,1.0,2016-06-24,2020-09-28,delisted,,inventory_only,https://kind.krx.co.kr/disclosure/etfisudetail.do?method=searchEftIsuDetail&isuCd=KR7247800006,,,,,,,,
inventory_248260,248260,TIGER 일본TOPIX헬스케어(합성),unclassified,unclassified,1.0,2016-07-01,2022-12-21,delisted,,inventory_only,https://kind.krx.co.kr/disclosure/etfisudetail.do?method=searchEftIsuDetail&isuCd=KR7248260002,,,,,,,,
inventory_248270,248270,TIGER S&P글로벌헬스케어(합성),unclassified,unclassified,1.0,2016-07-01,,active,,inventory_only,https://kind.krx.co.kr/disclosure/etfisudetail.do?method=searchEftIsuDetail&isuCd=KR7248270001,,,,,,,,
inventory_250730,250730,RISE 차이나HSCEI(H),unclassified,unclassified,1.0,2016-08-10,,active,,inventory_only,https://data.krx.co.kr/comm/bldAttendant/getJsonData.cmd?bld=dbms/MDC/STAT/standard/MDCSTAT04601,,,,,,,,
inventory_250780,250780,TIGER 코스닥150선물인버스,unclassified,unclassified,1.0,2016-08-10,,active,,inventory_only,https://data.krx.co.kr/comm/bldAttendant/getJsonData.cmd?bld=dbms/MDC/STAT/standard/MDCSTAT04601,,,,,,,,
inventory_251340,251340,KODEX 코스닥150선물인버스,unclassified,unclassified,1.0,2016-08-10,,active,,inventory_only,https://data.krx.co.kr/comm/bldAttendant/getJsonData.cmd?bld=dbms/MDC/STAT/standard/MDCSTAT04601,,,,,,,,
inventory_251350,251350,KODEX MSCI선진국,unclassified,unclassified,1.0,2016-08-17,,active,,inventory_only,https://data.krx.co.kr/comm/bldAttendant/getJsonData.cmd?bld=dbms/MDC/STAT/standard/MDCSTAT04601,,,,,,,,
inventory_251590,251590,PLUS 고배당저변동50,unclassified,unclassified,1.0,2016-08-11,,active,,inventory_only,https://data.krx.co.kr/comm/bldAttendant/getJsonData.cmd?bld=dbms/MDC/STAT/standard/MDCSTAT04601,,,,,,,,
inventory_251600,251600,PLUS 고배당주채권혼합,unclassified,unclassified,1.0,2016-08-11,,active,,inventory_only,https://kind.krx.co.kr/disclosure/etfisudetail.do?method=searchEftIsuDetail&isuCd=KR7251600003,,,,,,,,
inventory_251890,251890,ACE 코스닥(합성),unclassified,unclassified,1.0,2016-09-06,2023-08-25,delisted,,inventory_only,https://kind.krx.co.kr/disclosure/etfisudetail.do?method=searchEftIsuDetail&isuCd=KR7251890000,,,,,,,,
inventory_252000,252000,TIGER 200동일가중,unclassified,unclassified,1.0,2016-09-20,,active,,inventory_only,https://data.krx.co.kr/comm/bldAttendant/getJsonData.cmd?bld=dbms/MDC/STAT/standard/MDCSTAT04601,,,,,,,,
inventory_252400,252400,RISE 200선물레버리지,unclassified,unclassified,1.0,2016-09-12,,active,,inventory_only,https://kind.krx.co.kr/disclosure/etfisudetail.do?method=searchEftIsuDetail&isuCd=KR7252400007,,,,,,,,
inventory_252410,252410,RISE 200선물인버스,unclassified,unclassified,1.0,2016-09-12,,active,,inventory_only,https://data.krx.co.kr/comm/bldAttendant/getJsonData.cmd?bld=dbms/MDC/STAT/standard/MDCSTAT04601,,,,,,,,
inventory_252420,252420,RISE 200선물인버스2X,unclassified,unclassified,1.0,2016-09-22,,active,,inventory_only,https://kind.krx.co.kr/disclosure/etfisudetail.do?method=searchEftIsuDetail&isuCd=KR7252420005,,,,,,,,
inventory_252650,252650,KODEX 200동일가중,unclassified,unclassified,1.0,2016-09-20,,active,,inventory_only,https://kind.krx.co.kr/disclosure/etfisudetail.do?method=searchEftIsuDetail&isuCd=KR7252650007,,,,,,,,
inventory_252670,252670,KODEX 200선물인버스2X,unclassified,unclassified,1.0,2016-09-22,,active,,inventory_only,https://kind.krx.co.kr/disclosure/etfisudetail.do?method=searchEftIsuDetail&isuCd=KR7252670005,,,,,,,,
inventory_252710,252710,TIGER 200선물인버스2X,unclassified,unclassified,1.0,2016-09-22,,active,,inventory_only,https://kind.krx.co.kr/disclosure/etfisudetail.do?method=searchEftIsuDetail&isuCd=KR7252710009,,,,,,,,
inventory_252720,252720,KBSTAR 모멘텀밸류,unclassified,unclassified,1.0,2016-10-14,2024-06-26,delisted,,inventory_only,https://kind.krx.co.kr/disclosure/etfisudetail.do?method=searchEftIsuDetail&isuCd=KR7252720008,,,,,,,,
inventory_252730,252730,KBSTAR 모멘텀로우볼,unclassified,unclassified,1.0,2016-10-14,2024-06-26,delisted,,inventory_only,https://kind.krx.co.kr/disclosure/etfisudetail.do?method=searchEftIsuDetail&isuCd=KR7252730007,,,,,,,,
inventory_253150,253150,PLUS 200선물레버리지,unclassified,unclassified,1.0,2016-09-29,,active,,inventory_only,https://data.krx.co.kr/comm/bldAttendant/getJsonData.cmd?bld=dbms/MDC/STAT/standard/MDCSTAT04601,,,,,,,,
inventory_253160,253160,PLUS 200선물인버스2X,unclassified,unclassified,1.0,2016-09-22,,active,,inventory_only,https://data.krx.co.kr/comm/bldAttendant/getJsonData.cmd?bld=dbms/MDC/STAT/standard/MDCSTAT04601,,,,,,,,
inventory_253230,253230,KIWOOM 200선물인버스2X,unclassified,unclassified,1.0,2016-09-22,,active,,inventory_only,https://kind.krx.co.kr/disclosure/etfisudetail.do?method=searchEftIsuDetail&isuCd=KR7253230007,,,,,,,,
inventory_253240,253240,KIWOOM 200선물인버스,unclassified,unclassified,1.0,2016-09-12,,active,,inventory_only,https://kind.krx.co.kr/disclosure/etfisudetail.do?method=searchEftIsuDetail&isuCd=KR7253240006,,,,,,,,
inventory_253250,253250,KIWOOM 200선물레버리지,unclassified,unclassified,1.0,2016-09-12,,active,,inventory_only,https://kind.krx.co.kr/disclosure/etfisudetail.do?method=searchEftIsuDetail&isuCd=KR7253250005,,,,,,,,
inventory_253280,253280,RISE 헬스케어,unclassified,unclassified,1.0,2016-09-23,,active,,inventory_only,https://data.krx.co.kr/comm/bldAttendant/getJsonData.cmd?bld=dbms/MDC/STAT/standard/MDCSTAT04601,,,,,,,,
inventory_253290,253290,RISE 헬스케어채권혼합,unclassified,unclassified,1.0,2016-09-23,,active,,inventory_only,https://data.krx.co.kr/comm/bldAttendant/getJsonData.cmd?bld=dbms/MDC/STAT/standard/MDCSTAT04601,,,,,,,,
inventory_253990,253990,TIGER 대만TAIEX선물(H),unclassified,unclassified,1.0,2016-10-07,2020-06-23,delisted,,inventory_only,https://kind.krx.co.kr/disclosure/etfisudetail.do?method=searchEftIsuDetail&isuCd=KR7253990006,,,,,,,,
inventory_256440,256440,ACE MSCI인도네시아(합성),unclassified,unclassified,1.0,2016-11-01,,active,,inventory_only,https://kind.krx.co.kr/disclosure/etfisudetail.do?method=searchEftIsuDetail&isuCd=KR7256440009,,,,,,,,
inventory_256450,256450,PLUS 심천차이넥스트(합성),unclassified,unclassified,1.0,2016-11-08,,active,,inventory_only,https://data.krx.co.kr/comm/bldAttendant/getJsonData.cmd?bld=dbms/MDC/STAT/standard/MDCSTAT04601,,,,,,,,
inventory_256750,256750,KODEX 차이나심천ChiNext(합성),unclassified,unclassified,1.0,2016-11-08,,active,,inventory_only,https://data.krx.co.kr/comm/bldAttendant/getJsonData.cmd?bld=dbms/MDC/STAT/standard/MDCSTAT04601,,,,,,,,
inventory_260200,260200,KOSEF 배당바이백Plus,unclassified,unclassified,1.0,2016-12-16,2021-03-23,delisted,,inventory_only,https://kind.krx.co.kr/disclosure/etfisudetail.do?method=searchEftIsuDetail&isuCd=KR7260200001,,,,,,,,
inventory_260270,260270,KOSEF 저PBR가중,unclassified,unclassified,1.0,2016-12-16,2021-03-23,delisted,,inventory_only,https://kind.krx.co.kr/disclosure/etfisudetail.do?method=searchEftIsuDetail&isuCd=KR7260270004,,,,,,,,
inventory_261060,261060,TIGER 코스닥150IT,unclassified,unclassified,1.0,2016-12-15,,active,,inventory_only,https://kind.krx.co.kr/disclosure/etfisudetail.do?method=searchEftIsuDetail&isuCd=KR7261060008,,,,,,,,
inventory_261070,261070,TIGER 코스닥150바이오테크,unclassified,unclassified,1.0,2016-12-15,,active,,inventory_only,https://data.krx.co.kr/comm/bldAttendant/getJsonData.cmd?bld=dbms/MDC/STAT/standard/MDCSTAT04601,,,,,,,,
inventory_261110,261110,TIGER 미국달러선물레버리지,unclassified,unclassified,1.0,2016-12-27,,active,,inventory_only,https://data.krx.co.kr/comm/bldAttendant/getJsonData.cmd?bld=dbms/MDC/STAT/standard/MDCSTAT04601,,,,,,,,
inventory_261120,261120,TIGER 미국달러선물인버스2X,unclassified,unclassified,1.0,2016-12-27,,active,,inventory_only,https://data.krx.co.kr/comm/bldAttendant/getJsonData.cmd?bld=dbms/MDC/STAT/standard/MDCSTAT04601,,,,,,,,
inventory_261140,261140,TIGER 우선주,unclassified,unclassified,1.0,2017-01-06,,active,,inventory_only,https://data.krx.co.kr/comm/bldAttendant/getJsonData.cmd?bld=dbms/MDC/STAT/standard/MDCSTAT04601,,,,,,,,
inventory_261220,261220,KODEX WTI원유선물(H),unclassified,unclassified,1.0,2016-12-27,,active,,inventory_only,https://kind.krx.co.kr/disclosure/etfisudetail.do?method=searchEftIsuDetail&isuCd=KR7261220008,,,,,,,,
inventory_261240,261240,KODEX 미국달러선물,unclassified,unclassified,1.0,2016-12-27,,active,,inventory_only,https://kind.krx.co.kr/disclosure/etfisudetail.do?method=searchEftIsuDetail&isuCd=KR7261240006,,,,,,,,
inventory_261250,261250,KODEX 미국달러선물레버리지,unclassified,unclassified,1.0,2016-12-27,,active,,inventory_only,https://kind.krx.co.kr/disclosure/etfisudetail.do?method=searchEftIsuDetail&isuCd=KR7261250005,,,,,,,,
inventory_261260,261260,KODEX 미국달러선물인버스2X,unclassified,unclassified,1.0,2016-12-27,,active,,inventory_only,https://data.krx.co.kr/comm/bldAttendant/getJsonData.cmd?bld=dbms/MDC/STAT/standard/MDCSTAT04601,,,,,,,,
inventory_261270,261270,KODEX 미국달러선물인버스,unclassified,unclassified,1.0,2016-12-27,,active,,inventory_only,https://kind.krx.co.kr/disclosure/etfisudetail.do?method=searchEftIsuDetail&isuCd=KR7261270003,,,,,,,,
inventory_261920,261920,ACE MSCI필리핀(합성),unclassified,unclassified,1.0,2016-12-28,,active,,inventory_only,https://kind.krx.co.kr/disclosure/etfisudetail.do?method=searchEftIsuDetail&isuCd=KR7261920003,,,,,,,,
inventory_263190,263190,ARIRANG 단기우량채권,unclassified,unclassified,1.0,2017-01-25,2020-09-28,delisted,,inventory_only,https://kind.krx.co.kr/disclosure/etfisudetail.do?method=searchEftIsuDetail&isuCd=KR7263190001,,,,,,,,
inventory_265690,265690,ACE 러시아MSCI(합성),unclassified,unclassified,1.0,2017-03-21,,active,,inventory_only,https://kind.krx.co.kr/disclosure/etfisudetail.do?method=searchEftIsuDetail&isuCd=KR7265690008,,,,,,,,
inventory_266140,266140,TIGER 지속배당,unclassified,unclassified,1.0,2017-03-30,2020-09-28,delisted,,inventory_only,https://kind.krx.co.kr/disclosure/etfisudetail.do?method=searchEftIsuDetail&isuCd=KR7266140003,,,,,,,,
inventory_266160,266160,RISE 고배당,unclassified,unclassified,1.0,2017-04-14,,active,,inventory_only,https://data.krx.co.kr/comm/bldAttendant/getJsonData.cmd?bld=dbms/MDC/STAT/standard/MDCSTAT04601,,,,,,,,
inventory_266360,266360,KODEX K콘텐츠,unclassified,unclassified,1.0,2017-03-28,,active,,inventory_only,https://kind.krx.co.kr/disclosure/etfisudetail.do?method=searchEftIsuDetail&isuCd=KR7266360007,,,,,,,,
inventory_266370,266370,KODEX IT,unclassified,unclassified,1.0,2017-03-28,,active,,inventory_only,https://kind.krx.co.kr/disclosure/etfisudetail.do?method=searchEftIsuDetail&isuCd=KR7266370006,,,,,,,,
inventory_266390,266390,KODEX 경기소비재,unclassified,unclassified,1.0,2017-03-28,,active,,inventory_only,https://data.krx.co.kr/comm/bldAttendant/getJsonData.cmd?bld=dbms/MDC/STAT/standard/MDCSTAT04601,,,,,,,,
inventory_266410,266410,KODEX 필수소비재,unclassified,unclassified,1.0,2017-03-28,,active,,inventory_only,https://data.krx.co.kr/comm/bldAttendant/getJsonData.cmd?bld=dbms/MDC/STAT/standard/MDCSTAT04601,,,,,,,,
inventory_266420,266420,KODEX 헬스케어,unclassified,unclassified,1.0,2017-03-28,,active,,inventory_only,https://data.krx.co.kr/comm/bldAttendant/getJsonData.cmd?bld=dbms/MDC/STAT/standard/MDCSTAT04601,,,,,,,,
inventory_266550,266550,PLUS 중형주저변동50,unclassified,unclassified,1.0,2017-03-28,,active,,inventory_only,https://kind.krx.co.kr/disclosure/etfisudetail.do?method=searchEftIsuDetail&isuCd=KR7266550003,,,,,,,,
inventory_267300,267300,TIGER 코스닥150로우볼,unclassified,unclassified,1.0,2017-04-25,2020-06-23,delisted,,inventory_only,https://kind.krx.co.kr/disclosure/etfisudetail.do?method=searchEftIsuDetail&isuCd=KR7267300002,,,,,,,,
inventory_267440,267440,RISE 미국장기국채선물(H),unclassified,unclassified,1.0,2017-04-20,,active,,inventory_only,https://data.krx.co.kr/comm/bldAttendant/getJsonData.cmd?bld=dbms/MDC/STAT/standard/MDCSTAT04601,,,,,,,,
inventory_267450,267450,RISE 미국장기국채선물인버스(H),unclassified,unclassified,1.0,2017-04-20,,active,,inventory_only,https://data.krx.co.kr/comm/bldAttendant/getJsonData.cmd?bld=dbms/MDC/STAT/standard/MDCSTAT04601,,,,,,,,
inventory_267490,267490,RISE 미국장기국채선물레버리지(합성 H),unclassified,unclassified,1.0,2017-04-20,,active,,inventory_only,https://kind.krx.co.kr/disclosure/etfisudetail.do?method=searchEftIsuDetail&isuCd=KR7267490001,,,,,,,,
inventory_267500,267500,KBSTAR 미국장기국채선물인버스2X(합성 H),unclassified,unclassified,1.0,2017-04-20,2024-06-26,delisted,,inventory_only,https://kind.krx.co.kr/disclosure/etfisudetail.do?method=searchEftIsuDetail&isuCd=KR7267500007,,,,,,,,
inventory_267770,267770,TIGER 200선물레버리지,unclassified,unclassified,1.0,2017-04-25,,active,,inventory_only,https://data.krx.co.kr/comm/bldAttendant/getJsonData.cmd?bld=dbms/MDC/STAT/standard/MDCSTAT04601,,,,,,,,
inventory_269370,269370,TIGER S&P글로벌인프라(합성),unclassified,unclassified,1.0,2017-05-16,,active,,inventory_only,https://data.krx.co.kr/comm/bldAttendant/getJsonData.cmd?bld=dbms/MDC/STAT/standard/MDCSTAT04601,,,,,,,,
inventory_269420,269420,KODEX S&P글로벌인프라(합성),unclassified,unclassified,1.0,2017-05-16,,active,,inventory_only,https://data.krx.co.kr/comm/bldAttendant/getJsonData.cmd?bld=dbms/MDC/STAT/standard/MDCSTAT04601,,,,,,,,
inventory_269530,269530,PLUS S&P글로벌인프라,unclassified,unclassified,1.0,2017-05-16,,active,,inventory_only,https://data.krx.co.kr/comm/bldAttendant/getJsonData.cmd?bld=dbms/MDC/STAT/standard/MDCSTAT04601,,,,,,,,
inventory_269540,269540,PLUS 미국S&P500(H),unclassified,unclassified,1.0,2017-05-16,,active,,inventory_only,https://data.krx.co.kr/comm/bldAttendant/getJsonData.cmd?bld=dbms/MDC/STAT/standard/MDCSTAT04601,,,,,,,,
inventory_270800,270800,RISE KQ고배당,unclassified,unclassified,1.0,2017-07-07,,active,,inventory_only,https://data.krx.co.kr/comm/bldAttendant/getJsonData.cmd?bld=dbms/MDC/STAT/standard/MDCSTAT04601,,,,,,,,
inventory_270810,270810,RISE 코스닥150,unclassified,unclassified,1.0,2017-06-16,,active,,inventory_only,https://data.krx.co.kr/comm/bldAttendant/getJsonData.cmd?bld=dbms/MDC/STAT/standard/MDCSTAT04601,,,,,,,,
inventory_271050,271050,KODEX WTI원유선물인버스(H),unclassified,unclassified,1.0,2017-06-13,,active,,inventory_only,https://kind.krx.co.kr/disclosure/etfisudetail.do?method=searchEftIsuDetail&isuCd=KR7271050007,,,,,,,,
inventory_271060,271060,KODEX 3대농산물선물(H),unclassified,unclassified,1.0,2017-06-13,,active,,inventory_only,https://kind.krx.co.kr/disclosure/etfisudetail.do?method=searchEftIsuDetail&isuCd=KR7271060006,,,,,,,,
inventory_272220,272220,ACE 스마트모멘텀,unclassified,unclassified,1.0,2017-07-11,2024-07-24,delisted,,inventory_only,https://kind.krx.co.kr/disclosure/etfisudetail.do?method=searchEftIsuDetail&isuCd=KR7272220005,,,,,,,,
inventory_272230,272230,ACE 스마트밸류,unclassified,unclassified,1.0,2017-07-11,2024-07-24,delisted,,inventory_only,https://kind.krx.co.kr/disclosure/etfisudetail.do?method=searchEftIsuDetail&isuCd=KR7272230004,,,,,,,,
inventory_272560,272560,RISE 단기국공채액티브,unclassified,unclassified,1.0,2017-06-29,,active,,inventory_only,https://data.krx.co.kr/comm/bldAttendant/getJsonData.cmd?bld=dbms/MDC/STAT/standard/MDCSTAT04601,,,,,,,,
inventory_272570,272570,RISE 중장기국공채액티브,unclassified,unclassified,1.0,2017-06-29,,active,,inventory_only,https://data.krx.co.kr/comm/bldAttendant/getJsonData.cmd?bld=dbms/MDC/STAT/standard/MDCSTAT04601,,,,,,,,
inventory_272580,272580,TIGER 단기채권액티브,unclassified,unclassified,1.0,2017-06-29,,active,,inventory_only,https://data.krx.co.kr/comm/bldAttendant/getJsonData.cmd?bld=dbms/MDC/STAT/standard/MDCSTAT04601,,,,,,,,
inventory_272910,272910,ACE 중장기국공채액티브,unclassified,unclassified,1.0,2017-06-29,,active,,inventory_only,https://kind.krx.co.kr/disclosure/etfisudetail.do?method=searchEftIsuDetail&isuCd=KR7272910001,,,,,,,,
inventory_273130,273130,KODEX 종합채권(AA-이상)액티브,unclassified,unclassified,1.0,2017-06-29,,active,,inventory_only,https://data.krx.co.kr/comm/bldAttendant/getJsonData.cmd?bld=dbms/MDC/STAT/standard/MDCSTAT04601,,,,,,,,
inventory_273140,273140,KODEX 단기변동금리부채권액티브,unclassified,unclassified,1.0,2017-06-29,,active,,inventory_only,https://kind.krx.co.kr/disclosure/etfisudetail.do?method=searchEftIsuDetail&isuCd=KR7273140004,,,,,,,,
inventory_275280,275280,KODEX 모멘텀주,unclassified,unclassified,1.0,2017-07-11,,active,,inventory_only,https://kind.krx.co.kr/disclosure/etfisudetail.do?method=searchEftIsuDetail&isuCd=KR7275280006,,,,,,,,
inventory_275290,275290,KODEX 가치주,unclassified,unclassified,1.0,2017-07-11,,active,,inventory_only,https://data.krx.co.kr/comm/bldAttendant/getJsonData.cmd?bld=dbms/MDC/STAT/standard/MDCSTAT04601,,,,,,,,
inventory_275300,275300,KODEX 우량주,unclassified,unclassified,1.0,2017-07-11,,active,,inventory_only,https://kind.krx.co.kr/disclosure/etfisudetail.do?method=searchEftIsuDetail&isuCd=KR7275300002,,,,,,,,
inventory_275540,275540,파워 스마트밸류,unclassified,unclassified,1.0,2017-07-11,2020-06-23,delisted,,inventory_only,https://kind.krx.co.kr/disclosure/etfisudetail.do?method=searchEftIsuDetail&isuCd=KR7275540003,,,,,,,,
inventory_275750,275750,RISE 코스닥150선물인버스,unclassified,unclassified,1.0,2017-08-01,,active,,inventory_only,https://data.krx.co.kr/comm/bldAttendant/getJsonData.cmd?bld=dbms/MDC/STAT/standard/MDCSTAT04601,,,,,,,,
inventory_275980,275980,TIGER 글로벌4차산업혁신기술(합성 H),unclassified,unclassified,1.0,2017-08-01,,active,,inventory_only,https://data.krx.co.kr/comm/bldAttendant/getJsonData.cmd?bld=dbms/MDC/STAT/standard/MDCSTAT04601,,,,,,,,
inventory_276000,276000,TIGER 글로벌자원생산기업(합성 H),unclassified,unclassified,1.0,2017-08-01,,active,,inventory_only,https://data.krx.co.kr/comm/bldAttendant/getJsonData.cmd?bld=dbms/MDC/STAT/standard/MDCSTAT04601,,,,,,,,
inventory_276650,276650,RISE 글로벌테크놀로지(합성 H),unclassified,unclassified,1.0,2017-08-17,,active,,inventory_only,https://data.krx.co.kr/comm/bldAttendant/getJsonData.cmd?bld=dbms/MDC/STAT/standard/MDCSTAT04601,,,,,,,,
inventory_276970,276970,KODEX 미국S&P500배당귀족커버드콜(합성 H),unclassified,unclassified,1.0,2017-08-10,,active,,inventory_only,https://kind.krx.co.kr/disclosure/etfisudetail.do?method=searchEftIsuDetail&isuCd=KR7276970001,,,,,,,,
inventory_276990,276990,KODEX 글로벌로봇(합성),unclassified,unclassified,1.0,2017-08-17,,active,,inventory_only,https://kind.krx.co.kr/disclosure/etfisudetail.do?method=searchEftIsuDetail&isuCd=KR7276990009,,,,,,,,
inventory_277540,277540,ACE 아시아TOP50,unclassified,unclassified,1.0,2017-08-23,,active,,inventory_only,https://data.krx.co.kr/comm/bldAttendant/getJsonData.cmd?bld=dbms/MDC/STAT/standard/MDCSTAT04601,,,,,,,,
inventory_277630,277630,TIGER 코스피,unclassified,unclassified,1.0,2017-08-31,,active,,inventory_only,https://data.krx.co.kr/comm/bldAttendant/getJsonData.cmd?bld=dbms/MDC/STAT/standard/MDCSTAT04601,,,,,,,,
inventory_277640,277640,TIGER 코스피대형주,unclassified,unclassified,1.0,2017-08-31,,active,,inventory_only,https://data.krx.co.kr/comm/bldAttendant/getJsonData.cmd?bld=dbms/MDC/STAT/standard/MDCSTAT04601,,,,,,,,
inventory_277650,277650,TIGER 코스피중형주,unclassified,unclassified,1.0,2017-08-31,,active,,inventory_only,https://data.krx.co.kr/comm/bldAttendant/getJsonData.cmd?bld=dbms/MDC/STAT/standard/MDCSTAT04601,,,,,,,,
inventory_278240,278240,RISE 코스닥150선물레버리지,unclassified,unclassified,1.0,2017-08-31,,active,,inventory_only,https://data.krx.co.kr/comm/bldAttendant/getJsonData.cmd?bld=dbms/MDC/STAT/standard/MDCSTAT04601,,,,,,,,
inventory_278420,278420,ARIRANG ESG우수기업,unclassified,unclassified,1.0,2017-08-31,2023-12-15,delisted,,inventory_only,https://kind.krx.co.kr/disclosure/etfisudetail.do?method=searchEftIsuDetail&isuCd=KR7278420005,,,,,,,,
inventory_278530,278530,KODEX 200TR,unclassified,unclassified,1.0,2017-11-21,,active,,inventory_only,https://kind.krx.co.kr/disclosure/etfisudetail.do?method=searchEftIsuDetail&isuCd=KR7278530001,,,,,,,,
inventory_278540,278540,KODEX MSCI Korea TR,unclassified,unclassified,1.0,2017-11-09,,active,,inventory_only,https://kind.krx.co.kr/disclosure/etfisudetail.do?method=searchEftIsuDetail&isuCd=KR7278540000,,,,,,,,
inventory_278620,278620,PLUS 단기채권액티브,unclassified,unclassified,1.0,2017-09-26,,active,,inventory_only,https://data.krx.co.kr/comm/bldAttendant/getJsonData.cmd?bld=dbms/MDC/STAT/standard/MDCSTAT04601,,,,,,,,
inventory_279530,279530,KODEX 고배당주,unclassified,unclassified,1.0,2017-10-17,,active,,inventory_only,https://data.krx.co.kr/comm/bldAttendant/getJsonData.cmd?bld=dbms/MDC/STAT/standard/MDCSTAT04601,,,,,,,,
inventory_279540,279540,KODEX 최소변동성,unclassified,unclassified,1.0,2017-10-17,,active,,inventory_only,https://data.krx.co.kr/comm/bldAttendant/getJsonData.cmd?bld=dbms/MDC/STAT/standard/MDCSTAT04601,,,,,,,,
inventory_280320,280320,ACE 미국IT인터넷(합성 H),unclassified,unclassified,1.0,2017-10-17,,active,,inventory_only,https://kind.krx.co.kr/disclosure/etfisudetail.do?method=searchEftIsuDetail&isuCd=KR7280320003,,,,,,,,
inventory_280920,280920,PLUS 주도업종,unclassified,unclassified,1.0,2017-10-17,,active,,inventory_only,https://kind.krx.co.kr/disclosure/etfisudetail.do?method=searchEftIsuDetail&isuCd=KR7280920000,,,,,,,,
inventory_280930,280930,KODEX 미국러셀2000(H),unclassified,unclassified,1.0,2017-11-09,,active,,inventory_only,https://kind.krx.co.kr/disclosure/etfisudetail.do?method=searchEftIsuDetail&isuCd=KR7280930009,,,,,,,,
inventory_280940,280940,KODEX 골드선물인버스(H),unclassified,unclassified,1.0,2017-11-09,,active,,inventory_only,https://kind.krx.co.kr/disclosure/etfisudetail.do?method=searchEftIsuDetail&isuCd=KR7280940008,,,,,,,,
inventory_281990,281990,RISE 중소형고배당,unclassified,unclassified,1.0,2017-11-02,,active,,inventory_only,https://data.krx.co.kr/comm/bldAttendant/getJsonData.cmd?bld=dbms/MDC/STAT/standard/MDCSTAT04601,,,,,,,,
inventory_282000,282000,RISE 국고채3년선물인버스,unclassified,unclassified,1.0,2017-11-09,,active,,inventory_only,https://kind.krx.co.kr/disclosure/etfisudetail.do?method=searchEftIsuDetail&isuCd=KR7282000009,,,,,,,,
inventory_283580,283580,KODEX 차이나CSI300,unclassified,unclassified,1.0,2017-12-13,,active,,inventory_only,https://kind.krx.co.kr/disclosure/etfisudetail.do?method=searchEftIsuDetail&isuCd=KR7283580009,,,,,,,,
inventory_283930,283930,KBSTAR 지주회사,unclassified,unclassified,1.0,2017-11-30,2020-04-27,delisted,,inventory_only,https://kind.krx.co.kr/disclosure/etfisudetail.do?method=searchEftIsuDetail&isuCd=KR7283930006,,,,,,,,
inventory_284430,284430,KODEX 200미국채혼합50,unclassified,unclassified,1.0,2017-11-30,,active,,inventory_only,https://kind.krx.co.kr/disclosure/etfisudetail.do?method=searchEftIsuDetail&isuCd=KR7284430006,,,,,,,,
inventory_284980,284980,RISE 200금융,unclassified,unclassified,1.0,2017-12-08,,active,,inventory_only,https://kind.krx.co.kr/disclosure/etfisudetail.do?method=searchEftIsuDetail&isuCd=KR7284980000,,,,,,,,
inventory_284990,284990,KBSTAR 200에너지화학,unclassified,unclassified,1.0,2017-12-08,2024-06-26,delisted,,inventory_only,https://kind.krx.co.kr/disclosure/etfisudetail.do?method=searchEftIsuDetail&isuCd=KR7284990009,,,,,,,,
inventory_285000,285000,KBSTAR 200IT,unclassified,unclassified,1.0,2017-12-08,2024-06-26,delisted,,inventory_only,https://kind.krx.co.kr/disclosure/etfisudetail.do?method=searchEftIsuDetail&isuCd=KR7285000006,,,,,,,,
inventory_285010,285010,KBSTAR 200중공업,unclassified,unclassified,1.0,2017-12-08,2024-06-26,delisted,,inventory_only,https://kind.krx.co.kr/disclosure/etfisudetail.do?method=searchEftIsuDetail&isuCd=KR7285010005,,,,,,,,
inventory_285020,285020,KBSTAR 200철강소재,unclassified,unclassified,1.0,2017-12-08,2024-06-26,delisted,,inventory_only,https://kind.krx.co.kr/disclosure/etfisudetail.do?method=searchEftIsuDetail&isuCd=KR7285020004,,,,,,,,
inventory_285690,285690,FOCUS ESG리더스,unclassified,unclassified,1.0,2017-12-13,,active,,inventory_only,https://kind.krx.co.kr/disclosure/etfisudetail.do?method=searchEftIsuDetail&isuCd=KR7285690004,,,,,,,,
inventory_287180,287180,PLUS 미국나스닥테크,unclassified,unclassified,1.0,2017-12-13,,active,,inventory_only,https://data.krx.co.kr/comm/bldAttendant/getJsonData.cmd?bld=dbms/MDC/STAT/standard/MDCSTAT04601,,,,,,,,
inventory_287300,287300,KBSTAR 200건설,unclassified,unclassified,1.0,2017-12-22,2024-06-26,delisted,,inventory_only,https://kind.krx.co.kr/disclosure/etfisudetail.do?method=searchEftIsuDetail&isuCd=KR7287300008,,,,,,,,
inventory_287310,287310,KBSTAR 200경기소비재,unclassified,unclassified,1.0,2017-12-22,2024-06-26,delisted,,inventory_only,https://kind.krx.co.kr/disclosure/etfisudetail.do?method=searchEftIsuDetail&isuCd=KR7287310007,,,,,,,,
inventory_287320,287320,KBSTAR 200산업재,unclassified,unclassified,1.0,2017-12-22,2024-06-26,delisted,,inventory_only,https://kind.krx.co.kr/disclosure/etfisudetail.do?method=searchEftIsuDetail&isuCd=KR7287320006,,,,,,,,
inventory_287330,287330,KBSTAR 200생활소비재,unclassified,unclassified,1.0,2017-12-22,2024-06-26,delisted,,inventory_only,https://kind.krx.co.kr/disclosure/etfisudetail.do?method=searchEftIsuDetail&isuCd=KR7287330005,,,,,,,,
inventory_289040,289040,KODEX MSCI KOREA ESG유니버설,unclassified,unclassified,1.0,2018-02-07,,active,,inventory_only,https://kind.krx.co.kr/disclosure/etfisudetail.do?method=searchEftIsuDetail&isuCd=KR7289040008,,,,,,,,
inventory_289250,289250,TIGER MSCI KOREA ESG유니버설,unclassified,unclassified,1.0,2018-02-07,,active,,inventory_only,https://data.krx.co.kr/comm/bldAttendant/getJsonData.cmd?bld=dbms/MDC/STAT/standard/MDCSTAT04601,,,,,,,,
inventory_289260,289260,TIGER MSCI KOREA ESG리더스,unclassified,unclassified,1.0,2018-02-07,,active,,inventory_only,https://data.krx.co.kr/comm/bldAttendant/getJsonData.cmd?bld=dbms/MDC/STAT/standard/MDCSTAT04601,,,,,,,,
inventory_289480,289480,TIGER 200커버드콜,unclassified,unclassified,1.0,2018-02-09,,active,,inventory_only,https://data.krx.co.kr/comm/bldAttendant/getJsonData.cmd?bld=dbms/MDC/STAT/standard/MDCSTAT04601,,,,,,,,
inventory_289670,289670,PLUS 국채선물10년,unclassified,unclassified,1.0,2018-02-07,,active,,inventory_only,https://kind.krx.co.kr/disclosure/etfisudetail.do?method=searchEftIsuDetail&isuCd=KR7289670002,,,,,,,,
inventory_290080,290080,RISE 200고배당커버드콜ATM,unclassified,unclassified,1.0,2018-02-27,,active,,inventory_only,https://data.krx.co.kr/comm/bldAttendant/getJsonData.cmd?bld=dbms/MDC/STAT/standard/MDCSTAT04601,,,,,,,,
inventory_290130,290130,RISE ESG사회책임투자,unclassified,unclassified,1.0,2018-02-27,,active,,inventory_only,https://kind.krx.co.kr/disclosure/etfisudetail.do?method=searchEftIsuDetail&isuCd=KR7290130004,,,,,,,,
inventory_291130,291130,ACE MSCI멕시코(합성),unclassified,unclassified,1.0,2018-03-09,,active,,inventory_only,https://kind.krx.co.kr/disclosure/etfisudetail.do?method=searchEftIsuDetail&isuCd=KR7291130003,,,,,,,,
inventory_291610,291610,KOSEF 코스닥150선물,unclassified,unclassified,1.0,2018-03-16,2021-03-23,delisted,,inventory_only,https://kind.krx.co.kr/disclosure/etfisudetail.do?method=searchEftIsuDetail&isuCd=KR7291610004,,,,,,,,
inventory_291620,291620,KIWOOM 코스닥150선물인버스,unclassified,unclassified,1.0,2018-03-16,,active,,inventory_only,https://kind.krx.co.kr/disclosure/etfisudetail.do?method=searchEftIsuDetail&isuCd=KR7291620003,,,,,,,,
inventory_291630,291630,KIWOOM 코스닥150선물레버리지,unclassified,unclassified,1.0,2018-03-16,,active,,inventory_only,https://kind.krx.co.kr/disclosure/etfisudetail.do?method=searchEftIsuDetail&isuCd=KR7291630002,,,,,,,,
inventory_291660,291660,KODEX China H선물인버스(H),unclassified,unclassified,1.0,2018-03-16,2021-08-13,delisted,,inventory_only,https://kind.krx.co.kr/disclosure/etfisudetail.do?method=searchEftIsuDetail&isuCd=KR7291660009,,,,,,,,
inventory_291680,291680,RISE 차이나H선물인버스(H),unclassified,unclassified,1.0,2018-03-23,,active,,inventory_only,https://kind.krx.co.kr/disclosure/etfisudetail.do?method=searchEftIsuDetail&isuCd=KR7291680007,,,,,,,,
inventory_291890,291890,KODEX MSCI EM선물(H),unclassified,unclassified,1.0,2018-03-23,,active,,inventory_only,https://kind.krx.co.kr/disclosure/etfisudetail.do?method=searchEftIsuDetail&isuCd=KR7291890002,,,,,,,,
inventory_292050,292050,RISE KRX300,unclassified,unclassified,1.0,2018-03-26,,active,,inventory_only,https://kind.krx.co.kr/disclosure/etfisudetail.do?method=searchEftIsuDetail&isuCd=KR7292050002,,,,,,,,
inventory_292100,292100,TIGER 대형성장,unclassified,unclassified,1.0,2018-03-30,2021-05-07,delisted,,inventory_only,https://kind.krx.co.kr/disclosure/etfisudetail.do?method=searchEftIsuDetail&isuCd=KR7292100005,,,,,,,,
inventory_292110,292110,TIGER 대형가치,unclassified,unclassified,1.0,2018-03-30,2021-05-07,delisted,,inventory_only,https://kind.krx.co.kr/disclosure/etfisudetail.do?method=searchEftIsuDetail&isuCd=KR7292110004,,,,,,,,
inventory_292120,292120,TIGER 중소형,unclassified,unclassified,1.0,2018-03-30,2020-12-24,delisted,,inventory_only,https://kind.krx.co.kr/disclosure/etfisudetail.do?method=searchEftIsuDetail&isuCd=KR7292120003,,,,,,,,
inventory_292130,292130,TIGER 중소형성장,unclassified,unclassified,1.0,2018-03-30,2021-05-07,delisted,,inventory_only,https://kind.krx.co.kr/disclosure/etfisudetail.do?method=searchEftIsuDetail&isuCd=KR7292130002,,,,,,,,
inventory_292140,292140,TIGER 중소형가치,unclassified,unclassified,1.0,2018-03-30,2021-05-07,delisted,,inventory_only,https://kind.krx.co.kr/disclosure/etfisudetail.do?method=searchEftIsuDetail&isuCd=KR7292140001,,,,,,,,
inventory_292150,292150,TIGER 코리아TOP10,unclassified,unclassified,1.0,2018-03-30,,active,,inventory_only,https://data.krx.co.kr/comm/bldAttendant/getJsonData.cmd?bld=dbms/MDC/STAT/standard/MDCSTAT04601,,,,,,,,
inventory_292160,292160,TIGER KRX300,unclassified,unclassified,1.0,2018-03-26,,active,,inventory_only,https://data.krx.co.kr/comm/bldAttendant/getJsonData.cmd?bld=dbms/MDC/STAT/standard/MDCSTAT04601,,,,,,,,
inventory_292190,292190,KODEX KRX300,unclassified,unclassified,1.0,2018-03-26,,active,,inventory_only,https://kind.krx.co.kr/disclosure/etfisudetail.do?method=searchEftIsuDetail&isuCd=KR7292190006,,,,,,,,
inventory_292340,292340,마이티 200커버드콜ATM레버리지,unclassified,unclassified,1.0,2018-03-20,2023-12-27,delisted,,inventory_only,https://kind.krx.co.kr/disclosure/etfisudetail.do?method=searchEftIsuDetail&isuCd=KR7292340007,,,,,,,,
inventory_292500,292500,SOL KRX300,unclassified,unclassified,1.0,2018-03-26,,active,,inventory_only,https://data.krx.co.kr/comm/bldAttendant/getJsonData.cmd?bld=dbms/MDC/STAT/standard/MDCSTAT04601,,,,,,,,
inventory_292560,292560,TIGER 일본엔선물,unclassified,unclassified,1.0,2018-04-17,,active,,inventory_only,https://kind.krx.co.kr/disclosure/etfisudetail.do?method=searchEftIsuDetail&isuCd=KR7292560000,,,,,,,,
inventory_292570,292570,TIGER 일본엔선물레버리지,unclassified,unclassified,1.0,2018-04-17,2021-03-23,delisted,,inventory_only,https://kind.krx.co.kr/disclosure/etfisudetail.do?method=searchEftIsuDetail&isuCd=KR7292570009,,,,,,,,
inventory_292580,292580,TIGER 일본엔선물인버스,unclassified,unclassified,1.0,2018-04-17,2021-03-23,delisted,,inventory_only,https://kind.krx.co.kr/disclosure/etfisudetail.do?method=searchEftIsuDetail&isuCd=KR7292580008,,,,,,,,
inventory_292590,292590,TIGER 일본엔선물인버스2X,unclassified,unclassified,1.0,2018-04-17,2021-03-23,delisted,,inventory_only,https://kind.krx.co.kr/disclosure/etfisudetail.do?method=searchEftIsuDetail&isuCd=KR7292590007,,,,,,,,
inventory_292730,292730,FOCUS KRX300,unclassified,unclassified,1.0,2018-03-26,2025-10-29,delisted,,inventory_only,https://kind.krx.co.kr/disclosure/etfisudetail.do?method=searchEftIsuDetail&isuCd=KR7292730009,,,,,,,,
inventory_292750,292750,ARIRANG KRX300,unclassified,unclassified,1.0,2018-03-26,2024-06-26,delisted,,inventory_only,https://kind.krx.co.kr/disclosure/etfisudetail.do?method=searchEftIsuDetail&isuCd=KR7292750007,,,,,,,,
inventory_292770,292770,KODEX 국채선물3년인버스,unclassified,unclassified,1.0,2018-04-13,,active,,inventory_only,https://kind.krx.co.kr/disclosure/etfisudetail.do?method=searchEftIsuDetail&isuCd=KR7292770005,,,,,,,,
inventory_293180,293180,HANARO 200,unclassified,unclassified,1.0,2018-03-30,,active,,inventory_only,https://kind.krx.co.kr/disclosure/etfisudetail.do?method=searchEftIsuDetail&isuCd=KR7293180006,,,,,,,,
inventory_294400,294400,KIWOOM 200TR,unclassified,unclassified,1.0,2018-04-23,,active,,inventory_only,https://kind.krx.co.kr/disclosure/etfisudetail.do?method=searchEftIsuDetail&isuCd=KR7294400007,,,,,,,,
inventory_295000,295000,RISE 국채선물10년,unclassified,unclassified,1.0,2018-05-11,,active,,inventory_only,https://kind.krx.co.kr/disclosure/etfisudetail.do?method=searchEftIsuDetail&isuCd=KR7295000004,,,,,,,,
inventory_295020,295020,RISE 국채선물10년인버스,unclassified,unclassified,1.0,2018-05-11,,active,,inventory_only,https://data.krx.co.kr/comm/bldAttendant/getJsonData.cmd?bld=dbms/MDC/STAT/standard/MDCSTAT04601,,,,,,,,
inventory_295040,295040,SOL 200TR,unclassified,unclassified,1.0,2018-04-23,,active,,inventory_only,https://data.krx.co.kr/comm/bldAttendant/getJsonData.cmd?bld=dbms/MDC/STAT/standard/MDCSTAT04601,,,,,,,,
inventory_295820,295820,ARIRANG 200동일가중,unclassified,unclassified,1.0,2018-05-11,2024-06-26,delisted,,inventory_only,https://kind.krx.co.kr/disclosure/etfisudetail.do?method=searchEftIsuDetail&isuCd=KR7295820005,,,,,,,,
inventory_295840,295840,ARIRANG 200밸류,unclassified,unclassified,1.0,2018-05-11,2019-12-11,delisted,,inventory_only,https://kind.krx.co.kr/disclosure/etfisudetail.do?method=searchEftIsuDetail&isuCd=KR7295840003,,,,,,,,
inventory_295860,295860,ARIRANG 200모멘텀,unclassified,unclassified,1.0,2018-05-11,2019-12-11,delisted,,inventory_only,https://kind.krx.co.kr/disclosure/etfisudetail.do?method=searchEftIsuDetail&isuCd=KR7295860001,,,,,,,,
inventory_295880,295880,ARIRANG 200퀄리티,unclassified,unclassified,1.0,2018-05-11,2019-12-11,delisted,,inventory_only,https://kind.krx.co.kr/disclosure/etfisudetail.do?method=searchEftIsuDetail&isuCd=KR7295880009,,,,,,,,
inventory_295890,295890,ARIRANG 200로우볼,unclassified,unclassified,1.0,2018-05-11,2019-12-11,delisted,,inventory_only,https://kind.krx.co.kr/disclosure/etfisudetail.do?method=searchEftIsuDetail&isuCd=KR7295890008,,,,,,,,
inventory_296710,296710,KODEX FnKorea50,unclassified,unclassified,1.0,2018-06-08,2021-08-13,delisted,,inventory_only,https://kind.krx.co.kr/disclosure/etfisudetail.do?method=searchEftIsuDetail&isuCd=KR7296710007,,,,,,,,
inventory_298340,298340,PLUS 국채선물3년,unclassified,unclassified,1.0,2018-06-08,,active,,inventory_only,https://data.krx.co.kr/comm/bldAttendant/getJsonData.cmd?bld=dbms/MDC/STAT/standard/MDCSTAT04601,,,,,,,,
inventory_298770,298770,KODEX 한국대만IT프리미어,unclassified,unclassified,1.0,2018-06-11,,active,,inventory_only,https://data.krx.co.kr/comm/bldAttendant/getJsonData.cmd?bld=dbms/MDC/STAT/standard/MDCSTAT04601,,,,,,,,
inventory_299070,299070,ACE 국채선물10년인버스,unclassified,unclassified,1.0,2018-06-08,2024-05-27,delisted,,inventory_only,https://kind.krx.co.kr/disclosure/etfisudetail.do?method=searchEftIsuDetail&isuCd=KR7299070003,,,,,,,,
inventory_299080,299080,ACE 국채선물3년인버스,unclassified,unclassified,1.0,2018-06-08,2024-05-27,delisted,,inventory_only,https://kind.krx.co.kr/disclosure/etfisudetail.do?method=searchEftIsuDetail&isuCd=KR7299080002,,,,,,,,
inventory_300280,300280,KBSTAR 중소형모멘텀로우볼,unclassified,unclassified,1.0,2018-07-18,2021-05-07,delisted,,inventory_only,https://kind.krx.co.kr/disclosure/etfisudetail.do?method=searchEftIsuDetail&isuCd=KR7300280005,,,,,,,,
inventory_300290,300290,KBSTAR 중소형모멘텀밸류,unclassified,unclassified,1.0,2018-07-18,2021-05-07,delisted,,inventory_only,https://kind.krx.co.kr/disclosure/etfisudetail.do?method=searchEftIsuDetail&isuCd=KR7300290004,,,,,,,,
inventory_300300,300300,KBSTAR KQ모멘텀로우볼,unclassified,unclassified,1.0,2018-07-18,2020-08-04,delisted,,inventory_only,https://kind.krx.co.kr/disclosure/etfisudetail.do?method=searchEftIsuDetail&isuCd=KR7300300001,,,,,,,,
inventory_300310,300310,KBSTAR KQ모멘텀밸류,unclassified,unclassified,1.0,2018-07-18,2020-08-04,delisted,,inventory_only,https://kind.krx.co.kr/disclosure/etfisudetail.do?method=searchEftIsuDetail&isuCd=KR7300310000,,,,,,,,
inventory_300610,300610,TIGER K게임,unclassified,unclassified,1.0,2018-07-24,,active,,inventory_only,https://data.krx.co.kr/comm/bldAttendant/getJsonData.cmd?bld=dbms/MDC/STAT/standard/MDCSTAT04601,,,,,,,,
inventory_300640,300640,RISE 게임테마,unclassified,unclassified,1.0,2018-07-24,,active,,inventory_only,https://kind.krx.co.kr/disclosure/etfisudetail.do?method=searchEftIsuDetail&isuCd=KR7300640000,,,,,,,,
inventory_300950,300950,KODEX 게임산업,unclassified,unclassified,1.0,2018-07-24,,active,,inventory_only,https://data.krx.co.kr/comm/bldAttendant/getJsonData.cmd?bld=dbms/MDC/STAT/standard/MDCSTAT04601,,,,,,,,
inventory_301400,301400,PLUS 코스닥150,unclassified,unclassified,1.0,2018-07-05,,active,,inventory_only,https://kind.krx.co.kr/disclosure/etfisudetail.do?method=searchEftIsuDetail&isuCd=KR7301400008,,,,,,,,
inventory_301410,301410,PLUS 코스닥150선물인버스,unclassified,unclassified,1.0,2018-07-11,2026-06-25,delisted,,inventory_only,https://kind.krx.co.kr/disclosure/etfisudetail.do?method=searchEftIsuDetail&isuCd=KR7301410007,,,,,,,,
inventory_301440,301440,ARIRANG 코스피중형주,unclassified,unclassified,1.0,2018-07-05,2023-08-25,delisted,,inventory_only,https://kind.krx.co.kr/disclosure/etfisudetail.do?method=searchEftIsuDetail&isuCd=KR7301440004,,,,,,,,
inventory_302170,302170,TIGER 국채선물3년인버스,unclassified,unclassified,1.0,2018-07-20,2021-12-20,delisted,,inventory_only,https://kind.krx.co.kr/disclosure/etfisudetail.do?method=searchEftIsuDetail&isuCd=KR7302170006,,,,,,,,
inventory_302180,302180,TIGER 국채선물10년인버스,unclassified,unclassified,1.0,2018-07-20,2021-12-20,delisted,,inventory_only,https://kind.krx.co.kr/disclosure/etfisudetail.do?method=searchEftIsuDetail&isuCd=KR7302180005,,,,,,,,
inventory_302190,302190,TIGER 중장기국채,unclassified,unclassified,1.0,2018-07-20,,active,,inventory_only,https://data.krx.co.kr/comm/bldAttendant/getJsonData.cmd?bld=dbms/MDC/STAT/standard/MDCSTAT04601,,,,,,,,
inventory_302200,302200,TIGER 중장기국채선물인버스,unclassified,unclassified,1.0,2018-07-20,2020-12-24,delisted,,inventory_only,https://kind.krx.co.kr/disclosure/etfisudetail.do?method=searchEftIsuDetail&isuCd=KR7302200001,,,,,,,,
inventory_302210,302210,TIGER 중장기국채선물인버스2X,unclassified,unclassified,1.0,2018-07-20,2020-12-24,delisted,,inventory_only,https://kind.krx.co.kr/disclosure/etfisudetail.do?method=searchEftIsuDetail&isuCd=KR7302210000,,,,,,,,
inventory_302450,302450,RISE 코스피,unclassified,unclassified,1.0,2018-07-24,,active,,inventory_only,https://data.krx.co.kr/comm/bldAttendant/getJsonData.cmd?bld=dbms/MDC/STAT/standard/MDCSTAT04601,,,,,,,,
inventory_304660,304660,KODEX 미국30년국채울트라선물(H),unclassified,unclassified,1.0,2018-09-12,,active,,inventory_only,https://kind.krx.co.kr/disclosure/etfisudetail.do?method=searchEftIsuDetail&isuCd=KR7304660004,,,,,,,,
inventory_304670,304670,KODEX 미국30년국채울트라선물인버스(H),unclassified,unclassified,1.0,2018-09-12,,active,,inventory_only,https://kind.krx.co.kr/disclosure/etfisudetail.do?method=searchEftIsuDetail&isuCd=KR7304670003,,,,,,,,
inventory_304760,304760,HANARO KRX300,unclassified,unclassified,1.0,2018-08-14,,active,,inventory_only,https://kind.krx.co.kr/disclosure/etfisudetail.do?method=searchEftIsuDetail&isuCd=KR7304760002,,,,,,,,
inventory_304770,304770,HANARO 코스닥150,unclassified,unclassified,1.0,2018-08-14,,active,,inventory_only,https://kind.krx.co.kr/disclosure/etfisudetail.do?method=searchEftIsuDetail&isuCd=KR7304770001,,,,,,,,
inventory_304780,304780,HANARO 200선물레버리지,unclassified,unclassified,1.0,2018-08-14,,active,,inventory_only,https://kind.krx.co.kr/disclosure/etfisudetail.do?method=searchEftIsuDetail&isuCd=KR7304780000,,,,,,,,
inventory_304940,304940,KODEX 미국나스닥100선물(H),unclassified,unclassified,1.0,2018-08-30,,active,,inventory_only,https://kind.krx.co.kr/disclosure/etfisudetail.do?method=searchEftIsuDetail&isuCd=KR7304940000,,,,,,,,
inventory_305050,305050,ACE 코스피,unclassified,unclassified,1.0,2018-10-05,,active,,inventory_only,https://kind.krx.co.kr/disclosure/etfisudetail.do?method=searchEftIsuDetail&isuCd=KR7305050007,,,,,,,,
inventory_305080,305080,TIGER 미국채10년선물,unclassified,unclassified,1.0,2018-08-30,,active,,inventory_only,https://kind.krx.co.kr/disclosure/etfisudetail.do?method=searchEftIsuDetail&isuCd=KR7305080004,,,,,,,,
inventory_305540,305540,TIGER 2차전지테마,unclassified,unclassified,1.0,2018-09-12,,active,,inventory_only,https://data.krx.co.kr/comm/bldAttendant/getJsonData.cmd?bld=dbms/MDC/STAT/standard/MDCSTAT04601,,,,,,,,
inventory_305720,305720,KODEX 2차전지산업,unclassified,unclassified,1.0,2018-09-12,,active,,inventory_only,https://kind.krx.co.kr/disclosure/etfisudetail.do?method=searchEftIsuDetail&isuCd=KR7305720005,,,,,,,,
inventory_306520,306520,HANARO 200선물인버스,unclassified,unclassified,1.0,2018-09-18,,active,,inventory_only,https://kind.krx.co.kr/disclosure/etfisudetail.do?method=searchEftIsuDetail&isuCd=KR7306520008,,,,,,,,
inventory_306530,306530,HANARO 코스닥150선물레버리지,unclassified,unclassified,1.0,2018-09-18,,active,,inventory_only,https://kind.krx.co.kr/disclosure/etfisudetail.do?method=searchEftIsuDetail&isuCd=KR7306530007,,,,,,,,
inventory_306540,306540,HANARO 단기통안채,unclassified,unclassified,1.0,2018-09-18,2021-07-02,delisted,,inventory_only,https://kind.krx.co.kr/disclosure/etfisudetail.do?method=searchEftIsuDetail&isuCd=KR7306540006,,,,,,,,
inventory_306950,306950,KODEX KRX300레버리지,unclassified,unclassified,1.0,2018-10-16,,active,,inventory_only,https://kind.krx.co.kr/disclosure/etfisudetail.do?method=searchEftIsuDetail&isuCd=KR7306950007,,,,,,,,
inventory_306960,306960,KODEX KRX300선물인버스,unclassified,unclassified,1.0,2018-10-16,2020-09-28,delisted,,inventory_only,https://kind.krx.co.kr/disclosure/etfisudetail.do?method=searchEftIsuDetail&isuCd=KR7306960006,,,,,,,,
inventory_307010,307010,KBSTAR KRX300레버리지,unclassified,unclassified,1.0,2018-10-16,2024-04-26,delisted,,inventory_only,https://kind.krx.co.kr/disclosure/etfisudetail.do?method=searchEftIsuDetail&isuCd=KR7307010009,,,,,,,,
inventory_307020,307020,KBSTAR KRX300선물인버스,unclassified,unclassified,1.0,2018-10-16,2020-12-24,delisted,,inventory_only,https://kind.krx.co.kr/disclosure/etfisudetail.do?method=searchEftIsuDetail&isuCd=KR7307020008,,,,,,,,
inventory_307510,307510,TIGER 의료기기,unclassified,unclassified,1.0,2018-11-08,,active,,inventory_only,https://kind.krx.co.kr/disclosure/etfisudetail.do?method=searchEftIsuDetail&isuCd=KR7307510008,,,,,,,,
inventory_307520,307520,TIGER 지주회사,unclassified,unclassified,1.0,2018-11-08,,active,,inventory_only,https://kind.krx.co.kr/disclosure/etfisudetail.do?method=searchEftIsuDetail&isuCd=KR7307520007,,,,,,,,
inventory_307610,307610,TIGER KRX300레버리지,unclassified,unclassified,1.0,2018-10-16,2020-12-24,delisted,,inventory_only,https://kind.krx.co.kr/disclosure/etfisudetail.do?method=searchEftIsuDetail&isuCd=KR7307610006,,,,,,,,
inventory_307620,307620,TIGER KRX300선물인버스,unclassified,unclassified,1.0,2018-10-16,2020-09-28,delisted,,inventory_only,https://kind.krx.co.kr/disclosure/etfisudetail.do?method=searchEftIsuDetail&isuCd=KR7307620005,,,,,,,,
inventory_308620,308620,KODEX 미국10년국채선물,unclassified,unclassified,1.0,2018-10-19,,active,,inventory_only,https://kind.krx.co.kr/disclosure/etfisudetail.do?method=searchEftIsuDetail&isuCd=KR7308620004,,,,,,,,
inventory_309170,309170,ARIRANG KRX300IT,unclassified,unclassified,1.0,2018-11-08,2021-07-02,delisted,,inventory_only,https://kind.krx.co.kr/disclosure/etfisudetail.do?method=searchEftIsuDetail&isuCd=KR7309170009,,,,,,,,
inventory_309180,309180,ARIRANG KRX300금융,unclassified,unclassified,1.0,2018-11-08,2020-05-22,delisted,,inventory_only,https://kind.krx.co.kr/disclosure/etfisudetail.do?method=searchEftIsuDetail&isuCd=KR7309180008,,,,,,,,
inventory_309190,309190,ARIRANG KRX300산업재,unclassified,unclassified,1.0,2018-11-08,2020-05-22,delisted,,inventory_only,https://kind.krx.co.kr/disclosure/etfisudetail.do?method=searchEftIsuDetail&isuCd=KR7309190007,,,,,,,,
inventory_309200,309200,ARIRANG KRX300자유소비재,unclassified,unclassified,1.0,2018-11-08,2020-05-22,delisted,,inventory_only,https://kind.krx.co.kr/disclosure/etfisudetail.do?method=searchEftIsuDetail&isuCd=KR7309200004,,,,,,,,
inventory_309210,309210,ARIRANG KRX300헬스케어,unclassified,unclassified,1.0,2018-11-08,2023-10-27,delisted,,inventory_only,https://kind.krx.co.kr/disclosure/etfisudetail.do?method=searchEftIsuDetail&isuCd=KR7309210003,,,,,,,,
inventory_309230,309230,ACE 미국WideMoat동일가중,unclassified,unclassified,1.0,2018-10-25,,active,,inventory_only,https://kind.krx.co.kr/disclosure/etfisudetail.do?method=searchEftIsuDetail&isuCd=KR7309230001,,,,,,,,
inventory_310080,310080,RISE 중국MSCI China(H),unclassified,unclassified,1.0,2018-11-28,,active,,inventory_only,https://data.krx.co.kr/comm/bldAttendant/getJsonData.cmd?bld=dbms/MDC/STAT/standard/MDCSTAT04601,,,,,,,,
inventory_310960,310960,TIGER 200TR,unclassified,unclassified,1.0,2018-11-20,,active,,inventory_only,https://data.krx.co.kr/comm/bldAttendant/getJsonData.cmd?bld=dbms/MDC/STAT/standard/MDCSTAT04601,,,,,,,,
inventory_310970,310970,TIGER MSCI Korea TR,unclassified,unclassified,1.0,2018-11-20,,active,,inventory_only,https://data.krx.co.kr/comm/bldAttendant/getJsonData.cmd?bld=dbms/MDC/STAT/standard/MDCSTAT04601,,,,,,,,
inventory_314250,314250,KODEX 미국빅테크10(H),unclassified,unclassified,1.0,2019-01-10,,active,,inventory_only,https://kind.krx.co.kr/disclosure/etfisudetail.do?method=searchEftIsuDetail&isuCd=KR7314250002,,,,,,,,
inventory_314700,314700,HANARO 농업융복합산업,unclassified,unclassified,1.0,2018-12-21,,active,,inventory_only,https://kind.krx.co.kr/disclosure/etfisudetail.do?method=searchEftIsuDetail&isuCd=KR7314700006,,,,,,,,
inventory_315270,315270,TIGER 200커뮤니케이션서비스,unclassified,unclassified,1.0,2019-01-15,,active,,inventory_only,https://data.krx.co.kr/comm/bldAttendant/getJsonData.cmd?bld=dbms/MDC/STAT/standard/MDCSTAT04601,,,,,,,,
inventory_315480,315480,KBSTAR 200커뮤니케이션서비스,unclassified,unclassified,1.0,2019-01-15,2024-06-26,delisted,,inventory_only,https://kind.krx.co.kr/disclosure/etfisudetail.do?method=searchEftIsuDetail&isuCd=KR7315480004,,,,,,,,
inventory_315930,315930,KODEX Top5PlusTR,unclassified,unclassified,1.0,2019-01-22,,active,,inventory_only,https://kind.krx.co.kr/disclosure/etfisudetail.do?method=searchEftIsuDetail&isuCd=KR7315930008,,,,,,,,
inventory_315960,315960,RISE 대형고배당10TR,unclassified,unclassified,1.0,2019-01-22,,active,,inventory_only,https://data.krx.co.kr/comm/bldAttendant/getJsonData.cmd?bld=dbms/MDC/STAT/standard/MDCSTAT04601,,,,,,,,
inventory_316300,316300,ACE 싱가포르리츠,unclassified,unclassified,1.0,2019-01-29,,active,,inventory_only,https://kind.krx.co.kr/disclosure/etfisudetail.do?method=searchEftIsuDetail&isuCd=KR7316300003,,,,,,,,
inventory_316670,316670,KIWOOM 코스닥150,unclassified,unclassified,1.0,2019-01-22,,active,,inventory_only,https://kind.krx.co.kr/disclosure/etfisudetail.do?method=searchEftIsuDetail&isuCd=KR7316670009,,,,,,,,
inventory_319640,319640,TIGER 골드선물(H),unclassified,unclassified,1.0,2019-04-09,,active,,inventory_only,https://data.krx.co.kr/comm/bldAttendant/getJsonData.cmd?bld=dbms/MDC/STAT/standard/MDCSTAT04601,,,,,,,,
inventory_319870,319870,KBSTAR KRX300미국달러선물혼합,unclassified,unclassified,1.0,2019-03-19,2024-06-26,delisted,,inventory_only,https://kind.krx.co.kr/disclosure/etfisudetail.do?method=searchEftIsuDetail&isuCd=KR7319870002,,,,,,,,
inventory_321410,321410,KODEX 멀티에셋하이인컴(H),unclassified,unclassified,1.0,2019-06-05,,active,,inventory_only,https://kind.krx.co.kr/disclosure/etfisudetail.do?method=searchEftIsuDetail&isuCd=KR7321410003,,,,,,,,
inventory_322120,322120,ACE 스마트퀄리티,unclassified,unclassified,1.0,2019-04-16,2024-07-24,delisted,,inventory_only,https://kind.krx.co.kr/disclosure/etfisudetail.do?method=searchEftIsuDetail&isuCd=KR7322120007,,,,,,,,
inventory_322130,322130,ACE 스마트로우볼,unclassified,unclassified,1.0,2019-04-16,2024-07-24,delisted,,inventory_only,https://kind.krx.co.kr/disclosure/etfisudetail.do?method=searchEftIsuDetail&isuCd=KR7322130006,,,,,,,,
inventory_322150,322150,ACE 스마트하이베타,unclassified,unclassified,1.0,2019-04-16,2024-07-24,delisted,,inventory_only,https://kind.krx.co.kr/disclosure/etfisudetail.do?method=searchEftIsuDetail&isuCd=KR7322150004,,,,,,,,
inventory_322400,322400,HANARO e커머스,unclassified,unclassified,1.0,2019-04-23,,active,,inventory_only,https://kind.krx.co.kr/disclosure/etfisudetail.do?method=searchEftIsuDetail&isuCd=KR7322400003,,,,,,,,
inventory_322410,322410,HANARO K고배당,unclassified,unclassified,1.0,2019-04-23,,active,,inventory_only,https://kind.krx.co.kr/disclosure/etfisudetail.do?method=searchEftIsuDetail&isuCd=KR7322410002,,,,,,,,
inventory_325010,325010,KODEX 성장주,unclassified,unclassified,1.0,2019-05-31,,active,,inventory_only,https://kind.krx.co.kr/disclosure/etfisudetail.do?method=searchEftIsuDetail&isuCd=KR7325010007,,,,,,,,
inventory_325020,325020,KODEX 배당가치,unclassified,unclassified,1.0,2019-05-31,,active,,inventory_only,https://kind.krx.co.kr/disclosure/etfisudetail.do?method=searchEftIsuDetail&isuCd=KR7325020006,,,,,,,,
inventory_326230,326230,RISE 내수주플러스,unclassified,unclassified,1.0,2019-06-20,,active,,inventory_only,https://data.krx.co.kr/comm/bldAttendant/getJsonData.cmd?bld=dbms/MDC/STAT/standard/MDCSTAT04601,,,,,,,,
inventory_326240,326240,RISE IT플러스,unclassified,unclassified,1.0,2019-06-20,,active,,inventory_only,https://kind.krx.co.kr/disclosure/etfisudetail.do?method=searchEftIsuDetail&isuCd=KR7326240009,,,,,,,,
inventory_328370,328370,PLUS 코스피TR,unclassified,unclassified,1.0,2019-06-25,,active,,inventory_only,https://data.krx.co.kr/comm/bldAttendant/getJsonData.cmd?bld=dbms/MDC/STAT/standard/MDCSTAT04601,,,,,,,,
inventory_329200,329200,TIGER 리츠부동산인프라,unclassified,unclassified,1.0,2019-07-19,,active,,inventory_only,https://kind.krx.co.kr/disclosure/etfisudetail.do?method=searchEftIsuDetail&isuCd=KR7329200000,,,,,,,,
inventory_329650,329650,KODEX TRF3070,unclassified,unclassified,1.0,2019-07-04,,active,,inventory_only,https://data.krx.co.kr/comm/bldAttendant/getJsonData.cmd?bld=dbms/MDC/STAT/standard/MDCSTAT04601,,,,,,,,
inventory_329660,329660,KODEX TRF5050,unclassified,unclassified,1.0,2019-07-04,,active,,inventory_only,https://kind.krx.co.kr/disclosure/etfisudetail.do?method=searchEftIsuDetail&isuCd=KR7329660005,,,,,,,,
inventory_329670,329670,KODEX TRF7030,unclassified,unclassified,1.0,2019-07-04,,active,,inventory_only,https://kind.krx.co.kr/disclosure/etfisudetail.do?method=searchEftIsuDetail&isuCd=KR7329670004,,,,,,,,
inventory_329750,329750,TIGER 미국달러단기채권액티브,unclassified,unclassified,1.0,2019-07-24,,active,,inventory_only,https://data.krx.co.kr/comm/bldAttendant/getJsonData.cmd?bld=dbms/MDC/STAT/standard/MDCSTAT04601,,,,,,,,
inventory_331910,331910,KOSEF Fn중소형,unclassified,unclassified,1.0,2019-08-13,2024-11-06,delisted,,inventory_only,https://kind.krx.co.kr/disclosure/etfisudetail.do?method=searchEftIsuDetail&isuCd=KR7331910000,,,,,,,,
inventory_332500,332500,ACE 200TR,unclassified,unclassified,1.0,2019-08-28,,active,,inventory_only,https://kind.krx.co.kr/disclosure/etfisudetail.do?method=searchEftIsuDetail&isuCd=KR7332500008,,,,,,,,
inventory_332610,332610,PLUS 미국단기회사채(AAA~A),unclassified,unclassified,1.0,2019-08-20,,active,,inventory_only,https://data.krx.co.kr/comm/bldAttendant/getJsonData.cmd?bld=dbms/MDC/STAT/standard/MDCSTAT04601,,,,,,,,
inventory_332620,332620,PLUS 미국장기우량회사채,unclassified,unclassified,1.0,2019-08-20,,active,,inventory_only,https://data.krx.co.kr/comm/bldAttendant/getJsonData.cmd?bld=dbms/MDC/STAT/standard/MDCSTAT04601,,,,,,,,
inventory_332930,332930,HANARO 200TR,unclassified,unclassified,1.0,2019-08-28,,active,,inventory_only,https://kind.krx.co.kr/disclosure/etfisudetail.do?method=searchEftIsuDetail&isuCd=KR7332930007,,,,,,,,
inventory_332940,332940,HANARO MSCI Korea TR,unclassified,unclassified,1.0,2019-08-28,,active,,inventory_only,https://kind.krx.co.kr/disclosure/etfisudetail.do?method=searchEftIsuDetail&isuCd=KR7332940006,,,,,,,,
inventory_333940,333940,PLUS KS로우볼가중TR,unclassified,unclassified,1.0,2019-09-05,2024-09-27,delisted,,inventory_only,https://kind.krx.co.kr/disclosure/etfisudetail.do?method=searchEftIsuDetail&isuCd=KR7333940005,,,,,,,,
inventory_333950,333950,PLUS KS로우사이즈가중TR,unclassified,unclassified,1.0,2019-09-05,2024-10-24,delisted,,inventory_only,https://kind.krx.co.kr/disclosure/etfisudetail.do?method=searchEftIsuDetail&isuCd=KR7333950004,,,,,,,,
inventory_333960,333960,PLUS KS모멘텀가중TR,unclassified,unclassified,1.0,2019-09-05,2024-09-27,delisted,,inventory_only,https://kind.krx.co.kr/disclosure/etfisudetail.do?method=searchEftIsuDetail&isuCd=KR7333960003,,,,,,,,
inventory_333970,333970,PLUS KS밸류가중TR,unclassified,unclassified,1.0,2019-09-05,2024-10-24,delisted,,inventory_only,https://kind.krx.co.kr/disclosure/etfisudetail.do?method=searchEftIsuDetail&isuCd=KR7333970002,,,,,,,,
inventory_333980,333980,PLUS KS퀄리티가중TR,unclassified,unclassified,1.0,2019-09-05,2024-08-27,delisted,,inventory_only,https://kind.krx.co.kr/disclosure/etfisudetail.do?method=searchEftIsuDetail&isuCd=KR7333980001,,,,,,,,
inventory_334690,334690,RISE 팔라듐선물(H),unclassified,unclassified,1.0,2019-09-24,,active,,inventory_only,https://data.krx.co.kr/comm/bldAttendant/getJsonData.cmd?bld=dbms/MDC/STAT/standard/MDCSTAT04601,,,,,,,,
inventory_334700,334700,RISE 팔라듐선물인버스(H),unclassified,unclassified,1.0,2019-09-24,,active,,inventory_only,https://data.krx.co.kr/comm/bldAttendant/getJsonData.cmd?bld=dbms/MDC/STAT/standard/MDCSTAT04601,,,,,,,,
inventory_336160,336160,RISE 금융채액티브,unclassified,unclassified,1.0,2019-10-29,,active,,inventory_only,https://kind.krx.co.kr/disclosure/etfisudetail.do?method=searchEftIsuDetail&isuCd=KR7336160007,,,,,,,,
inventory_337120,337120,KODEX 멀티팩터,unclassified,unclassified,1.0,2019-11-14,,active,,inventory_only,https://kind.krx.co.kr/disclosure/etfisudetail.do?method=searchEftIsuDetail&isuCd=KR7337120000,,,,,,,,
inventory_337140,337140,KODEX 코스피대형주,unclassified,unclassified,1.0,2019-11-14,,active,,inventory_only,https://data.krx.co.kr/comm/bldAttendant/getJsonData.cmd?bld=dbms/MDC/STAT/standard/MDCSTAT04601,,,,,,,,
inventory_337150,337150,KODEX 200exTOP,unclassified,unclassified,1.0,2019-11-14,,active,,inventory_only,https://kind.krx.co.kr/disclosure/etfisudetail.do?method=searchEftIsuDetail&isuCd=KR7337150007,,,,,,,,
inventory_337160,337160,KODEX 200ESG,unclassified,unclassified,1.0,2019-11-14,,active,,inventory_only,https://kind.krx.co.kr/disclosure/etfisudetail.do?method=searchEftIsuDetail&isuCd=KR7337160006,,,,,,,,
inventory_341850,341850,TIGER 리츠부동산인프라채권,unclassified,unclassified,1.0,2020-05-22,,active,,inventory_only,https://data.krx.co.kr/comm/bldAttendant/getJsonData.cmd?bld=dbms/MDC/STAT/standard/MDCSTAT04601,,,,,,,,
inventory_342140,342140,ACE 싱가포르리츠채권혼합모닝스타,unclassified,unclassified,1.0,2019-12-27,2023-06-26,delisted,,inventory_only,https://kind.krx.co.kr/disclosure/etfisudetail.do?method=searchEftIsuDetail&isuCd=KR7342140001,,,,,,,,
inventory_342500,342500,KBSTAR KRX국채선물3년10년스티프너,unclassified,unclassified,1.0,2019-12-19,2021-12-20,delisted,,inventory_only,https://kind.krx.co.kr/disclosure/etfisudetail.do?method=searchEftIsuDetail&isuCd=KR7342500006,,,,,,,,
inventory_342600,342600,KBSTAR KRX국채선물3년10년스티프너2X,unclassified,unclassified,1.0,2019-12-19,2021-12-20,delisted,,inventory_only,https://kind.krx.co.kr/disclosure/etfisudetail.do?method=searchEftIsuDetail&isuCd=KR7342600004,,,,,,,,
inventory_342610,342610,KBSTAR KRX국채선물3년10년플래트너,unclassified,unclassified,1.0,2019-12-19,2021-12-20,delisted,,inventory_only,https://kind.krx.co.kr/disclosure/etfisudetail.do?method=searchEftIsuDetail&isuCd=KR7342610003,,,,,,,,
inventory_342620,342620,KBSTAR KRX국채선물3년10년플래트너2X,unclassified,unclassified,1.0,2019-12-19,2021-12-20,delisted,,inventory_only,https://kind.krx.co.kr/disclosure/etfisudetail.do?method=searchEftIsuDetail&isuCd=KR7342620002,,,,,,,,
inventory_346000,346000,HANARO KAP초장기국고채,unclassified,unclassified,1.0,2020-01-16,2025-11-05,delisted,,inventory_only,https://kind.krx.co.kr/disclosure/etfisudetail.do?method=searchEftIsuDetail&isuCd=KR7346000003,,,,,,,,
inventory_352540,352540,KODEX 일본부동산리츠(H),unclassified,unclassified,1.0,2020-05-13,,active,,inventory_only,https://kind.krx.co.kr/disclosure/etfisudetail.do?method=searchEftIsuDetail&isuCd=KR7352540009,,,,,,,,
inventory_352560,352560,KODEX 미국부동산리츠(H),unclassified,unclassified,1.0,2020-05-13,,active,,inventory_only,https://kind.krx.co.kr/disclosure/etfisudetail.do?method=searchEftIsuDetail&isuCd=KR7352560007,,,,,,,,
inventory_354240,354240,RISE 미국고정배당우선증권,unclassified,unclassified,1.0,2020-05-19,,active,,inventory_only,https://data.krx.co.kr/comm/bldAttendant/getJsonData.cmd?bld=dbms/MDC/STAT/standard/MDCSTAT04601,,,,,,,,
inventory_354350,354350,HANARO 글로벌럭셔리S&P(합성),unclassified,unclassified,1.0,2020-05-12,,active,,inventory_only,https://kind.krx.co.kr/disclosure/etfisudetail.do?method=searchEftIsuDetail&isuCd=KR7354350001,,,,,,,,
inventory_354500,354500,ACE 코스닥150,unclassified,unclassified,1.0,2020-05-07,,active,,inventory_only,https://kind.krx.co.kr/disclosure/etfisudetail.do?method=searchEftIsuDetail&isuCd=KR7354500001,,,,,,,,
inventory_356540,356540,ACE 종합채권(AA-이상)액티브,unclassified,unclassified,1.0,2020-07-21,,active,,inventory_only,https://data.krx.co.kr/comm/bldAttendant/getJsonData.cmd?bld=dbms/MDC/STAT/standard/MDCSTAT04601,,,,,,,,
inventory_357870,357870,TIGER CD금리투자KIS(합성),unclassified,unclassified,1.0,2020-07-07,,active,,inventory_only,https://data.krx.co.kr/comm/bldAttendant/getJsonData.cmd?bld=dbms/MDC/STAT/standard/MDCSTAT04601,,,,,,,,
inventory_359210,359210,KODEX 코스피TR,unclassified,unclassified,1.0,2020-07-21,,active,,inventory_only,https://data.krx.co.kr/comm/bldAttendant/getJsonData.cmd?bld=dbms/MDC/STAT/standard/MDCSTAT04601,,,,,,,,
inventory_360140,360140,KODEX 200롱코스닥150숏선물,unclassified,unclassified,1.0,2020-08-21,,active,,inventory_only,https://kind.krx.co.kr/disclosure/etfisudetail.do?method=searchEftIsuDetail&isuCd=KR7360140008,,,,,,,,
inventory_360150,360150,KODEX 코스닥150롱코스피200숏선물,unclassified,unclassified,1.0,2020-08-21,,active,,inventory_only,https://data.krx.co.kr/comm/bldAttendant/getJsonData.cmd?bld=dbms/MDC/STAT/standard/MDCSTAT04601,,,,,,,,
inventory_360200,360200,ACE 미국S&P500,unclassified,unclassified,1.0,2020-08-07,,active,,inventory_only,https://kind.krx.co.kr/disclosure/etfisudetail.do?method=searchEftIsuDetail&isuCd=KR7360200000,,,,,,,,
inventory_360750,360750,TIGER 미국S&P500,unclassified,unclassified,1.0,2020-08-07,,active,,inventory_only,https://data.krx.co.kr/comm/bldAttendant/getJsonData.cmd?bld=dbms/MDC/STAT/standard/MDCSTAT04601,,,,,,,,
inventory_361580,361580,RISE 200TR,unclassified,unclassified,1.0,2020-08-21,,active,,inventory_only,https://data.krx.co.kr/comm/bldAttendant/getJsonData.cmd?bld=dbms/MDC/STAT/standard/MDCSTAT04601,,,,,,,,
inventory_361590,361590,KBSTAR 코스피ex200,unclassified,unclassified,1.0,2020-08-21,2022-04-20,delisted,,inventory_only,https://kind.krx.co.kr/disclosure/etfisudetail.do?method=searchEftIsuDetail&isuCd=KR7361590003,,,,,,,,
inventory_363510,363510,SOL KIS단기통안채,unclassified,unclassified,1.0,2020-09-09,,active,,inventory_only,https://data.krx.co.kr/comm/bldAttendant/getJsonData.cmd?bld=dbms/MDC/STAT/standard/MDCSTAT04601,,,,,,,,
inventory_363570,363570,KODEX 장기종합채권(AA-이상)액티브,unclassified,unclassified,1.0,2020-09-25,,active,,inventory_only,https://kind.krx.co.kr/disclosure/etfisudetail.do?method=searchEftIsuDetail&isuCd=KR7363570003,,,,,,,,
inventory_363580,363580,KODEX 200IT TR,unclassified,unclassified,1.0,2020-09-25,,active,,inventory_only,https://kind.krx.co.kr/disclosure/etfisudetail.do?method=searchEftIsuDetail&isuCd=KR7363580002,,,,,,,,
inventory_364690,364690,KODEX 혁신기술테마액티브,unclassified,unclassified,1.0,2020-09-29,,active,,inventory_only,https://data.krx.co.kr/comm/bldAttendant/getJsonData.cmd?bld=dbms/MDC/STAT/standard/MDCSTAT04601,,,,,,,,
inventory_364960,364960,TIGER BBIG,unclassified,unclassified,1.0,2020-10-07,,active,,inventory_only,https://data.krx.co.kr/comm/bldAttendant/getJsonData.cmd?bld=dbms/MDC/STAT/standard/MDCSTAT04601,,,,,,,,
inventory_364970,364970,TIGER 바이오TOP10,unclassified,unclassified,1.0,2020-10-07,,active,,inventory_only,https://data.krx.co.kr/comm/bldAttendant/getJsonData.cmd?bld=dbms/MDC/STAT/standard/MDCSTAT04601,,,,,,,,
inventory_364980,364980,TIGER 2차전지TOP10,unclassified,unclassified,1.0,2020-10-07,,active,,inventory_only,https://data.krx.co.kr/comm/bldAttendant/getJsonData.cmd?bld=dbms/MDC/STAT/standard/MDCSTAT04601,,,,,,,,
inventory_364990,364990,TIGER 게임TOP10,unclassified,unclassified,1.0,2020-10-07,,active,,inventory_only,https://data.krx.co.kr/comm/bldAttendant/getJsonData.cmd?bld=dbms/MDC/STAT/standard/MDCSTAT04601,,,,,,,,
inventory_365000,365000,TIGER 인터넷TOP10,unclassified,unclassified,1.0,2020-10-07,,active,,inventory_only,https://kind.krx.co.kr/disclosure/etfisudetail.do?method=searchEftIsuDetail&isuCd=KR7365000009,,,,,,,,
inventory_365040,365040,TIGER AI코리아그로스액티브,unclassified,unclassified,1.0,2020-09-29,,active,,inventory_only,https://data.krx.co.kr/comm/bldAttendant/getJsonData.cmd?bld=dbms/MDC/STAT/standard/MDCSTAT04601,,,,,,,,
inventory_365780,365780,ACE 국고채10년,unclassified,unclassified,1.0,2020-10-15,,active,,inventory_only,https://kind.krx.co.kr/disclosure/etfisudetail.do?method=searchEftIsuDetail&isuCd=KR7365780006,,,,,,,,
inventory_367380,367380,ACE 미국나스닥100,unclassified,unclassified,1.0,2020-10-29,,active,,inventory_only,https://kind.krx.co.kr/disclosure/etfisudetail.do?method=searchEftIsuDetail&isuCd=KR7367380003,,,,,,,,
inventory_367740,367740,HANARO Fn5G산업,unclassified,unclassified,1.0,2020-10-29,,active,,inventory_only,https://data.krx.co.kr/comm/bldAttendant/getJsonData.cmd?bld=dbms/MDC/STAT/standard/MDCSTAT04601,,,,,,,,
inventory_367760,367760,RISE 네트워크인프라,unclassified,unclassified,1.0,2020-10-29,,active,,inventory_only,https://data.krx.co.kr/comm/bldAttendant/getJsonData.cmd?bld=dbms/MDC/STAT/standard/MDCSTAT04601,,,,,,,,
inventory_367770,367770,RISE 수소경제테마,unclassified,unclassified,1.0,2020-10-29,,active,,inventory_only,https://data.krx.co.kr/comm/bldAttendant/getJsonData.cmd?bld=dbms/MDC/STAT/standard/MDCSTAT04601,,,,,,,,
inventory_368190,368190,HANARO Fn K-뉴딜디지털플러스,unclassified,unclassified,1.0,2020-11-10,,active,,inventory_only,https://kind.krx.co.kr/disclosure/etfisudetail.do?method=searchEftIsuDetail&isuCd=KR7368190005,,,,,,,,
inventory_368200,368200,KBSTAR Fn K-뉴딜디지털플러스,unclassified,unclassified,1.0,2020-11-10,2024-04-26,delisted,,inventory_only,https://kind.krx.co.kr/disclosure/etfisudetail.do?method=searchEftIsuDetail&isuCd=KR7368200002,,,,,,,,
inventory_368470,368470,KINDEX Fn K-뉴딜디지털플러스,unclassified,unclassified,1.0,2020-11-10,2022-09-16,delisted,,inventory_only,https://kind.krx.co.kr/disclosure/etfisudetail.do?method=searchEftIsuDetail&isuCd=KR7368470001,,,,,,,,
inventory_368590,368590,RISE 미국나스닥100,unclassified,unclassified,1.0,2020-11-06,,active,,inventory_only,https://data.krx.co.kr/comm/bldAttendant/getJsonData.cmd?bld=dbms/MDC/STAT/standard/MDCSTAT04601,,,,,,,,
inventory_368680,368680,KODEX K-뉴딜디지털플러스,unclassified,unclassified,1.0,2020-11-10,,active,,inventory_only,https://kind.krx.co.kr/disclosure/etfisudetail.do?method=searchEftIsuDetail&isuCd=KR7368680005,,,,,,,,
inventory_371130,371130,ACE 베트남VN30선물블룸버그레버리지(H),unclassified,unclassified,1.0,2020-11-25,2024-12-18,delisted,,inventory_only,https://kind.krx.co.kr/disclosure/etfisudetail.do?method=searchEftIsuDetail&isuCd=KR7371130006,,,,,,,,
inventory_371150,371150,RISE 차이나항셍테크,unclassified,unclassified,1.0,2020-12-16,,active,,inventory_only,https://kind.krx.co.kr/disclosure/etfisudetail.do?method=searchEftIsuDetail&isuCd=KR7371150004,,,,,,,,
inventory_371160,371160,TIGER 차이나항셍테크,unclassified,unclassified,1.0,2020-12-16,,active,,inventory_only,https://data.krx.co.kr/comm/bldAttendant/getJsonData.cmd?bld=dbms/MDC/STAT/standard/MDCSTAT04601,,,,,,,,
inventory_371450,371450,TIGER 글로벌클라우드컴퓨팅INDXX,unclassified,unclassified,1.0,2020-12-08,,active,,inventory_only,https://data.krx.co.kr/comm/bldAttendant/getJsonData.cmd?bld=dbms/MDC/STAT/standard/MDCSTAT04601,,,,,,,,
inventory_371460,371460,TIGER 차이나전기차SOLACTIVE,unclassified,unclassified,1.0,2020-12-08,,active,,inventory_only,https://data.krx.co.kr/comm/bldAttendant/getJsonData.cmd?bld=dbms/MDC/STAT/standard/MDCSTAT04601,,,,,,,,
inventory_371470,371470,TIGER 차이나바이오테크SOLACTIVE,unclassified,unclassified,1.0,2020-12-08,,active,,inventory_only,https://data.krx.co.kr/comm/bldAttendant/getJsonData.cmd?bld=dbms/MDC/STAT/standard/MDCSTAT04601,,,,,,,,
inventory_371870,371870,ACE 차이나항셍테크,unclassified,unclassified,1.0,2020-12-16,,active,,inventory_only,https://kind.krx.co.kr/disclosure/etfisudetail.do?method=searchEftIsuDetail&isuCd=KR7371870007,,,,,,,,
inventory_372330,372330,KODEX 차이나항셍테크,unclassified,unclassified,1.0,2020-12-16,,active,,inventory_only,https://data.krx.co.kr/comm/bldAttendant/getJsonData.cmd?bld=dbms/MDC/STAT/standard/MDCSTAT04601,,,,,,,,
inventory_373490,373490,KODEX 코리아혁신성장액티브,unclassified,unclassified,1.0,2020-12-24,,active,,inventory_only,https://data.krx.co.kr/comm/bldAttendant/getJsonData.cmd?bld=dbms/MDC/STAT/standard/MDCSTAT04601,,,,,,,,
inventory_373530,373530,PLUS 신흥국MSCI인버스(합성 H),unclassified,unclassified,1.0,2020-12-16,2025-12-19,delisted,,inventory_only,https://kind.krx.co.kr/disclosure/etfisudetail.do?method=searchEftIsuDetail&isuCd=KR7373530005,,,,,,,,
inventory_373790,373790,KIWOOM 미국방어배당성장나스닥,unclassified,unclassified,1.0,2020-12-24,,active,,inventory_only,https://kind.krx.co.kr/disclosure/etfisudetail.do?method=searchEftIsuDetail&isuCd=KR7373790005,,,,,,,,
inventory_375270,375270,RISE 글로벌데이터센터리츠(합성),unclassified,unclassified,1.0,2021-01-14,,active,,inventory_only,https://data.krx.co.kr/comm/bldAttendant/getJsonData.cmd?bld=dbms/MDC/STAT/standard/MDCSTAT04601,,,,,,,,
inventory_375760,375760,HANARO 탄소효율그린뉴딜,unclassified,unclassified,1.0,2021-02-05,,active,,inventory_only,https://kind.krx.co.kr/disclosure/etfisudetail.do?method=searchEftIsuDetail&isuCd=KR7375760006,,,,,,,,
inventory_375770,375770,KODEX 탄소효율그린뉴딜,unclassified,unclassified,1.0,2021-02-05,,active,,inventory_only,https://data.krx.co.kr/comm/bldAttendant/getJsonData.cmd?bld=dbms/MDC/STAT/standard/MDCSTAT04601,,,,,,,,
inventory_376250,376250,ARIRANG 탄소효율그린뉴딜,unclassified,unclassified,1.0,2021-02-05,2023-06-26,delisted,,inventory_only,https://kind.krx.co.kr/disclosure/etfisudetail.do?method=searchEftIsuDetail&isuCd=KR7376250007,,,,,,,,
inventory_376410,376410,TIGER 탄소효율그린뉴딜,unclassified,unclassified,1.0,2021-02-05,,active,,inventory_only,https://data.krx.co.kr/comm/bldAttendant/getJsonData.cmd?bld=dbms/MDC/STAT/standard/MDCSTAT04601,,,,,,,,
inventory_377990,377990,TIGER Fn신재생에너지,unclassified,unclassified,1.0,2021-03-05,,active,,inventory_only,https://data.krx.co.kr/comm/bldAttendant/getJsonData.cmd?bld=dbms/MDC/STAT/standard/MDCSTAT04601,,,,,,,,
inventory_379780,379780,RISE 미국S&P500,unclassified,unclassified,1.0,2021-04-09,,active,,inventory_only,https://data.krx.co.kr/comm/bldAttendant/getJsonData.cmd?bld=dbms/MDC/STAT/standard/MDCSTAT04601,,,,,,,,
inventory_379790,379790,RISE 유로스탁스50(H),unclassified,unclassified,1.0,2021-04-09,,active,,inventory_only,https://kind.krx.co.kr/disclosure/etfisudetail.do?method=searchEftIsuDetail&isuCd=KR7379790009,,,,,,,,
inventory_379800,379800,KODEX 미국S&P500,unclassified,unclassified,1.0,2021-04-09,,active,,inventory_only,https://kind.krx.co.kr/disclosure/etfisudetail.do?method=searchEftIsuDetail&isuCd=KR7379800006,,,,,,,,
inventory_379810,379810,KODEX 미국나스닥100,unclassified,unclassified,1.0,2021-04-09,,active,,inventory_only,https://kind.krx.co.kr/disclosure/etfisudetail.do?method=searchEftIsuDetail&isuCd=KR7379810005,,,,,,,,
inventory_380340,380340,ACE 코리아AI테크핵심산업,unclassified,unclassified,1.0,2021-04-02,,active,,inventory_only,https://kind.krx.co.kr/disclosure/etfisudetail.do?method=searchEftIsuDetail&isuCd=KR7380340000,,,,,,,,
inventory_381170,381170,TIGER 미국테크TOP10 INDXX,unclassified,unclassified,1.0,2021-04-09,,active,,inventory_only,https://data.krx.co.kr/comm/bldAttendant/getJsonData.cmd?bld=dbms/MDC/STAT/standard/MDCSTAT04601,,,,,,,,
inventory_381180,381180,TIGER 미국필라델피아반도체나스닥,unclassified,unclassified,1.0,2021-04-09,,active,,inventory_only,https://kind.krx.co.kr/disclosure/etfisudetail.do?method=searchEftIsuDetail&isuCd=KR7381180009,,,,,,,,
inventory_381560,381560,HANARO Fn전기&수소차,unclassified,unclassified,1.0,2021-04-02,,active,,inventory_only,https://kind.krx.co.kr/disclosure/etfisudetail.do?method=searchEftIsuDetail&isuCd=KR7381560002,,,,,,,,
inventory_381570,381570,HANARO Fn친환경에너지,unclassified,unclassified,1.0,2021-04-02,,active,,inventory_only,https://kind.krx.co.kr/disclosure/etfisudetail.do?method=searchEftIsuDetail&isuCd=KR7381570001,,,,,,,,
inventory_385510,385510,KODEX 신재생에너지액티브,unclassified,unclassified,1.0,2021-05-25,,active,,inventory_only,https://kind.krx.co.kr/disclosure/etfisudetail.do?method=searchEftIsuDetail&isuCd=KR7385510003,,,,,,,,
inventory_385520,385520,KODEX 자율주행액티브,unclassified,unclassified,1.0,2021-05-25,,active,,inventory_only,https://data.krx.co.kr/comm/bldAttendant/getJsonData.cmd?bld=dbms/MDC/STAT/standard/MDCSTAT04601,,,,,,,,
inventory_385540,385540,RISE 종합채권(A-이상)액티브,unclassified,unclassified,1.0,2021-05-26,,active,,inventory_only,https://data.krx.co.kr/comm/bldAttendant/getJsonData.cmd?bld=dbms/MDC/STAT/standard/MDCSTAT04601,,,,,,,,
inventory_385550,385550,RISE 단기채권알파액티브,unclassified,unclassified,1.0,2021-05-26,,active,,inventory_only,https://data.krx.co.kr/comm/bldAttendant/getJsonData.cmd?bld=dbms/MDC/STAT/standard/MDCSTAT04601,,,,,,,,
inventory_385560,385560,RISE KIS국고채30년Enhanced,unclassified,unclassified,1.0,2021-05-26,,active,,inventory_only,https://kind.krx.co.kr/disclosure/etfisudetail.do?method=searchEftIsuDetail&isuCd=KR7385560008,,,,,,,,
inventory_385590,385590,ACE ESG액티브,unclassified,unclassified,1.0,2021-05-25,,active,,inventory_only,https://kind.krx.co.kr/disclosure/etfisudetail.do?method=searchEftIsuDetail&isuCd=KR7385590005,,,,,,,,
inventory_385600,385600,ACE 2차전지&친환경차액티브,unclassified,unclassified,1.0,2021-05-25,,active,,inventory_only,https://kind.krx.co.kr/disclosure/etfisudetail.do?method=searchEftIsuDetail&isuCd=KR7385600002,,,,,,,,
inventory_385710,385710,TIME K이노베이션액티브,unclassified,unclassified,1.0,2021-05-25,,active,,inventory_only,https://data.krx.co.kr/comm/bldAttendant/getJsonData.cmd?bld=dbms/MDC/STAT/standard/MDCSTAT04601,,,,,,,,
inventory_385720,385720,TIME 코스피액티브,unclassified,unclassified,1.0,2021-05-25,,active,,inventory_only,https://kind.krx.co.kr/disclosure/etfisudetail.do?method=searchEftIsuDetail&isuCd=KR7385720008,,,,,,,,
inventory_387270,387270,TIGER 글로벌이노베이션액티브,unclassified,unclassified,1.0,2021-05-25,,active,,inventory_only,https://data.krx.co.kr/comm/bldAttendant/getJsonData.cmd?bld=dbms/MDC/STAT/standard/MDCSTAT04601,,,,,,,,
inventory_387280,387280,TIGER 퓨처모빌리티액티브,unclassified,unclassified,1.0,2021-05-25,,active,,inventory_only,https://data.krx.co.kr/comm/bldAttendant/getJsonData.cmd?bld=dbms/MDC/STAT/standard/MDCSTAT04601,,,,,,,,
inventory_388280,388280,RISE K엔터&여행레저,unclassified,unclassified,1.0,2021-06-10,,active,,inventory_only,https://data.krx.co.kr/comm/bldAttendant/getJsonData.cmd?bld=dbms/MDC/STAT/standard/MDCSTAT04601,,,,,,,,
inventory_388420,388420,RISE 비메모리반도체액티브,unclassified,unclassified,1.0,2021-06-10,,active,,inventory_only,https://kind.krx.co.kr/disclosure/etfisudetail.do?method=searchEftIsuDetail&isuCd=KR7388420002,,,,,,,,
inventory_390390,390390,KODEX 미국반도체,unclassified,unclassified,1.0,2021-06-30,,active,,inventory_only,https://data.krx.co.kr/comm/bldAttendant/getJsonData.cmd?bld=dbms/MDC/STAT/standard/MDCSTAT04601,,,,,,,,
inventory_390400,390400,KODEX 미국스마트모빌리티S&P,unclassified,unclassified,1.0,2021-06-30,,active,,inventory_only,https://kind.krx.co.kr/disclosure/etfisudetail.do?method=searchEftIsuDetail&isuCd=KR7390400000,,,,,,,,
inventory_390950,390950,HANARO 단기채권액티브,unclassified,unclassified,1.0,2021-06-25,2025-03-26,delisted,,inventory_only,https://kind.krx.co.kr/disclosure/etfisudetail.do?method=searchEftIsuDetail&isuCd=KR7390950004,,,,,,,,
inventory_391590,391590,ACE 미국스팩&IPO INDXX,unclassified,unclassified,1.0,2021-08-05,2024-07-24,delisted,,inventory_only,https://kind.krx.co.kr/disclosure/etfisudetail.do?method=searchEftIsuDetail&isuCd=KR7391590007,,,,,,,,
inventory_391600,391600,ACE 미국친환경그린테마,unclassified,unclassified,1.0,2021-08-05,,active,,inventory_only,https://kind.krx.co.kr/disclosure/etfisudetail.do?method=searchEftIsuDetail&isuCd=KR7391600004,,,,,,,,
inventory_391670,391670,HK 베스트일레븐액티브,unclassified,unclassified,1.0,2021-07-06,,active,,inventory_only,https://kind.krx.co.kr/disclosure/etfisudetail.do?method=searchEftIsuDetail&isuCd=KR7391670007,,,,,,,,
inventory_391680,391680,HK 하이볼액티브,unclassified,unclassified,1.0,2021-07-06,2024-12-10,delisted,,inventory_only,https://kind.krx.co.kr/disclosure/etfisudetail.do?method=searchEftIsuDetail&isuCd=KR7391680006,,,,,,,,
inventory_394340,394340,KOSEF 글로벌디지털경제,unclassified,unclassified,1.0,2021-07-20,2024-11-06,delisted,,inventory_only,https://kind.krx.co.kr/disclosure/etfisudetail.do?method=searchEftIsuDetail&isuCd=KR7394340004,,,,,,,,
inventory_394350,394350,KIWOOM 글로벌퓨처모빌리티,unclassified,unclassified,1.0,2021-07-20,2026-03-26,delisted,,inventory_only,https://kind.krx.co.kr/disclosure/etfisudetail.do?method=searchEftIsuDetail&isuCd=KR7394350003,,,,,,,,
inventory_394660,394660,TIGER 글로벌자율주행&전기차SOLACTIVE,unclassified,unclassified,1.0,2021-07-20,,active,,inventory_only,https://data.krx.co.kr/comm/bldAttendant/getJsonData.cmd?bld=dbms/MDC/STAT/standard/MDCSTAT04601,,,,,,,,
inventory_394670,394670,TIGER 글로벌리튬&2차전지SOLACTIVE(합성),unclassified,unclassified,1.0,2021-07-20,,active,,inventory_only,https://kind.krx.co.kr/disclosure/etfisudetail.do?method=searchEftIsuDetail&isuCd=KR7394670004,,,,,,,,
inventory_395150,395150,KODEX 웹툰&드라마,unclassified,unclassified,1.0,2021-07-30,,active,,inventory_only,https://kind.krx.co.kr/disclosure/etfisudetail.do?method=searchEftIsuDetail&isuCd=KR7395150006,,,,,,,,
inventory_395160,395160,KODEX AI반도체TOP2플러스,unclassified,unclassified,1.0,2021-07-30,,active,,inventory_only,https://kind.krx.co.kr/disclosure/etfisudetail.do?method=searchEftIsuDetail&isuCd=KR7395160005,,,,,,,,
inventory_395170,395170,KODEX Top10동일가중,unclassified,unclassified,1.0,2021-07-30,,active,,inventory_only,https://data.krx.co.kr/comm/bldAttendant/getJsonData.cmd?bld=dbms/MDC/STAT/standard/MDCSTAT04601,,,,,,,,
inventory_395270,395270,HANARO Fn K-반도체,unclassified,unclassified,1.0,2021-07-30,,active,,inventory_only,https://kind.krx.co.kr/disclosure/etfisudetail.do?method=searchEftIsuDetail&isuCd=KR7395270002,,,,,,,,
inventory_395280,395280,HANARO Fn K-게임,unclassified,unclassified,1.0,2021-07-30,,active,,inventory_only,https://kind.krx.co.kr/disclosure/etfisudetail.do?method=searchEftIsuDetail&isuCd=KR7395280001,,,,,,,,
inventory_395290,395290,HANARO Fn K-POP&미디어,unclassified,unclassified,1.0,2021-07-30,,active,,inventory_only,https://kind.krx.co.kr/disclosure/etfisudetail.do?method=searchEftIsuDetail&isuCd=KR7395290000,,,,,,,,
inventory_395750,395750,PLUS ESG가치주액티브,unclassified,unclassified,1.0,2021-07-30,,active,,inventory_only,https://data.krx.co.kr/comm/bldAttendant/getJsonData.cmd?bld=dbms/MDC/STAT/standard/MDCSTAT04601,,,,,,,,
inventory_395760,395760,PLUS ESG성장주액티브,unclassified,unclassified,1.0,2021-07-30,,active,,inventory_only,https://data.krx.co.kr/comm/bldAttendant/getJsonData.cmd?bld=dbms/MDC/STAT/standard/MDCSTAT04601,,,,,,,,
inventory_396500,396500,TIGER 반도체TOP10,unclassified,unclassified,1.0,2021-08-10,,active,,inventory_only,https://kind.krx.co.kr/disclosure/etfisudetail.do?method=searchEftIsuDetail&isuCd=KR7396500001,,,,,,,,
inventory_396510,396510,TIGER 차이나클린에너지SOLACTIVE,unclassified,unclassified,1.0,2021-08-10,,active,,inventory_only,https://data.krx.co.kr/comm/bldAttendant/getJsonData.cmd?bld=dbms/MDC/STAT/standard/MDCSTAT04601,,,,,,,,
inventory_396520,396520,TIGER 차이나반도체FACTSET,unclassified,unclassified,1.0,2021-08-10,,active,,inventory_only,https://data.krx.co.kr/comm/bldAttendant/getJsonData.cmd?bld=dbms/MDC/STAT/standard/MDCSTAT04601,,,,,,,,
inventory_397410,397410,RISE 국채선물5년추종인버스,unclassified,unclassified,1.0,2021-08-31,2025-05-22,delisted,,inventory_only,https://kind.krx.co.kr/disclosure/etfisudetail.do?method=searchEftIsuDetail&isuCd=KR7397410002,,,,,,,,
inventory_397420,397420,RISE 국채선물5년추종,unclassified,unclassified,1.0,2021-08-31,2026-08-20,delisted,,inventory_only,https://kind.krx.co.kr/disclosure/etfisudetail.do?method=searchEftIsuDetail&isuCd=KR7397420001,,,,,,,,
inventory_399110,399110,SOL 미국S&P500ESG,unclassified,unclassified,1.0,2021-09-14,,active,,inventory_only,https://data.krx.co.kr/comm/bldAttendant/getJsonData.cmd?bld=dbms/MDC/STAT/standard/MDCSTAT04601,,,,,,,,
inventory_399580,399580,RISE 글로벌클린에너지,unclassified,unclassified,1.0,2021-10-21,,active,,inventory_only,https://kind.krx.co.kr/disclosure/etfisudetail.do?method=searchEftIsuDetail&isuCd=KR7399580000,,,,,,,,
inventory_400570,400570,KODEX 유럽탄소배출권선물ICE(H),unclassified,unclassified,1.0,2021-09-30,,active,,inventory_only,https://kind.krx.co.kr/disclosure/etfisudetail.do?method=searchEftIsuDetail&isuCd=KR7400570008,,,,,,,,
inventory_400580,400580,SOL 유럽탄소배출권선물S&P(H),unclassified,unclassified,1.0,2021-09-30,,active,,inventory_only,https://data.krx.co.kr/comm/bldAttendant/getJsonData.cmd?bld=dbms/MDC/STAT/standard/MDCSTAT04601,,,,,,,,
inventory_400590,400590,SOL 글로벌탄소배출권선물ICE(합성),unclassified,unclassified,1.0,2021-09-30,,active,,inventory_only,https://data.krx.co.kr/comm/bldAttendant/getJsonData.cmd?bld=dbms/MDC/STAT/standard/MDCSTAT04601,,,,,,,,
inventory_400970,400970,TIGER Fn메타버스,unclassified,unclassified,1.0,2021-10-13,,active,,inventory_only,https://data.krx.co.kr/comm/bldAttendant/getJsonData.cmd?bld=dbms/MDC/STAT/standard/MDCSTAT04601,,,,,,,,
inventory_401170,401170,RISE 메타버스,unclassified,unclassified,1.0,2021-10-13,,active,,inventory_only,https://data.krx.co.kr/comm/bldAttendant/getJsonData.cmd?bld=dbms/MDC/STAT/standard/MDCSTAT04601,,,,,,,,
inventory_401470,401470,KODEX 메타버스액티브,unclassified,unclassified,1.0,2021-10-13,,active,,inventory_only,https://kind.krx.co.kr/disclosure/etfisudetail.do?method=searchEftIsuDetail&isuCd=KR7401470000,,,,,,,,
inventory_401590,401590,HANARO 글로벌탄소배출권선물ICE(합성),unclassified,unclassified,1.0,2021-09-30,,active,,inventory_only,https://kind.krx.co.kr/disclosure/etfisudetail.do?method=searchEftIsuDetail&isuCd=KR7401590005,,,,,,,,
inventory_402460,402460,HANARO Fn K-메타버스MZ,unclassified,unclassified,1.0,2021-10-13,,active,,inventory_only,https://kind.krx.co.kr/disclosure/etfisudetail.do?method=searchEftIsuDetail&isuCd=KR7402460000,,,,,,,,
inventory_402520,402520,FOCUS 혁신기업액티브,unclassified,unclassified,1.0,2021-09-30,2024-09-04,delisted,,inventory_only,https://kind.krx.co.kr/disclosure/etfisudetail.do?method=searchEftIsuDetail&isuCd=KR7402520001,,,,,,,,
inventory_402970,402970,ACE 미국배당다우존스,unclassified,unclassified,1.0,2021-10-21,,active,,inventory_only,https://kind.krx.co.kr/disclosure/etfisudetail.do?method=searchEftIsuDetail&isuCd=KR7402970008,,,,,,,,
inventory_403790,403790,MIDAS 코스피액티브,unclassified,unclassified,1.0,2021-10-13,,active,,inventory_only,https://kind.krx.co.kr/disclosure/etfisudetail.do?method=searchEftIsuDetail&isuCd=KR7403790009,,,,,,,,
inventory_403990,403990,KBSTAR KRX기후변화솔루션,unclassified,unclassified,1.0,2021-10-29,2024-06-26,delisted,,inventory_only,https://kind.krx.co.kr/disclosure/etfisudetail.do?method=searchEftIsuDetail&isuCd=KR7403990005,,,,,,,,
inventory_404120,404120,TIME K신재생에너지액티브,unclassified,unclassified,1.0,2021-10-29,,active,,inventory_only,https://data.krx.co.kr/comm/bldAttendant/getJsonData.cmd?bld=dbms/MDC/STAT/standard/MDCSTAT04601,,,,,,,,
inventory_404260,404260,KODEX 기후변화솔루션,unclassified,unclassified,1.0,2021-10-29,,active,,inventory_only,https://data.krx.co.kr/comm/bldAttendant/getJsonData.cmd?bld=dbms/MDC/STAT/standard/MDCSTAT04601,,,,,,,,
inventory_404470,404470,HANARO KRX기후변화솔루션,unclassified,unclassified,1.0,2021-10-29,2024-09-11,delisted,,inventory_only,https://kind.krx.co.kr/disclosure/etfisudetail.do?method=searchEftIsuDetail&isuCd=KR7404470007,,,,,,,,
inventory_404540,404540,TIGER KRX기후변화솔루션,unclassified,unclassified,1.0,2021-10-29,,active,,inventory_only,https://data.krx.co.kr/comm/bldAttendant/getJsonData.cmd?bld=dbms/MDC/STAT/standard/MDCSTAT04601,,,,,,,,
inventory_404650,404650,SOL KRX기후변화솔루션,unclassified,unclassified,1.0,2021-10-29,,active,,inventory_only,https://data.krx.co.kr/comm/bldAttendant/getJsonData.cmd?bld=dbms/MDC/STAT/standard/MDCSTAT04601,,,,,,,,
inventory_407160,407160,KCGI 테크미디어텔레콤액티브,unclassified,unclassified,1.0,2021-11-16,2025-09-18,delisted,,inventory_only,https://kind.krx.co.kr/disclosure/etfisudetail.do?method=searchEftIsuDetail&isuCd=KR7407160001,,,,,,,,
inventory_407170,407170,KCGI 스마트커머스액티브,unclassified,unclassified,1.0,2021-11-16,2025-09-18,delisted,,inventory_only,https://kind.krx.co.kr/disclosure/etfisudetail.do?method=searchEftIsuDetail&isuCd=KR7407170000,,,,,,,,
inventory_407300,407300,HANARO Fn골프테마,unclassified,unclassified,1.0,2021-11-24,,active,,inventory_only,https://kind.krx.co.kr/disclosure/etfisudetail.do?method=searchEftIsuDetail&isuCd=KR7407300003,,,,,,,,
inventory_407310,407310,HANARO 200 TOP10,unclassified,unclassified,1.0,2021-11-24,,active,,inventory_only,https://kind.krx.co.kr/disclosure/etfisudetail.do?method=searchEftIsuDetail&isuCd=KR7407310002,,,,,,,,
inventory_407820,407820,에셋플러스 코리아플랫폼액티브,unclassified,unclassified,1.0,2021-11-16,,active,,inventory_only,https://kind.krx.co.kr/disclosure/etfisudetail.do?method=searchEftIsuDetail&isuCd=KR7407820000,,,,,,,,
inventory_407830,407830,에셋플러스 글로벌플랫폼액티브,unclassified,unclassified,1.0,2021-11-16,,active,,inventory_only,https://kind.krx.co.kr/disclosure/etfisudetail.do?method=searchEftIsuDetail&isuCd=KR7407830009,,,,,,,,
inventory_409810,409810,KODEX 미국나스닥100선물인버스(H),unclassified,unclassified,1.0,2021-12-09,,active,,inventory_only,https://kind.krx.co.kr/disclosure/etfisudetail.do?method=searchEftIsuDetail&isuCd=KR7409810009,,,,,,,,
inventory_409820,409820,KODEX 미국나스닥100레버리지(합성 H),unclassified,unclassified,1.0,2021-12-09,,active,,inventory_only,https://kind.krx.co.kr/disclosure/etfisudetail.do?method=searchEftIsuDetail&isuCd=KR7409820008,,,,,,,,
inventory_410870,410870,TIME K컬처액티브,unclassified,unclassified,1.0,2021-12-15,,active,,inventory_only,https://data.krx.co.kr/comm/bldAttendant/getJsonData.cmd?bld=dbms/MDC/STAT/standard/MDCSTAT04601,,,,,,,,
inventory_411050,411050,ACE 글로벌메타버스테크액티브,unclassified,unclassified,1.0,2021-12-22,2025-08-18,delisted,,inventory_only,https://kind.krx.co.kr/disclosure/etfisudetail.do?method=searchEftIsuDetail&isuCd=KR7411050008,,,,,,,,
inventory_411060,411060,ACE KRX금현물,unclassified,unclassified,1.0,2021-12-15,,active,,inventory_only,https://kind.krx.co.kr/disclosure/etfisudetail.do?method=searchEftIsuDetail&isuCd=KR7411060007,,,,,,,,
inventory_411420,411420,KODEX 미국나스닥AI테크액티브,unclassified,unclassified,1.0,2021-12-22,,active,,inventory_only,https://data.krx.co.kr/comm/bldAttendant/getJsonData.cmd?bld=dbms/MDC/STAT/standard/MDCSTAT04601,,,,,,,,
inventory_411540,411540,SOL 200 Top10,unclassified,unclassified,1.0,2021-12-09,,active,,inventory_only,https://data.krx.co.kr/comm/bldAttendant/getJsonData.cmd?bld=dbms/MDC/STAT/standard/MDCSTAT04601,,,,,,,,
inventory_411720,411720,RISE 글로벌메타버스,unclassified,unclassified,1.0,2021-12-22,2025-01-22,delisted,,inventory_only,https://kind.krx.co.kr/disclosure/etfisudetail.do?method=searchEftIsuDetail&isuCd=KR7411720006,,,,,,,,
inventory_411860,411860,KIWOOM 독일DAX,unclassified,unclassified,1.0,2021-12-22,,active,,inventory_only,https://kind.krx.co.kr/disclosure/etfisudetail.do?method=searchEftIsuDetail&isuCd=KR7411860000,,,,,,,,
inventory_412560,412560,TIGER BBIG레버리지,unclassified,unclassified,1.0,2021-12-15,,active,,inventory_only,https://kind.krx.co.kr/disclosure/etfisudetail.do?method=searchEftIsuDetail&isuCd=KR7412560005,,,,,,,,
inventory_412570,412570,TIGER 2차전지TOP10레버리지,unclassified,unclassified,1.0,2021-12-15,,active,,inventory_only,https://data.krx.co.kr/comm/bldAttendant/getJsonData.cmd?bld=dbms/MDC/STAT/standard/MDCSTAT04601,,,,,,,,
inventory_412770,412770,TIGER 글로벌AI플랫폼액티브,unclassified,unclassified,1.0,2021-12-22,,active,,inventory_only,https://data.krx.co.kr/comm/bldAttendant/getJsonData.cmd?bld=dbms/MDC/STAT/standard/MDCSTAT04601,,,,,,,,
inventory_413220,413220,SOL 차이나태양광CSI(합성),unclassified,unclassified,1.0,2021-12-22,,active,,inventory_only,https://data.krx.co.kr/comm/bldAttendant/getJsonData.cmd?bld=dbms/MDC/STAT/standard/MDCSTAT04601,,,,,,,,
inventory_413930,413930,WON AI ESG액티브,unclassified,unclassified,1.0,2022-01-05,,active,,inventory_only,https://kind.krx.co.kr/disclosure/etfisudetail.do?method=searchEftIsuDetail&isuCd=KR7413930009,,,,,,,,
inventory_414270,414270,ACE 글로벌자율주행액티브,unclassified,unclassified,1.0,2022-02-15,,active,,inventory_only,https://kind.krx.co.kr/disclosure/etfisudetail.do?method=searchEftIsuDetail&isuCd=KR7414270009,,,,,,,,
inventory_414780,414780,TIGER 차이나과창판STAR50(합성),unclassified,unclassified,1.0,2022-01-13,,active,,inventory_only,https://data.krx.co.kr/comm/bldAttendant/getJsonData.cmd?bld=dbms/MDC/STAT/standard/MDCSTAT04601,,,,,,,,
inventory_415340,415340,KODEX 차이나과창판STAR50(합성),unclassified,unclassified,1.0,2022-01-13,,active,,inventory_only,https://kind.krx.co.kr/disclosure/etfisudetail.do?method=searchEftIsuDetail&isuCd=KR7415340009,,,,,,,,
inventory_415760,415760,SOL 차이나육성산업액티브(합성),unclassified,unclassified,1.0,2022-01-13,,active,,inventory_only,https://kind.krx.co.kr/disclosure/etfisudetail.do?method=searchEftIsuDetail&isuCd=KR7415760008,,,,,,,,
inventory_415920,415920,PLUS 글로벌희토류&전략자원생산기업,unclassified,unclassified,1.0,2022-01-18,,active,,inventory_only,https://data.krx.co.kr/comm/bldAttendant/getJsonData.cmd?bld=dbms/MDC/STAT/standard/MDCSTAT04601,,,,,,,,
inventory_416090,416090,ACE 중국과창판STAR50,unclassified,unclassified,1.0,2022-01-13,,active,,inventory_only,https://kind.krx.co.kr/disclosure/etfisudetail.do?method=searchEftIsuDetail&isuCd=KR7416090009,,,,,,,,
inventory_417450,417450,RISE 글로벌수소경제,unclassified,unclassified,1.0,2022-02-15,,active,,inventory_only,https://kind.krx.co.kr/disclosure/etfisudetail.do?method=searchEftIsuDetail&isuCd=KR7417450004,,,,,,,,
inventory_417630,417630,TIGER KEDI혁신기업ESG30,unclassified,unclassified,1.0,2022-02-08,,active,,inventory_only,https://data.krx.co.kr/comm/bldAttendant/getJsonData.cmd?bld=dbms/MDC/STAT/standard/MDCSTAT04601,,,,,,,,
inventory_418660,418660,TIGER 미국나스닥100레버리지(합성),unclassified,unclassified,1.0,2022-02-22,,active,,inventory_only,https://data.krx.co.kr/comm/bldAttendant/getJsonData.cmd?bld=dbms/MDC/STAT/standard/MDCSTAT04601,,,,,,,,
inventory_418670,418670,TIGER 글로벌AI사이버보안,unclassified,unclassified,1.0,2022-02-22,,active,,inventory_only,https://data.krx.co.kr/comm/bldAttendant/getJsonData.cmd?bld=dbms/MDC/STAT/standard/MDCSTAT04601,,,,,,,,
inventory_419170,419170,HANARO 미국메타버스iSelect,unclassified,unclassified,1.0,2022-02-22,2025-06-24,delisted,,inventory_only,https://kind.krx.co.kr/disclosure/etfisudetail.do?method=searchEftIsuDetail&isuCd=KR7419170006,,,,,,,,
inventory_419420,419420,KODEX 미국클린에너지나스닥,unclassified,unclassified,1.0,2022-03-22,,active,,inventory_only,https://kind.krx.co.kr/disclosure/etfisudetail.do?method=searchEftIsuDetail&isuCd=KR7419420005,,,,,,,,
inventory_419430,419430,KODEX 차이나2차전지MSCI(합성),unclassified,unclassified,1.0,2022-03-22,,active,,inventory_only,https://kind.krx.co.kr/disclosure/etfisudetail.do?method=searchEftIsuDetail&isuCd=KR7419430004,,,,,,,,
inventory_419650,419650,PLUS 글로벌수소&차세대연료전지,unclassified,unclassified,1.0,2022-02-15,,active,,inventory_only,https://data.krx.co.kr/comm/bldAttendant/getJsonData.cmd?bld=dbms/MDC/STAT/standard/MDCSTAT04601,,,,,,,,
inventory_419890,419890,KIWOOM 단기채권ESG액티브,unclassified,unclassified,1.0,2022-03-03,,active,,inventory_only,https://kind.krx.co.kr/disclosure/etfisudetail.do?method=searchEftIsuDetail&isuCd=KR7419890009,,,,,,,,
inventory_421320,421320,PLUS 우주항공,unclassified,unclassified,1.0,2022-03-29,,active,,inventory_only,https://kind.krx.co.kr/disclosure/etfisudetail.do?method=searchEftIsuDetail&isuCd=KR7421320003,,,,,,,,
inventory_422260,422260,VITA MZ소비액티브,unclassified,unclassified,1.0,2022-03-29,2026-06-25,delisted,,inventory_only,https://kind.krx.co.kr/disclosure/etfisudetail.do?method=searchEftIsuDetail&isuCd=KR7422260000,,,,,,,,
inventory_422420,422420,RISE 2차전지액티브,unclassified,unclassified,1.0,2022-04-08,,active,,inventory_only,https://kind.krx.co.kr/disclosure/etfisudetail.do?method=searchEftIsuDetail&isuCd=KR7422420000,,,,,,,,
inventory_423160,423160,KODEX KOFR금리액티브(합성),unclassified,unclassified,1.0,2022-04-26,,active,,inventory_only,https://data.krx.co.kr/comm/bldAttendant/getJsonData.cmd?bld=dbms/MDC/STAT/standard/MDCSTAT04601,,,,,,,,
inventory_423170,423170,SOL 글로벌AI반도체탑픽액티브,unclassified,unclassified,1.0,2022-04-12,,active,,inventory_only,https://data.krx.co.kr/comm/bldAttendant/getJsonData.cmd?bld=dbms/MDC/STAT/standard/MDCSTAT04601,,,,,,,,
inventory_423920,423920,TIGER 미국필라델피아반도체레버리지(합성),unclassified,unclassified,1.0,2022-04-19,,active,,inventory_only,https://data.krx.co.kr/comm/bldAttendant/getJsonData.cmd?bld=dbms/MDC/STAT/standard/MDCSTAT04601,,,,,,,,
inventory_424460,424460,HANARO 글로벌워터MSCI(합성),unclassified,unclassified,1.0,2022-04-19,2026-07-16,delisted,,inventory_only,https://kind.krx.co.kr/disclosure/etfisudetail.do?method=searchEftIsuDetail&isuCd=KR7424460004,,,,,,,,
inventory_426020,426020,TIME 미국S&P500액티브,unclassified,unclassified,1.0,2022-05-11,,active,,inventory_only,https://data.krx.co.kr/comm/bldAttendant/getJsonData.cmd?bld=dbms/MDC/STAT/standard/MDCSTAT04601,,,,,,,,
inventory_426030,426030,TIME 미국나스닥100액티브,unclassified,unclassified,1.0,2022-05-11,,active,,inventory_only,https://data.krx.co.kr/comm/bldAttendant/getJsonData.cmd?bld=dbms/MDC/STAT/standard/MDCSTAT04601,,,,,,,,
inventory_426150,426150,WON 대한민국국고채액티브,unclassified,unclassified,1.0,2022-05-11,,active,,inventory_only,https://kind.krx.co.kr/disclosure/etfisudetail.do?method=searchEftIsuDetail&isuCd=KR7426150009,,,,,,,,
inventory_426330,426330,KIWOOM 미국ETF산업STOXX,unclassified,unclassified,1.0,2022-04-26,2026-03-26,delisted,,inventory_only,https://kind.krx.co.kr/disclosure/etfisudetail.do?method=searchEftIsuDetail&isuCd=KR7426330007,,,,,,,,
inventory_426410,426410,PLUS 미국대체투자Top10,unclassified,unclassified,1.0,2022-05-11,2025-02-20,delisted,,inventory_only,https://kind.krx.co.kr/disclosure/etfisudetail.do?method=searchEftIsuDetail&isuCd=KR7426410007,,,,,,,,
inventory_427110,427110,RISE 창업투자회사,unclassified,unclassified,1.0,2022-05-17,2025-01-22,delisted,,inventory_only,https://kind.krx.co.kr/disclosure/etfisudetail.do?method=searchEftIsuDetail&isuCd=KR7427110002,,,,,,,,
inventory_427120,427120,RISE AI플랫폼,unclassified,unclassified,1.0,2022-05-17,,active,,inventory_only,https://data.krx.co.kr/comm/bldAttendant/getJsonData.cmd?bld=dbms/MDC/STAT/standard/MDCSTAT04601,,,,,,,,
inventory_428510,428510,KODEX 차이나AI테크액티브,unclassified,unclassified,1.0,2022-05-17,,active,,inventory_only,https://kind.krx.co.kr/disclosure/etfisudetail.do?method=searchEftIsuDetail&isuCd=KR7428510002,,,,,,,,
inventory_428560,428560,KODEX 미국ETF산업Top10 Indxx,unclassified,unclassified,1.0,2022-05-17,,active,,inventory_only,https://data.krx.co.kr/comm/bldAttendant/getJsonData.cmd?bld=dbms/MDC/STAT/standard/MDCSTAT04601,,,,,,,,
inventory_429000,429000,TIGER 미국S&P500배당귀족,unclassified,unclassified,1.0,2022-05-17,,active,,inventory_only,https://data.krx.co.kr/comm/bldAttendant/getJsonData.cmd?bld=dbms/MDC/STAT/standard/MDCSTAT04601,,,,,,,,
inventory_429010,429010,TIGER 미국나스닥넥스트100,unclassified,unclassified,1.0,2022-05-17,,active,,inventory_only,https://data.krx.co.kr/comm/bldAttendant/getJsonData.cmd?bld=dbms/MDC/STAT/standard/MDCSTAT04601,,,,,,,,
inventory_429740,429740,PLUS K리츠,unclassified,unclassified,1.0,2022-05-24,,active,,inventory_only,https://data.krx.co.kr/comm/bldAttendant/getJsonData.cmd?bld=dbms/MDC/STAT/standard/MDCSTAT04601,,,,,,,,
inventory_429760,429760,PLUS 미국S&P500,unclassified,unclassified,1.0,2022-05-31,,active,,inventory_only,https://data.krx.co.kr/comm/bldAttendant/getJsonData.cmd?bld=dbms/MDC/STAT/standard/MDCSTAT04601,,,,,,,,
inventory_429870,429870,KIWOOM 리츠이지스액티브,unclassified,unclassified,1.0,2022-05-24,2025-06-04,delisted,,inventory_only,https://kind.krx.co.kr/disclosure/etfisudetail.do?method=searchEftIsuDetail&isuCd=KR7429870009,,,,,,,,
inventory_429980,429980,SOL 한국형글로벌전기차&2차전지액티브,unclassified,unclassified,1.0,2022-06-14,,active,,inventory_only,https://kind.krx.co.kr/disclosure/etfisudetail.do?method=searchEftIsuDetail&isuCd=KR7429980006,,,,,,,,
inventory_429990,429990,SOL 한국형글로벌플랫폼&메타버스액티브,unclassified,unclassified,1.0,2022-06-14,2025-01-17,delisted,,inventory_only,https://kind.krx.co.kr/disclosure/etfisudetail.do?method=searchEftIsuDetail&isuCd=KR7429990005,,,,,,,,
inventory_430500,430500,KIWOOM 물가채KIS,unclassified,unclassified,1.0,2022-05-31,,active,,inventory_only,https://kind.krx.co.kr/disclosure/etfisudetail.do?method=searchEftIsuDetail&isuCd=KR7430500009,,,,,,,,
inventory_432600,432600,RISE 국채선물3년,unclassified,unclassified,1.0,2022-06-14,,active,,inventory_only,https://data.krx.co.kr/comm/bldAttendant/getJsonData.cmd?bld=dbms/MDC/STAT/standard/MDCSTAT04601,,,,,,,,
inventory_432840,432840,HANARO 미국S&P500,unclassified,unclassified,1.0,2022-06-08,,active,,inventory_only,https://kind.krx.co.kr/disclosure/etfisudetail.do?method=searchEftIsuDetail&isuCd=KR7432840007,,,,,,,,
inventory_432850,432850,HANARO 글로벌백신치료제MSCI,unclassified,unclassified,1.0,2022-06-08,2025-06-24,delisted,,inventory_only,https://kind.krx.co.kr/disclosure/etfisudetail.do?method=searchEftIsuDetail&isuCd=KR7432850006,,,,,,,,
inventory_433220,433220,에셋플러스 글로벌대장장이액티브,unclassified,unclassified,1.0,2022-06-28,,active,,inventory_only,https://kind.krx.co.kr/disclosure/etfisudetail.do?method=searchEftIsuDetail&isuCd=KR7433220001,,,,,,,,
inventory_433250,433250,UNICORN R&D 액티브,unclassified,unclassified,1.0,2022-07-06,,active,,inventory_only,https://kind.krx.co.kr/disclosure/etfisudetail.do?method=searchEftIsuDetail&isuCd=KR7433250008,,,,,,,,
inventory_433330,433330,SOL 미국S&P500,unclassified,unclassified,1.0,2022-06-21,,active,,inventory_only,https://data.krx.co.kr/comm/bldAttendant/getJsonData.cmd?bld=dbms/MDC/STAT/standard/MDCSTAT04601,,,,,,,,
inventory_433500,433500,ACE 원자력TOP10,unclassified,unclassified,1.0,2022-06-28,,active,,inventory_only,https://data.krx.co.kr/comm/bldAttendant/getJsonData.cmd?bld=dbms/MDC/STAT/standard/MDCSTAT04601,,,,,,,,
inventory_433850,433850,PLUS TDF2030액티브,unclassified,unclassified,1.0,2022-06-30,2025-07-16,delisted,,inventory_only,https://kind.krx.co.kr/disclosure/etfisudetail.do?method=searchEftIsuDetail&isuCd=KR7433850005,,,,,,,,
inventory_433860,433860,PLUS TDF2040액티브,unclassified,unclassified,1.0,2022-06-30,2025-08-21,delisted,,inventory_only,https://kind.krx.co.kr/disclosure/etfisudetail.do?method=searchEftIsuDetail&isuCd=KR7433860004,,,,,,,,
inventory_433870,433870,PLUS TDF2050액티브,unclassified,unclassified,1.0,2022-06-30,2025-09-18,delisted,,inventory_only,https://kind.krx.co.kr/disclosure/etfisudetail.do?method=searchEftIsuDetail&isuCd=KR7433870003,,,,,,,,
inventory_433880,433880,PLUS TDF2060액티브 적격,unclassified,unclassified,1.0,2022-06-30,,active,,inventory_only,https://data.krx.co.kr/comm/bldAttendant/getJsonData.cmd?bld=dbms/MDC/STAT/standard/MDCSTAT04601,,,,,,,,
inventory_433970,433970,KODEX TDF2030액티브 적격,unclassified,unclassified,1.0,2022-06-30,,active,,inventory_only,https://kind.krx.co.kr/disclosure/etfisudetail.do?method=searchEftIsuDetail&isuCd=KR7433970001,,,,,,,,
inventory_433980,433980,KODEX TDF2040액티브 적격,unclassified,unclassified,1.0,2022-06-30,,active,,inventory_only,https://data.krx.co.kr/comm/bldAttendant/getJsonData.cmd?bld=dbms/MDC/STAT/standard/MDCSTAT04601,,,,,,,,
inventory_434060,434060,KODEX TDF2050액티브 적격,unclassified,unclassified,1.0,2022-06-30,,active,,inventory_only,https://kind.krx.co.kr/disclosure/etfisudetail.do?method=searchEftIsuDetail&isuCd=KR7434060000,,,,,,,,
inventory_434730,434730,HANARO 원자력iSelect,unclassified,unclassified,1.0,2022-06-28,,active,,inventory_only,https://kind.krx.co.kr/disclosure/etfisudetail.do?method=searchEftIsuDetail&isuCd=KR7434730008,,,,,,,,
inventory_434960,434960,DAISHIN K200,unclassified,unclassified,1.0,2022-06-28,,active,,inventory_only,https://kind.krx.co.kr/disclosure/etfisudetail.do?method=searchEftIsuDetail&isuCd=KR7434960001,,,,,,,,
inventory_435040,435040,ACE 글로벌브랜드TOP10,unclassified,unclassified,1.0,2022-06-28,,active,,inventory_only,https://kind.krx.co.kr/disclosure/etfisudetail.do?method=searchEftIsuDetail&isuCd=KR7435040001,,,,,,,,
inventory_435420,435420,TIGER 미국나스닥100채권혼합50,unclassified,unclassified,1.0,2022-07-06,,active,,inventory_only,https://data.krx.co.kr/comm/bldAttendant/getJsonData.cmd?bld=dbms/MDC/STAT/standard/MDCSTAT04601,,,,,,,,
inventory_435530,435530,KIWOOM TDF2030액티브 적격,unclassified,unclassified,1.0,2022-06-30,,active,,inventory_only,https://kind.krx.co.kr/disclosure/etfisudetail.do?method=searchEftIsuDetail&isuCd=KR7435530001,,,,,,,,
inventory_435540,435540,KIWOOM TDF2040액티브 적격,unclassified,unclassified,1.0,2022-06-30,,active,,inventory_only,https://kind.krx.co.kr/disclosure/etfisudetail.do?method=searchEftIsuDetail&isuCd=KR7435540000,,,,,,,,
inventory_435550,435550,KIWOOM TDF2050액티브 적격,unclassified,unclassified,1.0,2022-06-30,,active,,inventory_only,https://kind.krx.co.kr/disclosure/etfisudetail.do?method=searchEftIsuDetail&isuCd=KR7435550009,,,,,,,,
inventory_436140,436140,SOL 종합채권(AA-이상)액티브,unclassified,unclassified,1.0,2022-08-09,,active,,inventory_only,https://data.krx.co.kr/comm/bldAttendant/getJsonData.cmd?bld=dbms/MDC/STAT/standard/MDCSTAT04601,,,,,,,,
inventory_436180,436180,PLUS K-유니콘투자기업액티브,unclassified,unclassified,1.0,2022-07-13,2024-08-27,delisted,,inventory_only,https://kind.krx.co.kr/disclosure/etfisudetail.do?method=searchEftIsuDetail&isuCd=KR7436180004,,,,,,,,
inventory_437070,437070,KODEX 아시아달러채권ESG플러스액티브,unclassified,unclassified,1.0,2022-08-09,,active,,inventory_only,https://kind.krx.co.kr/disclosure/etfisudetail.do?method=searchEftIsuDetail&isuCd=KR7437070006,,,,,,,,
inventory_437080,437080,KODEX 미국종합채권ESG액티브(H),unclassified,unclassified,1.0,2022-08-09,,active,,inventory_only,https://kind.krx.co.kr/disclosure/etfisudetail.do?method=searchEftIsuDetail&isuCd=KR7437080005,,,,,,,,
inventory_437350,437350,RISE 미국단기투자등급회사채액티브,unclassified,unclassified,1.0,2022-07-29,,active,,inventory_only,https://data.krx.co.kr/comm/bldAttendant/getJsonData.cmd?bld=dbms/MDC/STAT/standard/MDCSTAT04601,,,,,,,,
inventory_437370,437370,RISE 글로벌농업경제,unclassified,unclassified,1.0,2022-07-29,,active,,inventory_only,https://data.krx.co.kr/comm/bldAttendant/getJsonData.cmd?bld=dbms/MDC/STAT/standard/MDCSTAT04601,,,,,,,,
inventory_437550,437550,KIWOOM 글로벌리츠이지스액티브,unclassified,unclassified,1.0,2022-07-29,2025-06-04,delisted,,inventory_only,https://kind.krx.co.kr/disclosure/etfisudetail.do?method=searchEftIsuDetail&isuCd=KR7437550007,,,,,,,,
inventory_438080,438080,ACE 미국S&P500미국채혼합50액티브,unclassified,unclassified,1.0,2022-08-26,,active,,inventory_only,https://kind.krx.co.kr/disclosure/etfisudetail.do?method=searchEftIsuDetail&isuCd=KR7438080004,,,,,,,,
inventory_438100,438100,ACE 미국나스닥100미국채혼합50액티브,unclassified,unclassified,1.0,2022-08-26,,active,,inventory_only,https://kind.krx.co.kr/disclosure/etfisudetail.do?method=searchEftIsuDetail&isuCd=KR7438100000,,,,,,,,
inventory_438210,438210,PLUS 글로벌AI,unclassified,unclassified,1.0,2022-08-17,2025-04-24,delisted,,inventory_only,https://kind.krx.co.kr/disclosure/etfisudetail.do?method=searchEftIsuDetail&isuCd=KR7438210007,,,,,,,,
inventory_438320,438320,TIGER 차이나항셍테크레버리지(합성 H),unclassified,unclassified,1.0,2022-08-23,,active,,inventory_only,https://data.krx.co.kr/comm/bldAttendant/getJsonData.cmd?bld=dbms/MDC/STAT/standard/MDCSTAT04601,,,,,,,,
inventory_438330,438330,TIGER 우량회사채액티브,unclassified,unclassified,1.0,2022-08-23,,active,,inventory_only,https://data.krx.co.kr/comm/bldAttendant/getJsonData.cmd?bld=dbms/MDC/STAT/standard/MDCSTAT04601,,,,,,,,
inventory_438560,438560,SOL 국고채3년,unclassified,unclassified,1.0,2022-09-06,,active,,inventory_only,https://data.krx.co.kr/comm/bldAttendant/getJsonData.cmd?bld=dbms/MDC/STAT/standard/MDCSTAT04601,,,,,,,,
inventory_438570,438570,SOL 국고채10년,unclassified,unclassified,1.0,2022-09-06,,active,,inventory_only,https://data.krx.co.kr/comm/bldAttendant/getJsonData.cmd?bld=dbms/MDC/STAT/standard/MDCSTAT04601,,,,,,,,
inventory_438740,438740,MIDAS 중소형액티브,unclassified,unclassified,1.0,2022-08-17,,active,,inventory_only,https://data.krx.co.kr/comm/bldAttendant/getJsonData.cmd?bld=dbms/MDC/STAT/standard/MDCSTAT04601,,,,,,,,
inventory_438900,438900,HANARO Fn K-푸드,unclassified,unclassified,1.0,2022-08-17,,active,,inventory_only,https://kind.krx.co.kr/disclosure/etfisudetail.do?method=searchEftIsuDetail&isuCd=KR7438900003,,,,,,,,
inventory_439860,439860,KODEX ESG종합채권(A-이상)액티브,unclassified,unclassified,1.0,2022-08-23,,active,,inventory_only,https://data.krx.co.kr/comm/bldAttendant/getJsonData.cmd?bld=dbms/MDC/STAT/standard/MDCSTAT04601,,,,,,,,
inventory_439870,439870,KODEX 국고채30년액티브,unclassified,unclassified,1.0,2022-08-23,,active,,inventory_only,https://data.krx.co.kr/comm/bldAttendant/getJsonData.cmd?bld=dbms/MDC/STAT/standard/MDCSTAT04601,,,,,,,,
inventory_440340,440340,TIGER 글로벌멀티에셋TIF액티브,unclassified,unclassified,1.0,2022-08-30,,active,,inventory_only,https://data.krx.co.kr/comm/bldAttendant/getJsonData.cmd?bld=dbms/MDC/STAT/standard/MDCSTAT04601,,,,,,,,
inventory_440640,440640,ACE 단기채권알파액티브,unclassified,unclassified,1.0,2022-08-23,,active,,inventory_only,https://kind.krx.co.kr/disclosure/etfisudetail.do?method=searchEftIsuDetail&isuCd=KR7440640001,,,,,,,,
inventory_440650,440650,ACE 미국달러단기채권액티브,unclassified,unclassified,1.0,2022-08-23,,active,,inventory_only,https://kind.krx.co.kr/disclosure/etfisudetail.do?method=searchEftIsuDetail&isuCd=KR7440650000,,,,,,,,
inventory_440910,440910,WON 미국우주항공방산,unclassified,unclassified,1.0,2022-08-26,,active,,inventory_only,https://kind.krx.co.kr/disclosure/etfisudetail.do?method=searchEftIsuDetail&isuCd=KR7440910008,,,,,,,,
inventory_441330,441330,KIWOOM 차이나A50커넥트MSCI,unclassified,unclassified,1.0,2022-09-20,2026-03-26,delisted,,inventory_only,https://kind.krx.co.kr/disclosure/etfisudetail.do?method=searchEftIsuDetail&isuCd=KR7441330008,,,,,,,,
inventory_441540,441540,HANARO Fn조선해운,unclassified,unclassified,1.0,2022-09-15,,active,,inventory_only,https://kind.krx.co.kr/disclosure/etfisudetail.do?method=searchEftIsuDetail&isuCd=KR7441540002,,,,,,,,
inventory_441640,441640,KODEX 미국배당커버드콜액티브,unclassified,unclassified,1.0,2022-09-27,,active,,inventory_only,https://data.krx.co.kr/comm/bldAttendant/getJsonData.cmd?bld=dbms/MDC/STAT/standard/MDCSTAT04601,,,,,,,,
inventory_441680,441680,TIGER 미국나스닥100커버드콜(합성),unclassified,unclassified,1.0,2022-09-22,,active,,inventory_only,https://data.krx.co.kr/comm/bldAttendant/getJsonData.cmd?bld=dbms/MDC/STAT/standard/MDCSTAT04601,,,,,,,,
inventory_441800,441800,TIME Korea플러스배당액티브,unclassified,unclassified,1.0,2022-09-27,,active,,inventory_only,https://data.krx.co.kr/comm/bldAttendant/getJsonData.cmd?bld=dbms/MDC/STAT/standard/MDCSTAT04601,,,,,,,,
inventory_442090,442090,에셋플러스 코리아대장장이액티브,unclassified,unclassified,1.0,2022-09-20,,active,,inventory_only,https://data.krx.co.kr/comm/bldAttendant/getJsonData.cmd?bld=dbms/MDC/STAT/standard/MDCSTAT04601,,,,,,,,
inventory_442260,442260,마이티 다이나믹퀀트액티브,unclassified,unclassified,1.0,2022-10-25,,active,,inventory_only,https://kind.krx.co.kr/disclosure/etfisudetail.do?method=searchEftIsuDetail&isuCd=KR7442260006,,,,,,,,
inventory_442320,442320,RISE 글로벌원자력,unclassified,unclassified,1.0,2022-10-13,,active,,inventory_only,https://kind.krx.co.kr/disclosure/etfisudetail.do?method=searchEftIsuDetail&isuCd=KR7442320008,,,,,,,,
inventory_442550,442550,RISE TDF2030액티브 적격,unclassified,unclassified,1.0,2022-09-22,,active,,inventory_only,https://data.krx.co.kr/comm/bldAttendant/getJsonData.cmd?bld=dbms/MDC/STAT/standard/MDCSTAT04601,,,,,,,,
inventory_442560,442560,RISE TDF2040액티브 적격,unclassified,unclassified,1.0,2022-09-22,,active,,inventory_only,https://kind.krx.co.kr/disclosure/etfisudetail.do?method=searchEftIsuDetail&isuCd=KR7442560009,,,,,,,,
inventory_442570,442570,RISE TDF2050액티브 적격,unclassified,unclassified,1.0,2022-09-22,,active,,inventory_only,https://kind.krx.co.kr/disclosure/etfisudetail.do?method=searchEftIsuDetail&isuCd=KR7442570008,,,,,,,,
inventory_442580,442580,PLUS 글로벌HBM반도체,unclassified,unclassified,1.0,2022-09-22,,active,,inventory_only,https://kind.krx.co.kr/disclosure/etfisudetail.do?method=searchEftIsuDetail&isuCd=KR7442580007,,,,,,,,
inventory_444200,444200,SOL 코리아메가테크액티브,unclassified,unclassified,1.0,2022-10-18,,active,,inventory_only,https://data.krx.co.kr/comm/bldAttendant/getJsonData.cmd?bld=dbms/MDC/STAT/standard/MDCSTAT04601,,,,,,,,
inventory_444490,444490,WON 미국S&P500,unclassified,unclassified,1.0,2022-10-06,,active,,inventory_only,https://data.krx.co.kr/comm/bldAttendant/getJsonData.cmd?bld=dbms/MDC/STAT/standard/MDCSTAT04601,,,,,,,,
inventory_445150,445150,KODEX 친환경조선해운액티브,unclassified,unclassified,1.0,2022-11-15,,active,,inventory_only,https://data.krx.co.kr/comm/bldAttendant/getJsonData.cmd?bld=dbms/MDC/STAT/standard/MDCSTAT04601,,,,,,,,
inventory_445290,445290,KODEX 로봇액티브,unclassified,unclassified,1.0,2022-11-15,,active,,inventory_only,https://kind.krx.co.kr/disclosure/etfisudetail.do?method=searchEftIsuDetail&isuCd=KR7445290000,,,,,,,,
inventory_445690,445690,BNK 주주가치액티브,unclassified,unclassified,1.0,2022-10-27,,active,,inventory_only,https://kind.krx.co.kr/disclosure/etfisudetail.do?method=searchEftIsuDetail&isuCd=KR7445690001,,,,,,,,
inventory_445910,445910,TIGER MKF배당귀족,unclassified,unclassified,1.0,2022-10-18,,active,,inventory_only,https://data.krx.co.kr/comm/bldAttendant/getJsonData.cmd?bld=dbms/MDC/STAT/standard/MDCSTAT04601,,,,,,,,
inventory_445930,445930,KOSEF 차이나A50커넥트레버리지MSCI(합성H),unclassified,unclassified,1.0,2022-10-25,2024-11-06,delisted,,inventory_only,https://kind.krx.co.kr/disclosure/etfisudetail.do?method=searchEftIsuDetail&isuCd=KR7445930001,,,,,,,,
inventory_445950,445950,KOSEF 차이나A50커넥트인버스MSCI(합성 H),unclassified,unclassified,1.0,2022-10-25,2024-11-06,delisted,,inventory_only,https://kind.krx.co.kr/disclosure/etfisudetail.do?method=searchEftIsuDetail&isuCd=KR7445950009,,,,,,,,
inventory_446690,446690,KODEX 아시아AI반도체exChina액티브,unclassified,unclassified,1.0,2023-02-01,,active,,inventory_only,https://kind.krx.co.kr/disclosure/etfisudetail.do?method=searchEftIsuDetail&isuCd=KR7446690000,,,,,,,,
inventory_446700,446700,RISE 배터리 리사이클링,unclassified,unclassified,1.0,2022-11-01,,active,,inventory_only,https://data.krx.co.kr/comm/bldAttendant/getJsonData.cmd?bld=dbms/MDC/STAT/standard/MDCSTAT04601,,,,,,,,
inventory_446720,446720,SOL 미국배당다우존스,unclassified,unclassified,1.0,2022-11-15,,active,,inventory_only,https://kind.krx.co.kr/disclosure/etfisudetail.do?method=searchEftIsuDetail&isuCd=KR7446720005,,,,,,,,
inventory_446770,446770,ACE 글로벌반도체TOP4 Plus,unclassified,unclassified,1.0,2022-11-15,,active,,inventory_only,https://kind.krx.co.kr/disclosure/etfisudetail.do?method=searchEftIsuDetail&isuCd=KR7446770000,,,,,,,,
inventory_447430,447430,ACE 주주환원가치주액티브,unclassified,unclassified,1.0,2022-11-15,,active,,inventory_only,https://kind.krx.co.kr/disclosure/etfisudetail.do?method=searchEftIsuDetail&isuCd=KR7447430000,,,,,,,,
inventory_447620,447620,SOL 미국TOP5채권혼합50,unclassified,unclassified,1.0,2022-11-29,,active,,inventory_only,https://data.krx.co.kr/comm/bldAttendant/getJsonData.cmd?bld=dbms/MDC/STAT/standard/MDCSTAT04601,,,,,,,,
inventory_447660,447660,PLUS 애플채권혼합,unclassified,unclassified,1.0,2022-11-29,,active,,inventory_only,https://kind.krx.co.kr/disclosure/etfisudetail.do?method=searchEftIsuDetail&isuCd=KR7447660002,,,,,,,,
inventory_447770,447770,TIGER 테슬라채권혼합Fn,unclassified,unclassified,1.0,2022-11-29,,active,,inventory_only,https://data.krx.co.kr/comm/bldAttendant/getJsonData.cmd?bld=dbms/MDC/STAT/standard/MDCSTAT04601,,,,,,,,
inventory_447780,447780,TIGER 23-12 국공채액티브,unclassified,unclassified,1.0,2022-12-09,2023-12-13,delisted,,inventory_only,https://kind.krx.co.kr/disclosure/etfisudetail.do?method=searchEftIsuDetail&isuCd=KR7447780008,,,,,,,,
inventory_447820,447820,TIGER 24-10 회사채(A+이상)액티브,unclassified,unclassified,1.0,2022-11-22,2024-10-08,delisted,,inventory_only,https://kind.krx.co.kr/disclosure/etfisudetail.do?method=searchEftIsuDetail&isuCd=KR7447820002,,,,,,,,
inventory_448100,448100,WON 200,unclassified,unclassified,1.0,2022-12-16,,active,,inventory_only,https://data.krx.co.kr/comm/bldAttendant/getJsonData.cmd?bld=dbms/MDC/STAT/standard/MDCSTAT04601,,,,,,,,
inventory_448290,448290,TIGER 미국S&P500(H),unclassified,unclassified,1.0,2022-11-25,,active,,inventory_only,https://data.krx.co.kr/comm/bldAttendant/getJsonData.cmd?bld=dbms/MDC/STAT/standard/MDCSTAT04601,,,,,,,,
inventory_448300,448300,TIGER 미국나스닥100(H),unclassified,unclassified,1.0,2022-11-25,,active,,inventory_only,https://data.krx.co.kr/comm/bldAttendant/getJsonData.cmd?bld=dbms/MDC/STAT/standard/MDCSTAT04601,,,,,,,,
inventory_448310,448310,KODEX 23-12 국고채액티브,unclassified,unclassified,1.0,2022-11-22,2023-12-07,delisted,,inventory_only,https://kind.krx.co.kr/disclosure/etfisudetail.do?method=searchEftIsuDetail&isuCd=KR7448310003,,,,,,,,
inventory_448320,448320,KODEX 23-12 은행채(AA+이상)액티브,unclassified,unclassified,1.0,2022-11-22,2023-12-07,delisted,,inventory_only,https://kind.krx.co.kr/disclosure/etfisudetail.do?method=searchEftIsuDetail&isuCd=KR7448320002,,,,,,,,
inventory_448330,448330,KODEX 삼성전자채권혼합,unclassified,unclassified,1.0,2022-11-29,,active,,inventory_only,https://kind.krx.co.kr/disclosure/etfisudetail.do?method=searchEftIsuDetail&isuCd=KR7448330001,,,,,,,,
inventory_448490,448490,HANARO 32-10 국고채액티브,unclassified,unclassified,1.0,2022-11-22,,active,,inventory_only,https://kind.krx.co.kr/disclosure/etfisudetail.do?method=searchEftIsuDetail&isuCd=KR7448490003,,,,,,,,
inventory_448510,448510,HANARO 글로벌신재생에너지MSCI(합성),unclassified,unclassified,1.0,2022-11-30,2025-03-26,delisted,,inventory_only,https://kind.krx.co.kr/disclosure/etfisudetail.do?method=searchEftIsuDetail&isuCd=KR7448510008,,,,,,,,
inventory_448540,448540,ACE 엔비디아채권혼합,unclassified,unclassified,1.0,2022-11-29,,active,,inventory_only,https://data.krx.co.kr/comm/bldAttendant/getJsonData.cmd?bld=dbms/MDC/STAT/standard/MDCSTAT04601,,,,,,,,
inventory_448570,448570,FOCUS AI코리아액티브,unclassified,unclassified,1.0,2022-11-15,,active,,inventory_only,https://kind.krx.co.kr/disclosure/etfisudetail.do?method=searchEftIsuDetail&isuCd=KR7448570002,,,,,,,,
inventory_448590,448590,KBSTAR 23-11 회사채(AA-이상)액티브,unclassified,unclassified,1.0,2022-11-22,2023-11-21,delisted,,inventory_only,https://kind.krx.co.kr/disclosure/etfisudetail.do?method=searchEftIsuDetail&isuCd=KR7448590000,,,,,,,,
inventory_448600,448600,RISE 25-11 회사채(AA-이상)액티브,unclassified,unclassified,1.0,2022-11-22,2025-11-21,delisted,,inventory_only,https://kind.krx.co.kr/disclosure/etfisudetail.do?method=searchEftIsuDetail&isuCd=KR7448600007,,,,,,,,
inventory_448630,448630,RISE 삼성그룹Top3채권혼합,unclassified,unclassified,1.0,2022-11-29,,active,,inventory_only,https://data.krx.co.kr/comm/bldAttendant/getJsonData.cmd?bld=dbms/MDC/STAT/standard/MDCSTAT04601,,,,,,,,
inventory_448870,448870,ACE 23-12 회사채(AA-이상)액티브,unclassified,unclassified,1.0,2022-11-22,2023-12-18,delisted,,inventory_only,https://kind.krx.co.kr/disclosure/etfisudetail.do?method=searchEftIsuDetail&isuCd=KR7448870006,,,,,,,,
inventory_448880,448880,ACE 24-12 회사채(AA-이상)액티브,unclassified,unclassified,1.0,2022-11-22,2024-12-18,delisted,,inventory_only,https://kind.krx.co.kr/disclosure/etfisudetail.do?method=searchEftIsuDetail&isuCd=KR7448880005,,,,,,,,
inventory_449170,449170,TIGER KOFR금리액티브(합성),unclassified,unclassified,1.0,2022-11-30,,active,,inventory_only,https://data.krx.co.kr/comm/bldAttendant/getJsonData.cmd?bld=dbms/MDC/STAT/standard/MDCSTAT04601,,,,,,,,
inventory_449180,449180,KODEX 미국S&P500(H),unclassified,unclassified,1.0,2022-12-02,,active,,inventory_only,https://kind.krx.co.kr/disclosure/etfisudetail.do?method=searchEftIsuDetail&isuCd=KR7449180009,,,,,,,,
inventory_449190,449190,KODEX 미국나스닥100(H),unclassified,unclassified,1.0,2022-12-02,,active,,inventory_only,https://kind.krx.co.kr/disclosure/etfisudetail.do?method=searchEftIsuDetail&isuCd=KR7449190008,,,,,,,,
inventory_449450,449450,PLUS K방산,unclassified,unclassified,1.0,2023-01-05,,active,,inventory_only,https://data.krx.co.kr/comm/bldAttendant/getJsonData.cmd?bld=dbms/MDC/STAT/standard/MDCSTAT04601,,,,,,,,
inventory_449540,449540,SOL 24-06 국고채액티브,unclassified,unclassified,1.0,2022-12-16,2024-06-07,delisted,,inventory_only,https://kind.krx.co.kr/disclosure/etfisudetail.do?method=searchEftIsuDetail&isuCd=KR7449540004,,,,,,,,
inventory_449580,449580,RISE 테슬라애플아마존채권혼합,unclassified,unclassified,1.0,2022-12-20,,active,,inventory_only,https://data.krx.co.kr/comm/bldAttendant/getJsonData.cmd?bld=dbms/MDC/STAT/standard/MDCSTAT04601,,,,,,,,
inventory_449680,449680,TIGER 한중전기차(합성),unclassified,unclassified,1.0,2022-12-22,,active,,inventory_only,https://kind.krx.co.kr/disclosure/etfisudetail.do?method=searchEftIsuDetail&isuCd=KR7449680008,,,,,,,,
inventory_449690,449690,TIGER 한중반도체(합성),unclassified,unclassified,1.0,2022-12-22,,active,,inventory_only,https://data.krx.co.kr/comm/bldAttendant/getJsonData.cmd?bld=dbms/MDC/STAT/standard/MDCSTAT04601,,,,,,,,
inventory_449770,449770,KIWOOM 미국S&P500,unclassified,unclassified,1.0,2022-12-20,,active,,inventory_only,https://kind.krx.co.kr/disclosure/etfisudetail.do?method=searchEftIsuDetail&isuCd=KR7449770007,,,,,,,,
inventory_449780,449780,KIWOOM 미국S&P500(H),unclassified,unclassified,1.0,2022-12-20,,active,,inventory_only,https://kind.krx.co.kr/disclosure/etfisudetail.do?method=searchEftIsuDetail&isuCd=KR7449780006,,,,,,,,
inventory_450120,450120,KIWOOM SK그룹대표주,unclassified,unclassified,1.0,2022-12-23,2025-06-04,delisted,,inventory_only,https://kind.krx.co.kr/disclosure/etfisudetail.do?method=searchEftIsuDetail&isuCd=KR7450120001,,,,,,,,
inventory_450180,450180,KODEX 한중전기차(합성),unclassified,unclassified,1.0,2022-12-22,,active,,inventory_only,https://data.krx.co.kr/comm/bldAttendant/getJsonData.cmd?bld=dbms/MDC/STAT/standard/MDCSTAT04601,,,,,,,,
inventory_450190,450190,KODEX 한중반도체(합성),unclassified,unclassified,1.0,2022-12-22,,active,,inventory_only,https://data.krx.co.kr/comm/bldAttendant/getJsonData.cmd?bld=dbms/MDC/STAT/standard/MDCSTAT04601,,,,,,,,
inventory_450910,450910,SOL 코스닥150,unclassified,unclassified,1.0,2023-01-31,,active,,inventory_only,https://data.krx.co.kr/comm/bldAttendant/getJsonData.cmd?bld=dbms/MDC/STAT/standard/MDCSTAT04601,,,,,,,,
inventory_451000,451000,PLUS 종합채권(AA-이상)액티브,unclassified,unclassified,1.0,2023-01-10,,active,,inventory_only,https://data.krx.co.kr/comm/bldAttendant/getJsonData.cmd?bld=dbms/MDC/STAT/standard/MDCSTAT04601,,,,,,,,
inventory_451060,451060,1Q 200액티브,unclassified,unclassified,1.0,2023-01-31,,active,,inventory_only,https://kind.krx.co.kr/disclosure/etfisudetail.do?method=searchEftIsuDetail&isuCd=KR7451060008,,,,,,,,
inventory_451150,451150,에셋플러스 글로벌영에이지액티브,unclassified,unclassified,1.0,2023-01-31,,active,,inventory_only,https://data.krx.co.kr/comm/bldAttendant/getJsonData.cmd?bld=dbms/MDC/STAT/standard/MDCSTAT04601,,,,,,,,
inventory_451530,451530,TIGER 국고채30년스트립액티브,unclassified,unclassified,1.0,2023-02-01,,active,,inventory_only,https://data.krx.co.kr/comm/bldAttendant/getJsonData.cmd?bld=dbms/MDC/STAT/standard/MDCSTAT04601,,,,,,,,
inventory_451540,451540,TIGER 종합채권(AA-이상)액티브,unclassified,unclassified,1.0,2023-02-01,,active,,inventory_only,https://data.krx.co.kr/comm/bldAttendant/getJsonData.cmd?bld=dbms/MDC/STAT/standard/MDCSTAT04601,,,,,,,,
inventory_451600,451600,PLUS 국고채30년액티브,unclassified,unclassified,1.0,2023-02-07,,active,,inventory_only,https://kind.krx.co.kr/disclosure/etfisudetail.do?method=searchEftIsuDetail&isuCd=KR7451600001,,,,,,,,
inventory_451670,451670,RISE 국채30년레버리지(합성),unclassified,unclassified,1.0,2023-02-14,,active,,inventory_only,https://kind.krx.co.kr/disclosure/etfisudetail.do?method=searchEftIsuDetail&isuCd=KR7451670004,,,,,,,,
inventory_452250,452250,ACE 미국30년국채선물레버리지(합성 H),unclassified,unclassified,1.0,2023-02-07,,active,,inventory_only,https://kind.krx.co.kr/disclosure/etfisudetail.do?method=searchEftIsuDetail&isuCd=KR7452250004,,,,,,,,
inventory_452360,452360,SOL 미국배당다우존스(H),unclassified,unclassified,1.0,2023-03-21,,active,,inventory_only,https://data.krx.co.kr/comm/bldAttendant/getJsonData.cmd?bld=dbms/MDC/STAT/standard/MDCSTAT04601,,,,,,,,
inventory_452440,452440,VITA 밸류알파액티브,unclassified,unclassified,1.0,2023-02-21,2026-05-29,delisted,,inventory_only,https://kind.krx.co.kr/disclosure/etfisudetail.do?method=searchEftIsuDetail&isuCd=KR7452440001,,,,,,,,
inventory_453010,453010,PLUS KOFR금리,unclassified,unclassified,1.0,2023-03-14,,active,,inventory_only,https://data.krx.co.kr/comm/bldAttendant/getJsonData.cmd?bld=dbms/MDC/STAT/standard/MDCSTAT04601,,,,,,,,
inventory_453060,453060,HANARO KOFR금리액티브(합성),unclassified,unclassified,1.0,2023-03-14,,active,,inventory_only,https://kind.krx.co.kr/disclosure/etfisudetail.do?method=searchEftIsuDetail&isuCd=KR7453060006,,,,,,,,
inventory_453080,453080,KIWOOM 미국나스닥100(H),unclassified,unclassified,1.0,2023-03-14,,active,,inventory_only,https://kind.krx.co.kr/disclosure/etfisudetail.do?method=searchEftIsuDetail&isuCd=KR7453080004,,,,,,,,
inventory_453330,453330,RISE 미국S&P500(H),unclassified,unclassified,1.0,2023-03-21,,active,,inventory_only,https://data.krx.co.kr/comm/bldAttendant/getJsonData.cmd?bld=dbms/MDC/STAT/standard/MDCSTAT04601,,,,,,,,
inventory_453530,453530,TIGER 24-04 회사채(A+이상)액티브,unclassified,unclassified,1.0,2023-03-23,2024-04-09,delisted,,inventory_only,https://kind.krx.co.kr/disclosure/etfisudetail.do?method=searchEftIsuDetail&isuCd=KR7453530008,,,,,,,,
inventory_453540,453540,TIGER 25-10 회사채(A+이상)액티브,unclassified,unclassified,1.0,2023-03-23,2025-10-15,delisted,,inventory_only,https://kind.krx.co.kr/disclosure/etfisudetail.do?method=searchEftIsuDetail&isuCd=KR7453540007,,,,,,,,
inventory_453630,453630,KODEX 미국S&P500필수소비재,unclassified,unclassified,1.0,2023-03-21,,active,,inventory_only,https://kind.krx.co.kr/disclosure/etfisudetail.do?method=searchEftIsuDetail&isuCd=KR7453630006,,,,,,,,
inventory_453640,453640,KODEX 미국S&P500헬스케어,unclassified,unclassified,1.0,2023-03-21,,active,,inventory_only,https://kind.krx.co.kr/disclosure/etfisudetail.do?method=searchEftIsuDetail&isuCd=KR7453640005,,,,,,,,
inventory_453650,453650,KODEX 미국S&P500금융,unclassified,unclassified,1.0,2023-03-21,,active,,inventory_only,https://kind.krx.co.kr/disclosure/etfisudetail.do?method=searchEftIsuDetail&isuCd=KR7453650004,,,,,,,,
inventory_453660,453660,KODEX 미국S&P500경기소비재,unclassified,unclassified,1.0,2023-03-21,,active,,inventory_only,https://kind.krx.co.kr/disclosure/etfisudetail.do?method=searchEftIsuDetail&isuCd=KR7453660003,,,,,,,,
inventory_453810,453810,KODEX 인도Nifty50,unclassified,unclassified,1.0,2023-04-21,,active,,inventory_only,https://kind.krx.co.kr/disclosure/etfisudetail.do?method=searchEftIsuDetail&isuCd=KR7453810004,,,,,,,,
inventory_453820,453820,KODEX 인도Nifty50레버리지(합성),unclassified,unclassified,1.0,2023-04-21,,active,,inventory_only,https://data.krx.co.kr/comm/bldAttendant/getJsonData.cmd?bld=dbms/MDC/STAT/standard/MDCSTAT04601,,,,,,,,
inventory_453850,453850,ACE 미국30년국채액티브(H),unclassified,unclassified,1.0,2023-03-14,,active,,inventory_only,https://kind.krx.co.kr/disclosure/etfisudetail.do?method=searchEftIsuDetail&isuCd=KR7453850000,,,,,,,,
inventory_453870,453870,TIGER 인도니프티50,unclassified,unclassified,1.0,2023-04-14,,active,,inventory_only,https://data.krx.co.kr/comm/bldAttendant/getJsonData.cmd?bld=dbms/MDC/STAT/standard/MDCSTAT04601,,,,,,,,
inventory_453950,453950,TIGER TSMC파운드리밸류체인,unclassified,unclassified,1.0,2023-04-04,,active,,inventory_only,https://data.krx.co.kr/comm/bldAttendant/getJsonData.cmd?bld=dbms/MDC/STAT/standard/MDCSTAT04601,,,,,,,,
inventory_454180,454180,KIWOOM 차이나내수소비TOP CSI,unclassified,unclassified,1.0,2023-04-04,,active,,inventory_only,https://kind.krx.co.kr/disclosure/etfisudetail.do?method=searchEftIsuDetail&isuCd=KR7454180001,,,,,,,,
inventory_454320,454320,HANARO CAPEX설비투자iSelect,unclassified,unclassified,1.0,2023-04-18,,active,,inventory_only,https://kind.krx.co.kr/disclosure/etfisudetail.do?method=searchEftIsuDetail&isuCd=KR7454320003,,,,,,,,
inventory_454780,454780,KIWOOM 종합채권(AA-이상)액티브,unclassified,unclassified,1.0,2023-04-11,,active,,inventory_only,https://kind.krx.co.kr/disclosure/etfisudetail.do?method=searchEftIsuDetail&isuCd=KR7454780008,,,,,,,,
inventory_455030,455030,KODEX 미국달러SOFR금리액티브(합성),unclassified,unclassified,1.0,2023-04-04,,active,,inventory_only,https://kind.krx.co.kr/disclosure/etfisudetail.do?method=searchEftIsuDetail&isuCd=KR7455030007,,,,,,,,
inventory_455660,455660,ACE 미국하이일드액티브(H),unclassified,unclassified,1.0,2023-04-18,,active,,inventory_only,https://kind.krx.co.kr/disclosure/etfisudetail.do?method=searchEftIsuDetail&isuCd=KR7455660001,,,,,,,,
inventory_455850,455850,SOL AI반도체소부장,unclassified,unclassified,1.0,2023-04-25,,active,,inventory_only,https://data.krx.co.kr/comm/bldAttendant/getJsonData.cmd?bld=dbms/MDC/STAT/standard/MDCSTAT04601,,,,,,,,
inventory_455860,455860,SOL 2차전지소부장Fn,unclassified,unclassified,1.0,2023-04-25,,active,,inventory_only,https://data.krx.co.kr/comm/bldAttendant/getJsonData.cmd?bld=dbms/MDC/STAT/standard/MDCSTAT04601,,,,,,,,
inventory_455890,455890,RISE 머니마켓액티브,unclassified,unclassified,1.0,2023-05-09,,active,,inventory_only,https://data.krx.co.kr/comm/bldAttendant/getJsonData.cmd?bld=dbms/MDC/STAT/standard/MDCSTAT04601,,,,,,,,
inventory_455960,455960,RISE 미국달러SOFR금리액티브(합성),unclassified,unclassified,1.0,2023-05-16,,active,,inventory_only,https://data.krx.co.kr/comm/bldAttendant/getJsonData.cmd?bld=dbms/MDC/STAT/standard/MDCSTAT04601,,,,,,,,
inventory_456100,456100,HANARO 유로존국채25년플러스(합성 H),unclassified,unclassified,1.0,2023-05-16,2024-12-13,delisted,,inventory_only,https://kind.krx.co.kr/disclosure/etfisudetail.do?method=searchEftIsuDetail&isuCd=KR7456100007,,,,,,,,
inventory_456200,456200,PLUS 미국달러SOFR금리액티브(합성),unclassified,unclassified,1.0,2023-05-09,,active,,inventory_only,https://data.krx.co.kr/comm/bldAttendant/getJsonData.cmd?bld=dbms/MDC/STAT/standard/MDCSTAT04601,,,,,,,,
inventory_456250,456250,KODEX 유럽명품TOP10 STOXX,unclassified,unclassified,1.0,2023-04-25,,active,,inventory_only,https://kind.krx.co.kr/disclosure/etfisudetail.do?method=searchEftIsuDetail&isuCd=KR7456250000,,,,,,,,
inventory_456600,456600,TIME 글로벌AI인공지능액티브,unclassified,unclassified,1.0,2023-05-16,,active,,inventory_only,https://data.krx.co.kr/comm/bldAttendant/getJsonData.cmd?bld=dbms/MDC/STAT/standard/MDCSTAT04601,,,,,,,,
inventory_456610,456610,TIGER 미국달러SOFR금리액티브(합성),unclassified,unclassified,1.0,2023-05-09,,active,,inventory_only,https://data.krx.co.kr/comm/bldAttendant/getJsonData.cmd?bld=dbms/MDC/STAT/standard/MDCSTAT04601,,,,,,,,
inventory_456680,456680,TIGER 차이나전기차레버리지(합성),unclassified,unclassified,1.0,2023-05-09,,active,,inventory_only,https://data.krx.co.kr/comm/bldAttendant/getJsonData.cmd?bld=dbms/MDC/STAT/standard/MDCSTAT04601,,,,,,,,
inventory_456880,456880,ACE 미국달러SOFR금리(합성),unclassified,unclassified,1.0,2023-04-25,,active,,inventory_only,https://kind.krx.co.kr/disclosure/etfisudetail.do?method=searchEftIsuDetail&isuCd=KR7456880004,,,,,,,,
inventory_457480,457480,ACE 테슬라밸류체인액티브,unclassified,unclassified,1.0,2023-05-16,,active,,inventory_only,https://kind.krx.co.kr/disclosure/etfisudetail.do?method=searchEftIsuDetail&isuCd=KR7457480002,,,,,,,,
inventory_457690,457690,KODEX 33-06 국고채액티브,unclassified,unclassified,1.0,2023-05-31,,active,,inventory_only,https://kind.krx.co.kr/disclosure/etfisudetail.do?method=searchEftIsuDetail&isuCd=KR7457690006,,,,,,,,
inventory_457700,457700,KODEX 53-09 국고채액티브,unclassified,unclassified,1.0,2023-05-31,,active,,inventory_only,https://kind.krx.co.kr/disclosure/etfisudetail.do?method=searchEftIsuDetail&isuCd=KR7457700003,,,,,,,,
inventory_457930,457930,BNK 미래전략기술액티브,unclassified,unclassified,1.0,2023-06-20,,active,,inventory_only,https://kind.krx.co.kr/disclosure/etfisudetail.do?method=searchEftIsuDetail&isuCd=KR7457930006,,,,,,,,
inventory_457990,457990,PLUS 태양광&ESS,unclassified,unclassified,1.0,2023-06-20,,active,,inventory_only,https://data.krx.co.kr/comm/bldAttendant/getJsonData.cmd?bld=dbms/MDC/STAT/standard/MDCSTAT04601,,,,,,,,
inventory_458030,458030,WON 국공채머니마켓액티브,unclassified,unclassified,1.0,2023-05-31,,active,,inventory_only,https://data.krx.co.kr/comm/bldAttendant/getJsonData.cmd?bld=dbms/MDC/STAT/standard/MDCSTAT04601,,,,,,,,
inventory_458210,458210,KIWOOM CD금리액티브(합성),unclassified,unclassified,1.0,2023-05-23,,active,,inventory_only,https://kind.krx.co.kr/disclosure/etfisudetail.do?method=searchEftIsuDetail&isuCd=KR7458210002,,,,,,,,
inventory_458250,458250,TIGER 미국30년국채스트립액티브(합성 H),unclassified,unclassified,1.0,2023-05-31,,active,,inventory_only,https://data.krx.co.kr/comm/bldAttendant/getJsonData.cmd?bld=dbms/MDC/STAT/standard/MDCSTAT04601,,,,,,,,
inventory_458260,458260,TIGER 미국투자등급회사채액티브(H),unclassified,unclassified,1.0,2023-05-31,,active,,inventory_only,https://data.krx.co.kr/comm/bldAttendant/getJsonData.cmd?bld=dbms/MDC/STAT/standard/MDCSTAT04601,,,,,,,,
inventory_458730,458730,TIGER 미국배당다우존스,unclassified,unclassified,1.0,2023-06-20,,active,,inventory_only,https://data.krx.co.kr/comm/bldAttendant/getJsonData.cmd?bld=dbms/MDC/STAT/standard/MDCSTAT04601,,,,,,,,
inventory_458750,458750,TIGER 미국배당다우존스타겟커버드콜1호,unclassified,unclassified,1.0,2023-06-20,,active,,inventory_only,https://data.krx.co.kr/comm/bldAttendant/getJsonData.cmd?bld=dbms/MDC/STAT/standard/MDCSTAT04601,,,,,,,,
inventory_458760,458760,TIGER 미국배당다우존스타겟커버드콜2호,unclassified,unclassified,1.0,2023-06-20,,active,,inventory_only,https://data.krx.co.kr/comm/bldAttendant/getJsonData.cmd?bld=dbms/MDC/STAT/standard/MDCSTAT04601,,,,,,,,
inventory_459370,459370,SOL 유럽탄소배출권선물인버스ICE(H),unclassified,unclassified,1.0,2023-06-20,2025-12-19,delisted,,inventory_only,https://kind.krx.co.kr/disclosure/etfisudetail.do?method=searchEftIsuDetail&isuCd=KR7459370003,,,,,,,,
inventory_459560,459560,KODEX 테슬라밸류체인FactSet,unclassified,unclassified,1.0,2023-06-08,,active,,inventory_only,https://data.krx.co.kr/comm/bldAttendant/getJsonData.cmd?bld=dbms/MDC/STAT/standard/MDCSTAT04601,,,,,,,,
inventory_459580,459580,KODEX CD금리액티브(합성),unclassified,unclassified,1.0,2023-06-08,,active,,inventory_only,https://kind.krx.co.kr/disclosure/etfisudetail.do?method=searchEftIsuDetail&isuCd=KR7459580007,,,,,,,,
inventory_459750,459750,RISE 글로벌주식분산액티브,unclassified,unclassified,1.0,2023-06-27,,active,,inventory_only,https://data.krx.co.kr/comm/bldAttendant/getJsonData.cmd?bld=dbms/MDC/STAT/standard/MDCSTAT04601,,,,,,,,
inventory_459790,459790,KIWOOM 미국성장기업30액티브,unclassified,unclassified,1.0,2023-06-27,,active,,inventory_only,https://kind.krx.co.kr/disclosure/etfisudetail.do?method=searchEftIsuDetail&isuCd=KR7459790002,,,,,,,,
inventory_460270,460270,KIWOOM 미국달러SOFR금리액티브(합성),unclassified,unclassified,1.0,2023-06-20,,active,,inventory_only,https://kind.krx.co.kr/disclosure/etfisudetail.do?method=searchEftIsuDetail&isuCd=KR7460270002,,,,,,,,
inventory_460280,460280,KIWOOM Fn유전자혁신기술,unclassified,unclassified,1.0,2023-06-27,2026-03-26,delisted,,inventory_only,https://kind.krx.co.kr/disclosure/etfisudetail.do?method=searchEftIsuDetail&isuCd=KR7460280001,,,,,,,,
inventory_460660,460660,RISE 미국S&P배당킹,unclassified,unclassified,1.0,2023-06-27,,active,,inventory_only,https://data.krx.co.kr/comm/bldAttendant/getJsonData.cmd?bld=dbms/MDC/STAT/standard/MDCSTAT04601,,,,,,,,
inventory_460960,460960,ACE 글로벌인컴TOP10,unclassified,unclassified,1.0,2023-07-11,,active,,inventory_only,https://kind.krx.co.kr/disclosure/etfisudetail.do?method=searchEftIsuDetail&isuCd=KR7460960008,,,,,,,,
inventory_461260,461260,ACE 25-06 회사채(AA-이상)액티브,unclassified,unclassified,1.0,2023-06-20,2025-06-25,delisted,,inventory_only,https://kind.krx.co.kr/disclosure/etfisudetail.do?method=searchEftIsuDetail&isuCd=KR7461260002,,,,,,,,
inventory_461270,461270,ACE 26-06 회사채(AA-이상)액티브,unclassified,unclassified,1.0,2023-06-20,2026-06-25,delisted,,inventory_only,https://kind.krx.co.kr/disclosure/etfisudetail.do?method=searchEftIsuDetail&isuCd=KR7461270001,,,,,,,,
inventory_461340,461340,HANARO 글로벌생성형AI액티브,unclassified,unclassified,1.0,2023-07-11,,active,,inventory_only,https://kind.krx.co.kr/disclosure/etfisudetail.do?method=searchEftIsuDetail&isuCd=KR7461340002,,,,,,,,
inventory_461450,461450,KODEX 코스닥글로벌,unclassified,unclassified,1.0,2023-06-29,,active,,inventory_only,https://data.krx.co.kr/comm/bldAttendant/getJsonData.cmd?bld=dbms/MDC/STAT/standard/MDCSTAT04601,,,,,,,,
inventory_461460,461460,PLUS 국고채10년액티브,unclassified,unclassified,1.0,2023-07-18,,active,,inventory_only,https://data.krx.co.kr/comm/bldAttendant/getJsonData.cmd?bld=dbms/MDC/STAT/standard/MDCSTAT04601,,,,,,,,
inventory_461490,461490,RISE 글로벌자산배분액티브,unclassified,unclassified,1.0,2023-06-27,,active,,inventory_only,https://kind.krx.co.kr/disclosure/etfisudetail.do?method=searchEftIsuDetail&isuCd=KR7461490005,,,,,,,,
inventory_461500,461500,HANARO 종합채권(AA-이상)액티브,unclassified,unclassified,1.0,2023-10-26,,active,,inventory_only,https://kind.krx.co.kr/disclosure/etfisudetail.do?method=searchEftIsuDetail&isuCd=KR7461500001,,,,,,,,
inventory_461580,461580,TIGER 코스닥글로벌,unclassified,unclassified,1.0,2023-06-29,,active,,inventory_only,https://data.krx.co.kr/comm/bldAttendant/getJsonData.cmd?bld=dbms/MDC/STAT/standard/MDCSTAT04601,,,,,,,,
inventory_461600,461600,SOL 미국30년국채액티브(H),unclassified,unclassified,1.0,2023-07-11,,active,,inventory_only,https://data.krx.co.kr/comm/bldAttendant/getJsonData.cmd?bld=dbms/MDC/STAT/standard/MDCSTAT04601,,,,,,,,
inventory_461900,461900,PLUS 미국테크TOP10,unclassified,unclassified,1.0,2023-07-18,,active,,inventory_only,https://data.krx.co.kr/comm/bldAttendant/getJsonData.cmd?bld=dbms/MDC/STAT/standard/MDCSTAT04601,,,,,,,,
inventory_461910,461910,PLUS 미국테크TOP10레버리지(합성),unclassified,unclassified,1.0,2023-07-18,,active,,inventory_only,https://data.krx.co.kr/comm/bldAttendant/getJsonData.cmd?bld=dbms/MDC/STAT/standard/MDCSTAT04601,,,,,,,,
inventory_461950,461950,KODEX 2차전지핵심소재10,unclassified,unclassified,1.0,2023-07-04,,active,,inventory_only,https://data.krx.co.kr/comm/bldAttendant/getJsonData.cmd?bld=dbms/MDC/STAT/standard/MDCSTAT04601,,,,,,,,
inventory_462010,462010,TIGER 2차전지소재Fn,unclassified,unclassified,1.0,2023-07-13,,active,,inventory_only,https://kind.krx.co.kr/disclosure/etfisudetail.do?method=searchEftIsuDetail&isuCd=KR7462010000,,,,,,,,
inventory_462330,462330,KODEX 2차전지산업레버리지,unclassified,unclassified,1.0,2023-07-04,,active,,inventory_only,https://kind.krx.co.kr/disclosure/etfisudetail.do?method=searchEftIsuDetail&isuCd=KR7462330002,,,,,,,,
inventory_462340,462340,에셋플러스 글로벌다이나믹시니어액티브,unclassified,unclassified,1.0,2023-07-25,,active,,inventory_only,https://data.krx.co.kr/comm/bldAttendant/getJsonData.cmd?bld=dbms/MDC/STAT/standard/MDCSTAT04601,,,,,,,,
inventory_462540,462540,SOL 25-09 회사채(AA-이상)액티브,unclassified,unclassified,1.0,2023-08-08,2025-09-09,delisted,,inventory_only,https://kind.krx.co.kr/disclosure/etfisudetail.do?method=searchEftIsuDetail&isuCd=KR7462540006,,,,,,,,
inventory_462900,462900,KoAct 바이오헬스케어액티브,unclassified,unclassified,1.0,2023-08-03,,active,,inventory_only,https://data.krx.co.kr/comm/bldAttendant/getJsonData.cmd?bld=dbms/MDC/STAT/standard/MDCSTAT04601,,,,,,,,
inventory_463050,463050,TIME K바이오액티브,unclassified,unclassified,1.0,2023-08-17,,active,,inventory_only,https://data.krx.co.kr/comm/bldAttendant/getJsonData.cmd?bld=dbms/MDC/STAT/standard/MDCSTAT04601,,,,,,,,
inventory_463250,463250,TIGER K방산&우주,unclassified,unclassified,1.0,2023-07-25,,active,,inventory_only,https://data.krx.co.kr/comm/bldAttendant/getJsonData.cmd?bld=dbms/MDC/STAT/standard/MDCSTAT04601,,,,,,,,
inventory_463290,463290,1Q 단기금융채액티브,unclassified,unclassified,1.0,2023-08-03,,active,,inventory_only,https://kind.krx.co.kr/disclosure/etfisudetail.do?method=searchEftIsuDetail&isuCd=KR7463290007,,,,,,,,
inventory_463300,463300,RISE 중국본토CSI300,unclassified,unclassified,1.0,2023-08-08,,active,,inventory_only,https://data.krx.co.kr/comm/bldAttendant/getJsonData.cmd?bld=dbms/MDC/STAT/standard/MDCSTAT04601,,,,,,,,
inventory_463640,463640,KODEX 미국S&P500유틸리티,unclassified,unclassified,1.0,2023-08-01,,active,,inventory_only,https://kind.krx.co.kr/disclosure/etfisudetail.do?method=searchEftIsuDetail&isuCd=KR7463640003,,,,,,,,
inventory_463680,463680,KODEX 미국S&P500테크놀로지,unclassified,unclassified,1.0,2023-08-01,,active,,inventory_only,https://data.krx.co.kr/comm/bldAttendant/getJsonData.cmd?bld=dbms/MDC/STAT/standard/MDCSTAT04601,,,,,,,,
inventory_463690,463690,KODEX 미국S&P500커뮤니케이션,unclassified,unclassified,1.0,2023-08-01,,active,,inventory_only,https://kind.krx.co.kr/disclosure/etfisudetail.do?method=searchEftIsuDetail&isuCd=KR7463690008,,,,,,,,
inventory_464060,464060,HANARO 글로벌반도체TOP10 SOLACTIVE,unclassified,unclassified,1.0,2023-08-01,2025-11-05,delisted,,inventory_only,https://kind.krx.co.kr/disclosure/etfisudetail.do?method=searchEftIsuDetail&isuCd=KR7464060003,,,,,,,,
inventory_464230,464230,히어로즈 24-09 회사채(AA-이상)액티브,unclassified,unclassified,1.0,2023-08-17,2024-09-27,delisted,,inventory_only,https://kind.krx.co.kr/disclosure/etfisudetail.do?method=searchEftIsuDetail&isuCd=KR7464230002,,,,,,,,
inventory_464240,464240,KIWOOM 26-09회사채(AA-이상)액티브,unclassified,unclassified,1.0,2023-08-17,,active,,inventory_only,https://kind.krx.co.kr/disclosure/etfisudetail.do?method=searchEftIsuDetail&isuCd=KR7464240001,,,,,,,,
inventory_464310,464310,TIGER 글로벌AI&로보틱스 INDXX,unclassified,unclassified,1.0,2023-08-17,,active,,inventory_only,https://kind.krx.co.kr/disclosure/etfisudetail.do?method=searchEftIsuDetail&isuCd=KR7464310002,,,,,,,,
inventory_464470,464470,PLUS 미국채30년액티브,unclassified,unclassified,1.0,2023-08-22,,active,,inventory_only,https://data.krx.co.kr/comm/bldAttendant/getJsonData.cmd?bld=dbms/MDC/STAT/standard/MDCSTAT04601,,,,,,,,
inventory_464540,464540,RISE 25-03 회사채(AA-이상)액티브,unclassified,unclassified,1.0,2023-08-17,2025-03-19,delisted,,inventory_only,https://kind.krx.co.kr/disclosure/etfisudetail.do?method=searchEftIsuDetail&isuCd=KR7464540004,,,,,,,,
inventory_464600,464600,SOL 자동차소부장Fn,unclassified,unclassified,1.0,2023-08-22,,active,,inventory_only,https://data.krx.co.kr/comm/bldAttendant/getJsonData.cmd?bld=dbms/MDC/STAT/standard/MDCSTAT04601,,,,,,,,
inventory_464610,464610,SOL 의료기기소부장Fn,unclassified,unclassified,1.0,2023-08-22,,active,,inventory_only,https://data.krx.co.kr/comm/bldAttendant/getJsonData.cmd?bld=dbms/MDC/STAT/standard/MDCSTAT04601,,,,,,,,
inventory_464920,464920,PLUS 일본반도체소부장,unclassified,unclassified,1.0,2023-08-31,,active,,inventory_only,https://data.krx.co.kr/comm/bldAttendant/getJsonData.cmd?bld=dbms/MDC/STAT/standard/MDCSTAT04601,,,,,,,,
inventory_464930,464930,TIGER 글로벌혁신블루칩TOP10,unclassified,unclassified,1.0,2023-08-29,,active,,inventory_only,https://kind.krx.co.kr/disclosure/etfisudetail.do?method=searchEftIsuDetail&isuCd=KR7464930007,,,,,,,,
inventory_465330,465330,RISE 2차전지TOP10,unclassified,unclassified,1.0,2023-09-12,,active,,inventory_only,https://kind.krx.co.kr/disclosure/etfisudetail.do?method=searchEftIsuDetail&isuCd=KR7465330009,,,,,,,,
inventory_465350,465350,RISE 2차전지TOP10인버스(합성),unclassified,unclassified,1.0,2023-09-12,,active,,inventory_only,https://data.krx.co.kr/comm/bldAttendant/getJsonData.cmd?bld=dbms/MDC/STAT/standard/MDCSTAT04601,,,,,,,,
inventory_465580,465580,ACE 미국빅테크TOP7 Plus,unclassified,unclassified,1.0,2023-09-12,,active,,inventory_only,https://kind.krx.co.kr/disclosure/etfisudetail.do?method=searchEftIsuDetail&isuCd=KR7465580009,,,,,,,,
inventory_465610,465610,ACE 미국빅테크TOP7 Plus레버리지(합성),unclassified,unclassified,1.0,2023-09-12,,active,,inventory_only,https://kind.krx.co.kr/disclosure/etfisudetail.do?method=searchEftIsuDetail&isuCd=KR7465610004,,,,,,,,
inventory_465620,465620,ACE 미국빅테크TOP7 Plus인버스(합성),unclassified,unclassified,1.0,2023-09-12,,active,,inventory_only,https://kind.krx.co.kr/disclosure/etfisudetail.do?method=searchEftIsuDetail&isuCd=KR7465620003,,,,,,,,
inventory_465660,465660,TIGER 일본반도체FACTSET,unclassified,unclassified,1.0,2023-09-19,,active,,inventory_only,https://kind.krx.co.kr/disclosure/etfisudetail.do?method=searchEftIsuDetail&isuCd=KR7465660009,,,,,,,,
inventory_465670,465670,TIGER 미국캐시카우100,unclassified,unclassified,1.0,2023-09-19,,active,,inventory_only,https://data.krx.co.kr/comm/bldAttendant/getJsonData.cmd?bld=dbms/MDC/STAT/standard/MDCSTAT04601,,,,,,,,
inventory_465680,465680,KODEX 24-12 은행채(AA+이상)액티브,unclassified,unclassified,1.0,2023-09-12,2024-12-06,delisted,,inventory_only,https://kind.krx.co.kr/disclosure/etfisudetail.do?method=searchEftIsuDetail&isuCd=KR7465680007,,,,,,,,
inventory_465780,465780,마이티 26-09 특수채(AAA)액티브,unclassified,unclassified,1.0,2023-09-21,,active,,inventory_only,https://data.krx.co.kr/comm/bldAttendant/getJsonData.cmd?bld=dbms/MDC/STAT/standard/MDCSTAT04601,,,,,,,,
inventory_466400,466400,1Q 25-08 회사채(A+이상)액티브,unclassified,unclassified,1.0,2023-09-19,2025-08-27,delisted,,inventory_only,https://kind.krx.co.kr/disclosure/etfisudetail.do?method=searchEftIsuDetail&isuCd=KR7466400009,,,,,,,,
inventory_466810,466810,BNK 2차전지양극재,unclassified,unclassified,1.0,2023-10-19,,active,,inventory_only,https://kind.krx.co.kr/disclosure/etfisudetail.do?method=searchEftIsuDetail&isuCd=KR7466810009,,,,,,,,
inventory_466920,466920,SOL 조선TOP3플러스,unclassified,unclassified,1.0,2023-10-05,,active,,inventory_only,https://data.krx.co.kr/comm/bldAttendant/getJsonData.cmd?bld=dbms/MDC/STAT/standard/MDCSTAT04601,,,,,,,,
inventory_466930,466930,SOL 자동차TOP3플러스,unclassified,unclassified,1.0,2023-10-05,,active,,inventory_only,https://data.krx.co.kr/comm/bldAttendant/getJsonData.cmd?bld=dbms/MDC/STAT/standard/MDCSTAT04601,,,,,,,,
inventory_466940,466940,TIGER 은행고배당플러스TOP10,unclassified,unclassified,1.0,2023-10-17,,active,,inventory_only,https://kind.krx.co.kr/disclosure/etfisudetail.do?method=searchEftIsuDetail&isuCd=KR7466940004,,,,,,,,
inventory_466950,466950,TIGER 글로벌AI액티브,unclassified,unclassified,1.0,2023-10-11,,active,,inventory_only,https://data.krx.co.kr/comm/bldAttendant/getJsonData.cmd?bld=dbms/MDC/STAT/standard/MDCSTAT04601,,,,,,,,
inventory_467540,467540,KIWOOM 코스닥글로벌,unclassified,unclassified,1.0,2023-10-24,2025-06-04,delisted,,inventory_only,https://kind.krx.co.kr/disclosure/etfisudetail.do?method=searchEftIsuDetail&isuCd=KR7467540001,,,,,,,,
inventory_467620,467620,KIWOOM 25-09 미국채권(AA-이상)액티브,unclassified,unclassified,1.0,2023-10-17,2025-09-26,delisted,,inventory_only,https://kind.krx.co.kr/disclosure/etfisudetail.do?method=searchEftIsuDetail&isuCd=KR7467620001,,,,,,,,
inventory_467940,467940,KODEX 25-11 회사채(A+이상)액티브,unclassified,unclassified,1.0,2023-10-11,2025-11-14,delisted,,inventory_only,https://kind.krx.co.kr/disclosure/etfisudetail.do?method=searchEftIsuDetail&isuCd=KR7467940003,,,,,,,,
inventory_468370,468370,KODEX iShares미국인플레이션국채액티브,unclassified,unclassified,1.0,2023-10-19,,active,,inventory_only,https://data.krx.co.kr/comm/bldAttendant/getJsonData.cmd?bld=dbms/MDC/STAT/standard/MDCSTAT04601,,,,,,,,
inventory_468380,468380,KODEX iShares미국하이일드액티브,unclassified,unclassified,1.0,2023-10-19,,active,,inventory_only,https://data.krx.co.kr/comm/bldAttendant/getJsonData.cmd?bld=dbms/MDC/STAT/standard/MDCSTAT04601,,,,,,,,
inventory_468630,468630,KODEX iShares미국투자등급회사채액티브,unclassified,unclassified,1.0,2023-10-19,,active,,inventory_only,https://kind.krx.co.kr/disclosure/etfisudetail.do?method=searchEftIsuDetail&isuCd=KR7468630009,,,,,,,,
inventory_468820,468820,WON 25-09 회사채(AA-이상)액티브,unclassified,unclassified,1.0,2023-10-19,2025-09-26,delisted,,inventory_only,https://kind.krx.co.kr/disclosure/etfisudetail.do?method=searchEftIsuDetail&isuCd=KR7468820006,,,,,,,,
inventory_469050,469050,RISE 미국반도체NYSE(H),unclassified,unclassified,1.0,2023-10-24,,active,,inventory_only,https://data.krx.co.kr/comm/bldAttendant/getJsonData.cmd?bld=dbms/MDC/STAT/standard/MDCSTAT04601,,,,,,,,
inventory_469060,469060,RISE 미국반도체NYSE,unclassified,unclassified,1.0,2023-10-24,,active,,inventory_only,https://data.krx.co.kr/comm/bldAttendant/getJsonData.cmd?bld=dbms/MDC/STAT/standard/MDCSTAT04601,,,,,,,,
inventory_469070,469070,RISE AI&로봇,unclassified,unclassified,1.0,2023-10-24,,active,,inventory_only,https://data.krx.co.kr/comm/bldAttendant/getJsonData.cmd?bld=dbms/MDC/STAT/standard/MDCSTAT04601,,,,,,,,
inventory_469150,469150,ACE AI반도체TOP3+,unclassified,unclassified,1.0,2023-10-17,,active,,inventory_only,https://kind.krx.co.kr/disclosure/etfisudetail.do?method=searchEftIsuDetail&isuCd=KR7469150007,,,,,,,,
inventory_469160,469160,ACE 일본반도체,unclassified,unclassified,1.0,2023-10-17,,active,,inventory_only,https://data.krx.co.kr/comm/bldAttendant/getJsonData.cmd?bld=dbms/MDC/STAT/standard/MDCSTAT04601,,,,,,,,
inventory_469170,469170,ACE 포스코그룹포커스,unclassified,unclassified,1.0,2023-10-17,,active,,inventory_only,https://kind.krx.co.kr/disclosure/etfisudetail.do?method=searchEftIsuDetail&isuCd=KR7469170005,,,,,,,,
inventory_469530,469530,RISE 미국달러선물인버스,unclassified,unclassified,1.0,2023-11-09,,active,,inventory_only,https://data.krx.co.kr/comm/bldAttendant/getJsonData.cmd?bld=dbms/MDC/STAT/standard/MDCSTAT04601,,,,,,,,
inventory_469580,469580,RISE KP달러채권액티브,unclassified,unclassified,1.0,2023-11-09,2025-01-22,delisted,,inventory_only,https://kind.krx.co.kr/disclosure/etfisudetail.do?method=searchEftIsuDetail&isuCd=KR7469580005,,,,,,,,
inventory_469790,469790,KIWOOM 코리아테크TOP10,unclassified,unclassified,1.0,2023-10-31,,active,,inventory_only,https://kind.krx.co.kr/disclosure/etfisudetail.do?method=searchEftIsuDetail&isuCd=KR7469790000,,,,,,,,
inventory_469820,469820,SOL 24-12 회사채(AA-이상)액티브,unclassified,unclassified,1.0,2023-11-07,2024-12-09,delisted,,inventory_only,https://kind.krx.co.kr/disclosure/etfisudetail.do?method=searchEftIsuDetail&isuCd=KR7469820005,,,,,,,,
inventory_469830,469830,SOL 초단기채권액티브,unclassified,unclassified,1.0,2023-11-07,,active,,inventory_only,https://kind.krx.co.kr/disclosure/etfisudetail.do?method=searchEftIsuDetail&isuCd=KR7469830004,,,,,,,,
inventory_470260,470260,TIGER 24-12 금융채(AA-이상),unclassified,unclassified,1.0,2023-11-21,2024-12-18,delisted,,inventory_only,https://kind.krx.co.kr/disclosure/etfisudetail.do?method=searchEftIsuDetail&isuCd=KR7470260001,,,,,,,,
inventory_470310,470310,UNICORN 생성형AI강소기업액티브,unclassified,unclassified,1.0,2023-11-21,,active,,inventory_only,https://data.krx.co.kr/comm/bldAttendant/getJsonData.cmd?bld=dbms/MDC/STAT/standard/MDCSTAT04601,,,,,,,,
inventory_470320,470320,BNK 24-11 회사채(AA-이상)액티브,unclassified,unclassified,1.0,2023-11-14,2024-11-27,delisted,,inventory_only,https://kind.krx.co.kr/disclosure/etfisudetail.do?method=searchEftIsuDetail&isuCd=KR7470320003,,,,,,,,
inventory_471040,471040,KoAct 글로벌AI&로봇액티브,unclassified,unclassified,1.0,2023-11-21,,active,,inventory_only,https://data.krx.co.kr/comm/bldAttendant/getJsonData.cmd?bld=dbms/MDC/STAT/standard/MDCSTAT04601,,,,,,,,
inventory_471230,471230,KODEX 국고채10년액티브,unclassified,unclassified,1.0,2023-11-14,,active,,inventory_only,https://data.krx.co.kr/comm/bldAttendant/getJsonData.cmd?bld=dbms/MDC/STAT/standard/MDCSTAT04601,,,,,,,,
inventory_471290,471290,HANARO CD금리액티브(합성),unclassified,unclassified,1.0,2023-11-14,2025-06-24,delisted,,inventory_only,https://kind.krx.co.kr/disclosure/etfisudetail.do?method=searchEftIsuDetail&isuCd=KR7471290007,,,,,,,,
inventory_471460,471460,KIWOOM 국고채30년액티브,unclassified,unclassified,1.0,2023-11-07,,active,,inventory_only,https://kind.krx.co.kr/disclosure/etfisudetail.do?method=searchEftIsuDetail&isuCd=KR7471460006,,,,,,,,
inventory_471760,471760,TIGER AI반도체핵심공정,unclassified,unclassified,1.0,2023-11-21,,active,,inventory_only,https://data.krx.co.kr/comm/bldAttendant/getJsonData.cmd?bld=dbms/MDC/STAT/standard/MDCSTAT04601,,,,,,,,
inventory_471780,471780,TIGER 코리아테크액티브,unclassified,unclassified,1.0,2023-11-28,,active,,inventory_only,https://kind.krx.co.kr/disclosure/etfisudetail.do?method=searchEftIsuDetail&isuCd=KR7471780007,,,,,,,,
inventory_471990,471990,KODEX AI반도체핵심장비,unclassified,unclassified,1.0,2023-11-21,,active,,inventory_only,https://data.krx.co.kr/comm/bldAttendant/getJsonData.cmd?bld=dbms/MDC/STAT/standard/MDCSTAT04601,,,,,,,,
inventory_472150,472150,TIGER 배당커버드콜액티브,unclassified,unclassified,1.0,2023-12-12,,active,,inventory_only,https://data.krx.co.kr/comm/bldAttendant/getJsonData.cmd?bld=dbms/MDC/STAT/standard/MDCSTAT04601,,,,,,,,
inventory_472160,472160,TIGER 미국테크TOP10 INDXX(H),unclassified,unclassified,1.0,2023-12-05,,active,,inventory_only,https://kind.krx.co.kr/disclosure/etfisudetail.do?method=searchEftIsuDetail&isuCd=KR7472160001,,,,,,,,
inventory_472170,472170,TIGER 미국테크TOP10채권혼합,unclassified,unclassified,1.0,2023-12-05,,active,,inventory_only,https://kind.krx.co.kr/disclosure/etfisudetail.do?method=searchEftIsuDetail&isuCd=KR7472170000,,,,,,,,
inventory_472350,472350,1Q 차이나H(H),unclassified,unclassified,1.0,2023-12-12,2026-03-04,delisted,,inventory_only,https://kind.krx.co.kr/disclosure/etfisudetail.do?method=searchEftIsuDetail&isuCd=KR7472350008,,,,,,,,
inventory_472490,472490,HANARO 미국애그테크,unclassified,unclassified,1.0,2023-11-28,2025-06-24,delisted,,inventory_only,https://kind.krx.co.kr/disclosure/etfisudetail.do?method=searchEftIsuDetail&isuCd=KR7472490002,,,,,,,,
inventory_472720,472720,TRUSTON 주주가치액티브,unclassified,unclassified,1.0,2023-12-14,,active,,inventory_only,https://data.krx.co.kr/comm/bldAttendant/getJsonData.cmd?bld=dbms/MDC/STAT/standard/MDCSTAT04601,,,,,,,,
inventory_472830,472830,RISE 미국30년국채커버드콜(합성),unclassified,unclassified,1.0,2023-12-14,,active,,inventory_only,https://data.krx.co.kr/comm/bldAttendant/getJsonData.cmd?bld=dbms/MDC/STAT/standard/MDCSTAT04601,,,,,,,,
inventory_472840,472840,IBK 200,unclassified,unclassified,1.0,2023-12-21,,active,,inventory_only,https://kind.krx.co.kr/disclosure/etfisudetail.do?method=searchEftIsuDetail&isuCd=KR7472840008,,,,,,,,
inventory_472870,472870,RISE 미국30년국채엔화노출(합성 H),unclassified,unclassified,1.0,2023-12-27,,active,,inventory_only,https://data.krx.co.kr/comm/bldAttendant/getJsonData.cmd?bld=dbms/MDC/STAT/standard/MDCSTAT04601,,,,,,,,
inventory_472920,472920,HK 종합채권(AA-이상)액티브,unclassified,unclassified,1.0,2023-11-28,,active,,inventory_only,https://kind.krx.co.kr/disclosure/etfisudetail.do?method=searchEftIsuDetail&isuCd=KR7472920008,,,,,,,,
inventory_473290,473290,KODEX 26-12 회사채(AA-이상)액티브,unclassified,unclassified,1.0,2023-12-12,,active,,inventory_only,https://kind.krx.co.kr/disclosure/etfisudetail.do?method=searchEftIsuDetail&isuCd=KR7473290005,,,,,,,,
inventory_473330,473330,SOL 미국30년국채커버드콜(합성),unclassified,unclassified,1.0,2023-12-27,,active,,inventory_only,https://data.krx.co.kr/comm/bldAttendant/getJsonData.cmd?bld=dbms/MDC/STAT/standard/MDCSTAT04601,,,,,,,,
inventory_473380,473380,HANARO K-메디테크,unclassified,unclassified,1.0,2023-12-21,2025-03-26,delisted,,inventory_only,https://kind.krx.co.kr/disclosure/etfisudetail.do?method=searchEftIsuDetail&isuCd=KR7473380004,,,,,,,,
inventory_473440,473440,ACE 11월만기자동연장회사채AA-이상액티브,unclassified,unclassified,1.0,2023-12-19,,active,,inventory_only,https://kind.krx.co.kr/disclosure/etfisudetail.do?method=searchEftIsuDetail&isuCd=KR7473440006,,,,,,,,
inventory_473460,473460,KODEX 미국서학개미,unclassified,unclassified,1.0,2023-12-27,,active,,inventory_only,https://kind.krx.co.kr/disclosure/etfisudetail.do?method=searchEftIsuDetail&isuCd=KR7473460004,,,,,,,,
inventory_473490,473490,KIWOOM 글로벌AI반도체,unclassified,unclassified,1.0,2023-12-21,,active,,inventory_only,https://kind.krx.co.kr/disclosure/etfisudetail.do?method=searchEftIsuDetail&isuCd=KR7473490001,,,,,,,,
inventory_473500,473500,KIWOOM 글로벌전력반도체,unclassified,unclassified,1.0,2023-12-21,2025-06-04,delisted,,inventory_only,https://kind.krx.co.kr/disclosure/etfisudetail.do?method=searchEftIsuDetail&isuCd=KR7473500007,,,,,,,,
inventory_473590,473590,ACE 미국주식베스트셀러,unclassified,unclassified,1.0,2023-12-27,,active,,inventory_only,https://kind.krx.co.kr/disclosure/etfisudetail.do?method=searchEftIsuDetail&isuCd=KR7473590008,,,,,,,,
inventory_473640,473640,HANARO 글로벌금채굴기업,unclassified,unclassified,1.0,2024-01-18,,active,,inventory_only,https://kind.krx.co.kr/disclosure/etfisudetail.do?method=searchEftIsuDetail&isuCd=KR7473640001,,,,,,,,
inventory_474220,474220,TIGER 미국테크TOP10타겟커버드콜,unclassified,unclassified,1.0,2024-01-16,,active,,inventory_only,https://data.krx.co.kr/comm/bldAttendant/getJsonData.cmd?bld=dbms/MDC/STAT/standard/MDCSTAT04601,,,,,,,,
inventory_474390,474390,SOL 국고채30년액티브,unclassified,unclassified,1.0,2024-01-16,,active,,inventory_only,https://data.krx.co.kr/comm/bldAttendant/getJsonData.cmd?bld=dbms/MDC/STAT/standard/MDCSTAT04601,,,,,,,,
inventory_474590,474590,WON 반도체밸류체인액티브,unclassified,unclassified,1.0,2024-01-16,,active,,inventory_only,https://data.krx.co.kr/comm/bldAttendant/getJsonData.cmd?bld=dbms/MDC/STAT/standard/MDCSTAT04601,,,,,,,,
inventory_474800,474800,KIWOOM 미국원유에너지기업,unclassified,unclassified,1.0,2024-01-16,,active,,inventory_only,https://kind.krx.co.kr/disclosure/etfisudetail.do?method=searchEftIsuDetail&isuCd=KR7474800000,,,,,,,,
inventory_474920,474920,에셋플러스 차이나일등기업포커스10액티브,unclassified,unclassified,1.0,2024-01-16,,active,,inventory_only,https://data.krx.co.kr/comm/bldAttendant/getJsonData.cmd?bld=dbms/MDC/STAT/standard/MDCSTAT04601,,,,,,,,
inventory_475050,475050,ACE KPOP포커스,unclassified,unclassified,1.0,2024-01-30,,active,,inventory_only,https://kind.krx.co.kr/disclosure/etfisudetail.do?method=searchEftIsuDetail&isuCd=KR7475050001,,,,,,,,
inventory_475070,475070,KoAct 글로벌친환경전력인프라액티브,unclassified,unclassified,1.0,2024-01-18,,active,,inventory_only,https://data.krx.co.kr/comm/bldAttendant/getJsonData.cmd?bld=dbms/MDC/STAT/standard/MDCSTAT04601,,,,,,,,
inventory_475080,475080,KODEX 테슬라커버드콜채권혼합액티브,unclassified,unclassified,1.0,2024-01-23,,active,,inventory_only,https://data.krx.co.kr/comm/bldAttendant/getJsonData.cmd?bld=dbms/MDC/STAT/standard/MDCSTAT04601,,,,,,,,
inventory_475260,475260,ACE 2월만기자동연장회사채AA-이상액티브,unclassified,unclassified,1.0,2024-01-23,,active,,inventory_only,https://kind.krx.co.kr/disclosure/etfisudetail.do?method=searchEftIsuDetail&isuCd=KR7475260006,,,,,,,,
inventory_475270,475270,ACE 5월만기자동연장회사채AA-이상액티브,unclassified,unclassified,1.0,2024-01-23,,active,,inventory_only,https://kind.krx.co.kr/disclosure/etfisudetail.do?method=searchEftIsuDetail&isuCd=KR7475270005,,,,,,,,
inventory_475280,475280,ACE 8월만기자동연장회사채AA-이상액티브,unclassified,unclassified,1.0,2024-01-23,,active,,inventory_only,https://kind.krx.co.kr/disclosure/etfisudetail.do?method=searchEftIsuDetail&isuCd=KR7475280004,,,,,,,,
inventory_475300,475300,SOL 반도체전공정,unclassified,unclassified,1.0,2024-02-14,,active,,inventory_only,https://data.krx.co.kr/comm/bldAttendant/getJsonData.cmd?bld=dbms/MDC/STAT/standard/MDCSTAT04601,,,,,,,,
inventory_475310,475310,SOL 반도체후공정,unclassified,unclassified,1.0,2024-02-14,,active,,inventory_only,https://data.krx.co.kr/comm/bldAttendant/getJsonData.cmd?bld=dbms/MDC/STAT/standard/MDCSTAT04601,,,,,,,,
inventory_475350,475350,RISE 버크셔포트폴리오TOP10,unclassified,unclassified,1.0,2024-02-27,,active,,inventory_only,https://data.krx.co.kr/comm/bldAttendant/getJsonData.cmd?bld=dbms/MDC/STAT/standard/MDCSTAT04601,,,,,,,,
inventory_475380,475380,RISE 글로벌리얼티인컴,unclassified,unclassified,1.0,2024-02-20,,active,,inventory_only,https://data.krx.co.kr/comm/bldAttendant/getJsonData.cmd?bld=dbms/MDC/STAT/standard/MDCSTAT04601,,,,,,,,
inventory_475630,475630,TIGER CD1년금리액티브(합성),unclassified,unclassified,1.0,2024-02-06,,active,,inventory_only,https://data.krx.co.kr/comm/bldAttendant/getJsonData.cmd?bld=dbms/MDC/STAT/standard/MDCSTAT04601,,,,,,,,
inventory_475720,475720,RISE 200위클리커버드콜,unclassified,unclassified,1.0,2024-03-05,,active,,inventory_only,https://data.krx.co.kr/comm/bldAttendant/getJsonData.cmd?bld=dbms/MDC/STAT/standard/MDCSTAT04601,,,,,,,,
inventory_476000,476000,UNICORN 포스트IPO액티브,unclassified,unclassified,1.0,2024-02-27,,active,,inventory_only,https://data.krx.co.kr/comm/bldAttendant/getJsonData.cmd?bld=dbms/MDC/STAT/standard/MDCSTAT04601,,,,,,,,
inventory_476030,476030,SOL 미국나스닥100,unclassified,unclassified,1.0,2024-03-12,,active,,inventory_only,https://data.krx.co.kr/comm/bldAttendant/getJsonData.cmd?bld=dbms/MDC/STAT/standard/MDCSTAT04601,,,,,,,,
inventory_476070,476070,KODEX 글로벌비만치료제TOP2 Plus,unclassified,unclassified,1.0,2024-02-14,,active,,inventory_only,https://kind.krx.co.kr/disclosure/etfisudetail.do?method=searchEftIsuDetail&isuCd=KR7476070008,,,,,,,,
inventory_476260,476260,HANARO 반도체핵심공정주도주,unclassified,unclassified,1.0,2024-02-27,,active,,inventory_only,https://kind.krx.co.kr/disclosure/etfisudetail.do?method=searchEftIsuDetail&isuCd=KR7476260005,,,,,,,,
inventory_476310,476310,RISE 글로벌비만산업TOP2+,unclassified,unclassified,1.0,2024-02-27,,active,,inventory_only,https://kind.krx.co.kr/disclosure/etfisudetail.do?method=searchEftIsuDetail&isuCd=KR7476310008,,,,,,,,
inventory_476450,476450,KIWOOM 머니마켓액티브,unclassified,unclassified,1.0,2024-02-29,,active,,inventory_only,https://kind.krx.co.kr/disclosure/etfisudetail.do?method=searchEftIsuDetail&isuCd=KR7476450002,,,,,,,,
inventory_476550,476550,TIGER 미국30년국채커버드콜액티브(H),unclassified,unclassified,1.0,2024-02-27,,active,,inventory_only,https://kind.krx.co.kr/disclosure/etfisudetail.do?method=searchEftIsuDetail&isuCd=KR7476550009,,,,,,,,
inventory_476690,476690,TIGER 글로벌비만치료제TOP2Plus,unclassified,unclassified,1.0,2024-02-29,,active,,inventory_only,https://data.krx.co.kr/comm/bldAttendant/getJsonData.cmd?bld=dbms/MDC/STAT/standard/MDCSTAT04601,,,,,,,,
inventory_476750,476750,ACE 미국30년국채엔화노출액티브(H),unclassified,unclassified,1.0,2024-03-12,,active,,inventory_only,https://kind.krx.co.kr/disclosure/etfisudetail.do?method=searchEftIsuDetail&isuCd=KR7476750005,,,,,,,,
inventory_476760,476760,ACE 미국30년국채액티브,unclassified,unclassified,1.0,2024-03-12,,active,,inventory_only,https://kind.krx.co.kr/disclosure/etfisudetail.do?method=searchEftIsuDetail&isuCd=KR7476760004,,,,,,,,
inventory_476800,476800,KODEX 한국부동산리츠인프라,unclassified,unclassified,1.0,2024-03-05,,active,,inventory_only,https://data.krx.co.kr/comm/bldAttendant/getJsonData.cmd?bld=dbms/MDC/STAT/standard/MDCSTAT04601,,,,,,,,
inventory_476810,476810,KODEX 25-11 은행채(AA-이상)PLUS액티브,unclassified,unclassified,1.0,2024-03-05,2025-11-19,delisted,,inventory_only,https://kind.krx.co.kr/disclosure/etfisudetail.do?method=searchEftIsuDetail&isuCd=KR7476810007,,,,,,,,
inventory_476850,476850,KoAct 배당성장액티브,unclassified,unclassified,1.0,2024-02-27,,active,,inventory_only,https://kind.krx.co.kr/disclosure/etfisudetail.do?method=searchEftIsuDetail&isuCd=KR7476850003,,,,,,,,
inventory_477050,477050,PLUS 머니마켓액티브,unclassified,unclassified,1.0,2024-03-26,,active,,inventory_only,https://data.krx.co.kr/comm/bldAttendant/getJsonData.cmd?bld=dbms/MDC/STAT/standard/MDCSTAT04601,,,,,,,,
inventory_477080,477080,RISE CD금리액티브(합성),unclassified,unclassified,1.0,2024-03-26,,active,,inventory_only,https://data.krx.co.kr/comm/bldAttendant/getJsonData.cmd?bld=dbms/MDC/STAT/standard/MDCSTAT04601,,,,,,,,
inventory_477490,477490,에셋플러스 글로벌일등기업포커스10액티브,unclassified,unclassified,1.0,2024-03-19,,active,,inventory_only,https://kind.krx.co.kr/disclosure/etfisudetail.do?method=searchEftIsuDetail&isuCd=KR7477490007,,,,,,,,
inventory_477730,477730,KODEX 인도타타그룹,unclassified,unclassified,1.0,2024-05-08,,active,,inventory_only,https://kind.krx.co.kr/disclosure/etfisudetail.do?method=searchEftIsuDetail&isuCd=KR7477730006,,,,,,,,
inventory_478150,478150,TIME 글로벌우주테크&방산액티브,unclassified,unclassified,1.0,2024-04-23,,active,,inventory_only,https://data.krx.co.kr/comm/bldAttendant/getJsonData.cmd?bld=dbms/MDC/STAT/standard/MDCSTAT04601,,,,,,,,
inventory_479080,479080,1Q 머니마켓액티브,unclassified,unclassified,1.0,2024-04-02,,active,,inventory_only,https://kind.krx.co.kr/disclosure/etfisudetail.do?method=searchEftIsuDetail&isuCd=KR7479080004,,,,,,,,
inventory_479520,479520,RISE KOFR금리액티브(합성),unclassified,unclassified,1.0,2024-04-30,,active,,inventory_only,https://kind.krx.co.kr/disclosure/etfisudetail.do?method=searchEftIsuDetail&isuCd=KR7479520009,,,,,,,,
inventory_479620,479620,SOL 미국AI반도체칩메이커,unclassified,unclassified,1.0,2024-04-16,,active,,inventory_only,https://data.krx.co.kr/comm/bldAttendant/getJsonData.cmd?bld=dbms/MDC/STAT/standard/MDCSTAT04601,,,,,,,,
inventory_479730,479730,TIGER 인도빌리언컨슈머,unclassified,unclassified,1.0,2024-05-14,,active,,inventory_only,https://data.krx.co.kr/comm/bldAttendant/getJsonData.cmd?bld=dbms/MDC/STAT/standard/MDCSTAT04601,,,,,,,,
inventory_479850,479850,HANARO K-뷰티,unclassified,unclassified,1.0,2024-04-16,,active,,inventory_only,https://kind.krx.co.kr/disclosure/etfisudetail.do?method=searchEftIsuDetail&isuCd=KR7479850000,,,,,,,,
inventory_480020,480020,ACE 미국빅테크7+데일리타겟커버드콜(합성),unclassified,unclassified,1.0,2024-04-23,,active,,inventory_only,https://kind.krx.co.kr/disclosure/etfisudetail.do?method=searchEftIsuDetail&isuCd=KR7480020007,,,,,,,,
inventory_480030,480030,ACE 미국500데일리타겟커버드콜(합성),unclassified,unclassified,1.0,2024-04-23,,active,,inventory_only,https://kind.krx.co.kr/disclosure/etfisudetail.do?method=searchEftIsuDetail&isuCd=KR7480030006,,,,,,,,
inventory_480040,480040,ACE 미국반도체데일리타겟커버드콜(합성),unclassified,unclassified,1.0,2024-04-23,,active,,inventory_only,https://kind.krx.co.kr/disclosure/etfisudetail.do?method=searchEftIsuDetail&isuCd=KR7480040005,,,,,,,,
inventory_480260,480260,TIGER 27-04회사채(A+이상)액티브,unclassified,unclassified,1.0,2024-04-23,,active,,inventory_only,https://data.krx.co.kr/comm/bldAttendant/getJsonData.cmd?bld=dbms/MDC/STAT/standard/MDCSTAT04601,,,,,,,,
inventory_480310,480310,TIGER 글로벌온디바이스AI,unclassified,unclassified,1.0,2024-04-16,,active,,inventory_only,https://data.krx.co.kr/comm/bldAttendant/getJsonData.cmd?bld=dbms/MDC/STAT/standard/MDCSTAT04601,,,,,,,,
inventory_480460,480460,WON 한국부동산TOP3플러스,unclassified,unclassified,1.0,2024-04-30,,active,,inventory_only,https://data.krx.co.kr/comm/bldAttendant/getJsonData.cmd?bld=dbms/MDC/STAT/standard/MDCSTAT04601,,,,,,,,
inventory_481050,481050,KODEX CD1년금리플러스액티브(합성),unclassified,unclassified,1.0,2024-04-23,,active,,inventory_only,https://data.krx.co.kr/comm/bldAttendant/getJsonData.cmd?bld=dbms/MDC/STAT/standard/MDCSTAT04601,,,,,,,,
inventory_481060,481060,KODEX 미국30년국채타겟커버드콜(합성 H),unclassified,unclassified,1.0,2024-04-30,,active,,inventory_only,https://kind.krx.co.kr/disclosure/etfisudetail.do?method=searchEftIsuDetail&isuCd=KR7481060002,,,,,,,,
inventory_481180,481180,SOL 미국AI소프트웨어,unclassified,unclassified,1.0,2024-05-14,,active,,inventory_only,https://data.krx.co.kr/comm/bldAttendant/getJsonData.cmd?bld=dbms/MDC/STAT/standard/MDCSTAT04601,,,,,,,,
inventory_481190,481190,SOL 미국테크TOP10,unclassified,unclassified,1.0,2024-05-21,,active,,inventory_only,https://data.krx.co.kr/comm/bldAttendant/getJsonData.cmd?bld=dbms/MDC/STAT/standard/MDCSTAT04601,,,,,,,,
inventory_481200,481200,SOL 미국테크TOP10인버스(합성),unclassified,unclassified,1.0,2024-05-21,2026-02-23,delisted,,inventory_only,https://kind.krx.co.kr/disclosure/etfisudetail.do?method=searchEftIsuDetail&isuCd=KR7481200004,,,,,,,,
inventory_481340,481340,RISE 미국30년국채액티브,unclassified,unclassified,1.0,2024-05-28,,active,,inventory_only,https://data.krx.co.kr/comm/bldAttendant/getJsonData.cmd?bld=dbms/MDC/STAT/standard/MDCSTAT04601,,,,,,,,
inventory_481430,481430,RISE 국고채10년액티브,unclassified,unclassified,1.0,2024-05-21,,active,,inventory_only,https://kind.krx.co.kr/disclosure/etfisudetail.do?method=searchEftIsuDetail&isuCd=KR7481430007,,,,,,,,
inventory_482030,482030,KoAct 반도체&2차전지핵심소재액티브,unclassified,unclassified,1.0,2024-05-14,,active,,inventory_only,https://kind.krx.co.kr/disclosure/etfisudetail.do?method=searchEftIsuDetail&isuCd=KR7482030004,,,,,,,,
inventory_482730,482730,TIGER 미국S&P500타겟데일리커버드콜,unclassified,unclassified,1.0,2024-05-21,,active,,inventory_only,https://data.krx.co.kr/comm/bldAttendant/getJsonData.cmd?bld=dbms/MDC/STAT/standard/MDCSTAT04601,,,,,,,,
inventory_482870,482870,HANARO 주주가치성장코리아액티브,unclassified,unclassified,1.0,2024-06-11,2025-11-26,delisted,,inventory_only,https://kind.krx.co.kr/disclosure/etfisudetail.do?method=searchEftIsuDetail&isuCd=KR7482870003,,,,,,,,
inventory_483020,483020,KIWOOM 의료AI,unclassified,unclassified,1.0,2024-05-28,,active,,inventory_only,https://kind.krx.co.kr/disclosure/etfisudetail.do?method=searchEftIsuDetail&isuCd=KR7483020004,,,,,,,,
inventory_483030,483030,KIWOOM 미국블록버스터바이오테크의약품+,unclassified,unclassified,1.0,2024-05-28,,active,,inventory_only,https://kind.krx.co.kr/disclosure/etfisudetail.do?method=searchEftIsuDetail&isuCd=KR7483030003,,,,,,,,
inventory_483230,483230,RISE 25-06 은행채(AA+이상)액티브,unclassified,unclassified,1.0,2024-06-18,2025-06-25,delisted,,inventory_only,https://kind.krx.co.kr/disclosure/etfisudetail.do?method=searchEftIsuDetail&isuCd=KR7483230009,,,,,,,,
inventory_483240,483240,TIGER 미국나스닥100ETF선물,unclassified,unclassified,1.0,2024-11-19,2026-06-09,delisted,,inventory_only,https://kind.krx.co.kr/disclosure/etfisudetail.do?method=searchEftIsuDetail&isuCd=KR7483240008,,,,,,,,
inventory_483280,483280,KODEX 미국AI테크TOP10타겟커버드콜,unclassified,unclassified,1.0,2024-05-28,,active,,inventory_only,https://kind.krx.co.kr/disclosure/etfisudetail.do?method=searchEftIsuDetail&isuCd=KR7483280004,,,,,,,,
inventory_483290,483290,KODEX 미국배당다우존스타겟커버드콜,unclassified,unclassified,1.0,2024-05-28,,active,,inventory_only,https://data.krx.co.kr/comm/bldAttendant/getJsonData.cmd?bld=dbms/MDC/STAT/standard/MDCSTAT04601,,,,,,,,
inventory_483320,483320,ACE 엔비디아밸류체인액티브,unclassified,unclassified,1.0,2024-06-11,,active,,inventory_only,https://data.krx.co.kr/comm/bldAttendant/getJsonData.cmd?bld=dbms/MDC/STAT/standard/MDCSTAT04601,,,,,,,,
inventory_483330,483330,ACE 마이크로소프트밸류체인액티브,unclassified,unclassified,1.0,2024-06-11,,active,,inventory_only,https://kind.krx.co.kr/disclosure/etfisudetail.do?method=searchEftIsuDetail&isuCd=KR7483330007,,,,,,,,
inventory_483340,483340,ACE 구글밸류체인액티브,unclassified,unclassified,1.0,2024-06-11,,active,,inventory_only,https://kind.krx.co.kr/disclosure/etfisudetail.do?method=searchEftIsuDetail&isuCd=KR7483340006,,,,,,,,
inventory_483420,483420,ACE 애플밸류체인액티브,unclassified,unclassified,1.0,2024-06-11,2026-07-09,delisted,,inventory_only,https://kind.krx.co.kr/disclosure/etfisudetail.do?method=searchEftIsuDetail&isuCd=KR7483420006,,,,,,,,
inventory_483570,483570,KCGI 미국S&P500 TOP10,unclassified,unclassified,1.0,2024-05-28,,active,,inventory_only,https://kind.krx.co.kr/disclosure/etfisudetail.do?method=searchEftIsuDetail&isuCd=KR7483570008,,,,,,,,
inventory_484790,484790,KODEX 미국30년국채액티브(H),unclassified,unclassified,1.0,2024-06-18,,active,,inventory_only,https://kind.krx.co.kr/disclosure/etfisudetail.do?method=searchEftIsuDetail&isuCd=KR7484790001,,,,,,,,
inventory_484880,484880,SOL 금융지주플러스고배당,unclassified,unclassified,1.0,2024-06-25,,active,,inventory_only,https://data.krx.co.kr/comm/bldAttendant/getJsonData.cmd?bld=dbms/MDC/STAT/standard/MDCSTAT04601,,,,,,,,
inventory_484890,484890,SOL 머니마켓액티브,unclassified,unclassified,1.0,2024-06-25,,active,,inventory_only,https://data.krx.co.kr/comm/bldAttendant/getJsonData.cmd?bld=dbms/MDC/STAT/standard/MDCSTAT04601,,,,,,,,
inventory_485540,485540,KODEX 미국AI테크TOP10,unclassified,unclassified,1.0,2024-06-25,,active,,inventory_only,https://data.krx.co.kr/comm/bldAttendant/getJsonData.cmd?bld=dbms/MDC/STAT/standard/MDCSTAT04601,,,,,,,,
inventory_485690,485690,RISE 미국AI밸류체인TOP3Plus,unclassified,unclassified,1.0,2024-07-23,,active,,inventory_only,https://data.krx.co.kr/comm/bldAttendant/getJsonData.cmd?bld=dbms/MDC/STAT/standard/MDCSTAT04601,,,,,,,,
inventory_485810,485810,TIME 글로벌바이오액티브,unclassified,unclassified,1.0,2024-07-02,,active,,inventory_only,https://data.krx.co.kr/comm/bldAttendant/getJsonData.cmd?bld=dbms/MDC/STAT/standard/MDCSTAT04601,,,,,,,,
inventory_486240,486240,DAISHIN AI반도체&인프라액티브,unclassified,unclassified,1.0,2024-06-18,,active,,inventory_only,https://kind.krx.co.kr/disclosure/etfisudetail.do?method=searchEftIsuDetail&isuCd=KR7486240005,,,,,,,,
inventory_486290,486290,TIGER 미국나스닥100타겟데일리커버드콜,unclassified,unclassified,1.0,2024-06-25,,active,,inventory_only,https://data.krx.co.kr/comm/bldAttendant/getJsonData.cmd?bld=dbms/MDC/STAT/standard/MDCSTAT04601,,,,,,,,
inventory_486450,486450,SOL 미국AI전력인프라,unclassified,unclassified,1.0,2024-07-16,,active,,inventory_only,https://data.krx.co.kr/comm/bldAttendant/getJsonData.cmd?bld=dbms/MDC/STAT/standard/MDCSTAT04601,,,,,,,,
inventory_486780,486780,HANARO 200선물레버리지1.5X,unclassified,unclassified,1.0,2024-07-09,2025-09-16,delisted,,inventory_only,https://kind.krx.co.kr/disclosure/etfisudetail.do?method=searchEftIsuDetail&isuCd=KR7486780000,,,,,,,,
inventory_486790,486790,HANARO 코스닥150선물레버리지1.5X,unclassified,unclassified,1.0,2024-07-09,2025-09-16,delisted,,inventory_only,https://kind.krx.co.kr/disclosure/etfisudetail.do?method=searchEftIsuDetail&isuCd=KR7486790009,,,,,,,,
inventory_486830,486830,HANARO 머니마켓액티브,unclassified,unclassified,1.0,2024-07-16,,active,,inventory_only,https://kind.krx.co.kr/disclosure/etfisudetail.do?method=searchEftIsuDetail&isuCd=KR7486830003,,,,,,,,
inventory_487130,487130,KoAct AI인프라액티브,unclassified,unclassified,1.0,2024-07-09,,active,,inventory_only,https://data.krx.co.kr/comm/bldAttendant/getJsonData.cmd?bld=dbms/MDC/STAT/standard/MDCSTAT04601,,,,,,,,
inventory_487230,487230,KODEX 미국AI전력핵심인프라,unclassified,unclassified,1.0,2024-07-09,,active,,inventory_only,https://kind.krx.co.kr/disclosure/etfisudetail.do?method=searchEftIsuDetail&isuCd=KR7487230005,,,,,,,,
inventory_487240,487240,KODEX AI전력핵심설비,unclassified,unclassified,1.0,2024-07-09,,active,,inventory_only,https://data.krx.co.kr/comm/bldAttendant/getJsonData.cmd?bld=dbms/MDC/STAT/standard/MDCSTAT04601,,,,,,,,
inventory_487340,487340,ACE 머니마켓액티브,unclassified,unclassified,1.0,2024-07-09,,active,,inventory_only,https://kind.krx.co.kr/disclosure/etfisudetail.do?method=searchEftIsuDetail&isuCd=KR7487340002,,,,,,,,
inventory_487750,487750,BNK 온디바이스AI,unclassified,unclassified,1.0,2024-07-23,,active,,inventory_only,https://kind.krx.co.kr/disclosure/etfisudetail.do?method=searchEftIsuDetail&isuCd=KR7487750002,,,,,,,,
inventory_487910,487910,ACE 인도컨슈머파워액티브,unclassified,unclassified,1.0,2024-09-10,,active,,inventory_only,https://kind.krx.co.kr/disclosure/etfisudetail.do?method=searchEftIsuDetail&isuCd=KR7487910002,,,,,,,,
inventory_487920,487920,ACE 인도시장대표BIG5그룹액티브,unclassified,unclassified,1.0,2024-09-10,,active,,inventory_only,https://kind.krx.co.kr/disclosure/etfisudetail.do?method=searchEftIsuDetail&isuCd=KR7487920001,,,,,,,,
inventory_487950,487950,KODEX 대만테크고배당다우존스,unclassified,unclassified,1.0,2024-07-23,,active,,inventory_only,https://kind.krx.co.kr/disclosure/etfisudetail.do?method=searchEftIsuDetail&isuCd=KR7487950008,,,,,,,,
inventory_488080,488080,TIGER 반도체TOP10레버리지,unclassified,unclassified,1.0,2024-07-23,,active,,inventory_only,https://kind.krx.co.kr/disclosure/etfisudetail.do?method=searchEftIsuDetail&isuCd=KR7488080003,,,,,,,,
inventory_488200,488200,KIWOOM K-2차전지북미공급망,unclassified,unclassified,1.0,2024-07-23,,active,,inventory_only,https://kind.krx.co.kr/disclosure/etfisudetail.do?method=searchEftIsuDetail&isuCd=KR7488200007,,,,,,,,
inventory_488210,488210,KIWOOM K-반도체북미공급망,unclassified,unclassified,1.0,2024-07-23,,active,,inventory_only,https://kind.krx.co.kr/disclosure/etfisudetail.do?method=searchEftIsuDetail&isuCd=KR7488210006,,,,,,,,
inventory_488290,488290,MIDAS 일본테크액티브,unclassified,unclassified,1.0,2024-08-06,,active,,inventory_only,https://data.krx.co.kr/comm/bldAttendant/getJsonData.cmd?bld=dbms/MDC/STAT/standard/MDCSTAT04601,,,,,,,,
inventory_488480,488480,RISE 일본섹터TOP4Plus,unclassified,unclassified,1.0,2024-08-20,,active,,inventory_only,https://data.krx.co.kr/comm/bldAttendant/getJsonData.cmd?bld=dbms/MDC/STAT/standard/MDCSTAT04601,,,,,,,,
inventory_488500,488500,TIGER 미국S&P500동일가중,unclassified,unclassified,1.0,2024-07-23,,active,,inventory_only,https://data.krx.co.kr/comm/bldAttendant/getJsonData.cmd?bld=dbms/MDC/STAT/standard/MDCSTAT04601,,,,,,,,
inventory_488720,488720,WON 종합채권(AA-이상)액티브,unclassified,unclassified,1.0,2024-08-06,,active,,inventory_only,https://data.krx.co.kr/comm/bldAttendant/getJsonData.cmd?bld=dbms/MDC/STAT/standard/MDCSTAT04601,,,,,,,,
inventory_488770,488770,KODEX 머니마켓액티브,unclassified,unclassified,1.0,2024-08-06,,active,,inventory_only,https://kind.krx.co.kr/disclosure/etfisudetail.do?method=searchEftIsuDetail&isuCd=KR7488770009,,,,,,,,
inventory_488980,488980,SOL 26-12 회사채(AA-이상)액티브,unclassified,unclassified,1.0,2024-10-08,,active,,inventory_only,https://data.krx.co.kr/comm/bldAttendant/getJsonData.cmd?bld=dbms/MDC/STAT/standard/MDCSTAT04601,,,,,,,,
inventory_489000,489000,PLUS 일본엔화초단기국채(합성),unclassified,unclassified,1.0,2024-08-13,,active,,inventory_only,https://data.krx.co.kr/comm/bldAttendant/getJsonData.cmd?bld=dbms/MDC/STAT/standard/MDCSTAT04601,,,,,,,,
inventory_489010,489010,PLUS 글로벌AI인프라,unclassified,unclassified,1.0,2024-08-13,2026-08-27,delisted,,inventory_only,https://kind.krx.co.kr/disclosure/etfisudetail.do?method=searchEftIsuDetail&isuCd=KR7489010009,,,,,,,,
inventory_489030,489030,PLUS 고배당주위클리커버드콜,unclassified,unclassified,1.0,2024-08-13,,active,,inventory_only,https://kind.krx.co.kr/disclosure/etfisudetail.do?method=searchEftIsuDetail&isuCd=KR7489030007,,,,,,,,
inventory_489250,489250,KODEX 미국배당다우존스,unclassified,unclassified,1.0,2024-08-13,,active,,inventory_only,https://data.krx.co.kr/comm/bldAttendant/getJsonData.cmd?bld=dbms/MDC/STAT/standard/MDCSTAT04601,,,,,,,,
inventory_489290,489290,WON 미국빌리어네어,unclassified,unclassified,1.0,2024-09-03,,active,,inventory_only,https://kind.krx.co.kr/disclosure/etfisudetail.do?method=searchEftIsuDetail&isuCd=KR7489290007,,,,,,,,
inventory_489570,489570,HANARO 25-12 은행채(AA+이상)액티브,unclassified,unclassified,1.0,2024-10-15,2025-12-08,delisted,,inventory_only,https://kind.krx.co.kr/disclosure/etfisudetail.do?method=searchEftIsuDetail&isuCd=KR7489570002,,,,,,,,
inventory_489860,489860,KIWOOM 글로벌전력GRID인프라,unclassified,unclassified,1.0,2024-08-27,,active,,inventory_only,https://kind.krx.co.kr/disclosure/etfisudetail.do?method=searchEftIsuDetail&isuCd=KR7489860007,,,,,,,,
inventory_489870,489870,KIWOOM 25-09 회사채(AA-이상)액티브,unclassified,unclassified,1.0,2024-09-24,2025-09-26,delisted,,inventory_only,https://kind.krx.co.kr/disclosure/etfisudetail.do?method=searchEftIsuDetail&isuCd=KR7489870006,,,,,,,,
inventory_490090,490090,TIGER 미국AI빅테크10,unclassified,unclassified,1.0,2024-08-27,,active,,inventory_only,https://kind.krx.co.kr/disclosure/etfisudetail.do?method=searchEftIsuDetail&isuCd=KR7490090008,,,,,,,,
inventory_490330,490330,KoAct 미국치매&뇌질환치료제액티브,unclassified,unclassified,1.0,2024-09-03,,active,,inventory_only,https://data.krx.co.kr/comm/bldAttendant/getJsonData.cmd?bld=dbms/MDC/STAT/standard/MDCSTAT04601,,,,,,,,
inventory_490480,490480,SOL K방산,unclassified,unclassified,1.0,2024-10-02,,active,,inventory_only,https://data.krx.co.kr/comm/bldAttendant/getJsonData.cmd?bld=dbms/MDC/STAT/standard/MDCSTAT04601,,,,,,,,
inventory_490490,490490,SOL 미국배당미국채혼합50,unclassified,unclassified,1.0,2024-09-24,,active,,inventory_only,https://data.krx.co.kr/comm/bldAttendant/getJsonData.cmd?bld=dbms/MDC/STAT/standard/MDCSTAT04601,,,,,,,,
inventory_490590,490590,RISE 미국AI밸류체인데일리고정커버드콜,unclassified,unclassified,1.0,2024-10-02,,active,,inventory_only,https://data.krx.co.kr/comm/bldAttendant/getJsonData.cmd?bld=dbms/MDC/STAT/standard/MDCSTAT04601,,,,,,,,
inventory_490600,490600,RISE 미국배당100데일리고정커버드콜,unclassified,unclassified,1.0,2024-09-24,,active,,inventory_only,https://data.krx.co.kr/comm/bldAttendant/getJsonData.cmd?bld=dbms/MDC/STAT/standard/MDCSTAT04601,,,,,,,,
inventory_491010,491010,TIGER 글로벌AI전력인프라액티브,unclassified,unclassified,1.0,2024-09-10,,active,,inventory_only,https://data.krx.co.kr/comm/bldAttendant/getJsonData.cmd?bld=dbms/MDC/STAT/standard/MDCSTAT04601,,,,,,,,
inventory_491080,491080,KODEX 25-12 은행채(AAA)액티브,unclassified,unclassified,1.0,2024-09-10,2025-12-08,delisted,,inventory_only,https://kind.krx.co.kr/disclosure/etfisudetail.do?method=searchEftIsuDetail&isuCd=KR7491080008,,,,,,,,
inventory_491090,491090,KODEX 미국테크TOP3플러스,unclassified,unclassified,1.0,2024-09-10,,active,,inventory_only,https://kind.krx.co.kr/disclosure/etfisudetail.do?method=searchEftIsuDetail&isuCd=KR7491090007,,,,,,,,
inventory_491220,491220,PLUS 200TR,unclassified,unclassified,1.0,2024-09-10,,active,,inventory_only,https://data.krx.co.kr/comm/bldAttendant/getJsonData.cmd?bld=dbms/MDC/STAT/standard/MDCSTAT04601,,,,,,,,
inventory_491230,491230,PLUS 국공채머니마켓액티브,unclassified,unclassified,1.0,2024-09-10,,active,,inventory_only,https://kind.krx.co.kr/disclosure/etfisudetail.do?method=searchEftIsuDetail&isuCd=KR7491230009,,,,,,,,
inventory_491510,491510,파워 K-주주가치액티브,unclassified,unclassified,1.0,2024-09-24,,active,,inventory_only,https://data.krx.co.kr/comm/bldAttendant/getJsonData.cmd?bld=dbms/MDC/STAT/standard/MDCSTAT04601,,,,,,,,
inventory_491610,491610,1Q CD금리액티브(합성),unclassified,unclassified,1.0,2024-09-24,,active,,inventory_only,https://kind.krx.co.kr/disclosure/etfisudetail.do?method=searchEftIsuDetail&isuCd=KR7491610002,,,,,,,,
inventory_491620,491620,RISE 미국테크100데일리고정커버드콜,unclassified,unclassified,1.0,2024-10-02,,active,,inventory_only,https://data.krx.co.kr/comm/bldAttendant/getJsonData.cmd?bld=dbms/MDC/STAT/standard/MDCSTAT04601,,,,,,,,
inventory_491630,491630,RISE 미국반도체인버스(합성 H),unclassified,unclassified,1.0,2024-10-22,,active,,inventory_only,https://data.krx.co.kr/comm/bldAttendant/getJsonData.cmd?bld=dbms/MDC/STAT/standard/MDCSTAT04601,,,,,,,,
inventory_491700,491700,HK 200,unclassified,unclassified,1.0,2024-09-10,,active,,inventory_only,https://kind.krx.co.kr/disclosure/etfisudetail.do?method=searchEftIsuDetail&isuCd=KR7491700001,,,,,,,,
inventory_491820,491820,HANARO 전력설비투자,unclassified,unclassified,1.0,2024-09-24,,active,,inventory_only,https://kind.krx.co.kr/disclosure/etfisudetail.do?method=searchEftIsuDetail&isuCd=KR7491820007,,,,,,,,
inventory_491830,491830,TIGER 미국AI반도체팹리스,unclassified,unclassified,1.0,2024-09-24,,active,,inventory_only,https://data.krx.co.kr/comm/bldAttendant/getJsonData.cmd?bld=dbms/MDC/STAT/standard/MDCSTAT04601,,,,,,,,
inventory_492500,492500,1Q 현대차그룹채권(A+이상)&국고통안,unclassified,unclassified,1.0,2024-10-02,,active,,inventory_only,https://kind.krx.co.kr/disclosure/etfisudetail.do?method=searchEftIsuDetail&isuCd=KR7492500004,,,,,,,,
inventory_493420,493420,SOL 미국배당다우존스2호,unclassified,unclassified,1.0,2024-10-08,,active,,inventory_only,https://kind.krx.co.kr/disclosure/etfisudetail.do?method=searchEftIsuDetail&isuCd=KR7493420004,,,,,,,,
inventory_493810,493810,TIGER 미국AI빅테크10타겟데일리커버드콜,unclassified,unclassified,1.0,2024-10-15,,active,,inventory_only,https://data.krx.co.kr/comm/bldAttendant/getJsonData.cmd?bld=dbms/MDC/STAT/standard/MDCSTAT04601,,,,,,,,
inventory_494180,494180,TIME 글로벌소비트렌드액티브,unclassified,unclassified,1.0,2024-10-29,,active,,inventory_only,https://data.krx.co.kr/comm/bldAttendant/getJsonData.cmd?bld=dbms/MDC/STAT/standard/MDCSTAT04601,,,,,,,,
inventory_494210,494210,SOL 미국500타겟데일리커버드콜액티브,unclassified,unclassified,1.0,2024-10-15,,active,,inventory_only,https://data.krx.co.kr/comm/bldAttendant/getJsonData.cmd?bld=dbms/MDC/STAT/standard/MDCSTAT04601,,,,,,,,
inventory_494220,494220,UNICORN SK하이닉스밸류체인액티브,unclassified,unclassified,1.0,2024-11-07,,active,,inventory_only,https://data.krx.co.kr/comm/bldAttendant/getJsonData.cmd?bld=dbms/MDC/STAT/standard/MDCSTAT04601,,,,,,,,
inventory_494300,494300,KODEX 미국나스닥100데일리커버드콜OTM,unclassified,unclassified,1.0,2024-10-22,,active,,inventory_only,https://data.krx.co.kr/comm/bldAttendant/getJsonData.cmd?bld=dbms/MDC/STAT/standard/MDCSTAT04601,,,,,,,,
inventory_494310,494310,KODEX 반도체레버리지,unclassified,unclassified,1.0,2024-10-22,,active,,inventory_only,https://kind.krx.co.kr/disclosure/etfisudetail.do?method=searchEftIsuDetail&isuCd=KR7494310006,,,,,,,,
inventory_494330,494330,ACE 라이프자산주주가치액티브,unclassified,unclassified,1.0,2024-10-15,,active,,inventory_only,https://kind.krx.co.kr/disclosure/etfisudetail.do?method=searchEftIsuDetail&isuCd=KR7494330004,,,,,,,,
inventory_494340,494340,ACE 글로벌AI맞춤형반도체,unclassified,unclassified,1.0,2024-10-22,,active,,inventory_only,https://kind.krx.co.kr/disclosure/etfisudetail.do?method=searchEftIsuDetail&isuCd=KR7494340003,,,,,,,,
inventory_494410,494410,PLUS 미국S&P500성장주,unclassified,unclassified,1.0,2024-10-22,,active,,inventory_only,https://data.krx.co.kr/comm/bldAttendant/getJsonData.cmd?bld=dbms/MDC/STAT/standard/MDCSTAT04601,,,,,,,,
inventory_494420,494420,PLUS 미국배당증가성장주데일리커버드콜,unclassified,unclassified,1.0,2024-10-22,,active,,inventory_only,https://data.krx.co.kr/comm/bldAttendant/getJsonData.cmd?bld=dbms/MDC/STAT/standard/MDCSTAT04601,,,,,,,,
inventory_494670,494670,TIGER 조선TOP10,unclassified,unclassified,1.0,2024-10-22,,active,,inventory_only,https://data.krx.co.kr/comm/bldAttendant/getJsonData.cmd?bld=dbms/MDC/STAT/standard/MDCSTAT04601,,,,,,,,
inventory_494840,494840,TIGER 미국방산TOP10,unclassified,unclassified,1.0,2024-10-29,,active,,inventory_only,https://kind.krx.co.kr/disclosure/etfisudetail.do?method=searchEftIsuDetail&isuCd=KR7494840002,,,,,,,,
inventory_494890,494890,KODEX 200액티브,unclassified,unclassified,1.0,2024-10-29,,active,,inventory_only,https://kind.krx.co.kr/disclosure/etfisudetail.do?method=searchEftIsuDetail&isuCd=KR7494890007,,,,,,,,
inventory_494900,494900,TIGER 25-12 금융채(AA-이상),unclassified,unclassified,1.0,2024-10-29,2025-12-17,delisted,,inventory_only,https://kind.krx.co.kr/disclosure/etfisudetail.do?method=searchEftIsuDetail&isuCd=KR7494900004,,,,,,,,
inventory_495040,495040,PLUS 코리아밸류업,unclassified,unclassified,1.0,2024-11-04,,active,,inventory_only,https://data.krx.co.kr/comm/bldAttendant/getJsonData.cmd?bld=dbms/MDC/STAT/standard/MDCSTAT04601,,,,,,,,
inventory_495050,495050,RISE 코리아밸류업,unclassified,unclassified,1.0,2024-11-04,,active,,inventory_only,https://data.krx.co.kr/comm/bldAttendant/getJsonData.cmd?bld=dbms/MDC/STAT/standard/MDCSTAT04601,,,,,,,,
inventory_495060,495060,TIME 코리아밸류업액티브,unclassified,unclassified,1.0,2024-11-04,,active,,inventory_only,https://data.krx.co.kr/comm/bldAttendant/getJsonData.cmd?bld=dbms/MDC/STAT/standard/MDCSTAT04601,,,,,,,,
inventory_495230,495230,KoAct 코리아밸류업액티브,unclassified,unclassified,1.0,2024-11-04,,active,,inventory_only,https://kind.krx.co.kr/disclosure/etfisudetail.do?method=searchEftIsuDetail&isuCd=KR7495230005,,,,,,,,
inventory_495330,495330,1Q 코리아밸류업,unclassified,unclassified,1.0,2024-11-04,,active,,inventory_only,https://kind.krx.co.kr/disclosure/etfisudetail.do?method=searchEftIsuDetail&isuCd=KR7495330003,,,,,,,,
inventory_495550,495550,SOL 코리아밸류업TR,unclassified,unclassified,1.0,2024-11-04,,active,,inventory_only,https://data.krx.co.kr/comm/bldAttendant/getJsonData.cmd?bld=dbms/MDC/STAT/standard/MDCSTAT04601,,,,,,,,
inventory_495710,495710,BNK 26-06 특수채(AAA이상)액티브,unclassified,unclassified,1.0,2024-12-03,2026-06-09,delisted,,inventory_only,https://kind.krx.co.kr/disclosure/etfisudetail.do?method=searchEftIsuDetail&isuCd=KR7495710006,,,,,,,,
inventory_495750,495750,HANARO 코리아밸류업,unclassified,unclassified,1.0,2024-11-04,,active,,inventory_only,https://kind.krx.co.kr/disclosure/etfisudetail.do?method=searchEftIsuDetail&isuCd=KR7495750002,,,,,,,,
inventory_495850,495850,KODEX 코리아밸류업,unclassified,unclassified,1.0,2024-11-04,,active,,inventory_only,https://data.krx.co.kr/comm/bldAttendant/getJsonData.cmd?bld=dbms/MDC/STAT/standard/MDCSTAT04601,,,,,,,,
inventory_495940,495940,RISE 미국AI테크액티브,unclassified,unclassified,1.0,2024-11-26,,active,,inventory_only,https://data.krx.co.kr/comm/bldAttendant/getJsonData.cmd?bld=dbms/MDC/STAT/standard/MDCSTAT04601,,,,,,,,
inventory_496020,496020,WON 전단채플러스액티브,unclassified,unclassified,1.0,2024-11-19,,active,,inventory_only,https://kind.krx.co.kr/disclosure/etfisudetail.do?method=searchEftIsuDetail&isuCd=KR7496020009,,,,,,,,
inventory_496080,496080,TIGER 코리아밸류업,unclassified,unclassified,1.0,2024-11-04,,active,,inventory_only,https://data.krx.co.kr/comm/bldAttendant/getJsonData.cmd?bld=dbms/MDC/STAT/standard/MDCSTAT04601,,,,,,,,
inventory_496090,496090,KIWOOM 코리아밸류업,unclassified,unclassified,1.0,2024-11-04,,active,,inventory_only,https://kind.krx.co.kr/disclosure/etfisudetail.do?method=searchEftIsuDetail&isuCd=KR7496090002,,,,,,,,
inventory_496120,496120,ACE 코리아밸류업,unclassified,unclassified,1.0,2024-11-04,,active,,inventory_only,https://kind.krx.co.kr/disclosure/etfisudetail.do?method=searchEftIsuDetail&isuCd=KR7496120007,,,,,,,,
inventory_496130,496130,TRUSTON 코리아밸류업액티브,unclassified,unclassified,1.0,2024-11-04,,active,,inventory_only,https://data.krx.co.kr/comm/bldAttendant/getJsonData.cmd?bld=dbms/MDC/STAT/standard/MDCSTAT04601,,,,,,,,
inventory_496770,496770,PLUS 글로벌방산,unclassified,unclassified,1.0,2024-11-12,,active,,inventory_only,https://kind.krx.co.kr/disclosure/etfisudetail.do?method=searchEftIsuDetail&isuCd=KR7496770009,,,,,,,,
inventory_497510,497510,ACE 글로벌빅파마,unclassified,unclassified,1.0,2024-11-19,,active,,inventory_only,https://kind.krx.co.kr/disclosure/etfisudetail.do?method=searchEftIsuDetail&isuCd=KR7497510008,,,,,,,,
inventory_497520,497520,ACE 일라이릴리밸류체인,unclassified,unclassified,1.0,2024-11-19,,active,,inventory_only,https://kind.krx.co.kr/disclosure/etfisudetail.do?method=searchEftIsuDetail&isuCd=KR7497520007,,,,,,,,
inventory_497570,497570,TIGER 미국필라델피아AI반도체나스닥,unclassified,unclassified,1.0,2024-11-26,,active,,inventory_only,https://data.krx.co.kr/comm/bldAttendant/getJsonData.cmd?bld=dbms/MDC/STAT/standard/MDCSTAT04601,,,,,,,,
inventory_497780,497780,KoAct 미국천연가스인프라액티브,unclassified,unclassified,1.0,2024-12-10,,active,,inventory_only,https://data.krx.co.kr/comm/bldAttendant/getJsonData.cmd?bld=dbms/MDC/STAT/standard/MDCSTAT04601,,,,,,,,
inventory_497880,497880,SOL CD금리&머니마켓액티브,unclassified,unclassified,1.0,2024-11-26,,active,,inventory_only,https://data.krx.co.kr/comm/bldAttendant/getJsonData.cmd?bld=dbms/MDC/STAT/standard/MDCSTAT04601,,,,,,,,
inventory_498050,498050,HANARO 바이오코리아액티브,unclassified,unclassified,1.0,2024-11-26,,active,,inventory_only,https://kind.krx.co.kr/disclosure/etfisudetail.do?method=searchEftIsuDetail&isuCd=KR7498050004,,,,,,,,
inventory_498180,498180,파워 종합채권(AA-이상)액티브,unclassified,unclassified,1.0,2024-11-26,,active,,inventory_only,https://data.krx.co.kr/comm/bldAttendant/getJsonData.cmd?bld=dbms/MDC/STAT/standard/MDCSTAT04601,,,,,,,,
inventory_498270,498270,KIWOOM 미국양자컴퓨팅,unclassified,unclassified,1.0,2024-12-17,,active,,inventory_only,https://kind.krx.co.kr/disclosure/etfisudetail.do?method=searchEftIsuDetail&isuCd=KR7498270008,,,,,,,,
inventory_498400,498400,KODEX 200타겟위클리커버드콜,unclassified,unclassified,1.0,2024-12-03,,active,,inventory_only,https://kind.krx.co.kr/disclosure/etfisudetail.do?method=searchEftIsuDetail&isuCd=KR7498400001,,,,,,,,
inventory_498410,498410,KODEX 금융고배당TOP10타겟위클리커버드콜,unclassified,unclassified,1.0,2024-12-17,,active,,inventory_only,https://kind.krx.co.kr/disclosure/etfisudetail.do?method=searchEftIsuDetail&isuCd=KR7498410000,,,,,,,,
inventory_498610,498610,RISE 인도디지털성장,unclassified,unclassified,1.0,2025-04-01,,active,,inventory_only,https://data.krx.co.kr/comm/bldAttendant/getJsonData.cmd?bld=dbms/MDC/STAT/standard/MDCSTAT04601,,,,,,,,
inventory_498860,498860,RISE 코리아금융고배당,unclassified,unclassified,1.0,2024-12-10,,active,,inventory_only,https://data.krx.co.kr/comm/bldAttendant/getJsonData.cmd?bld=dbms/MDC/STAT/standard/MDCSTAT04601,,,,,,,,
inventory_499150,499150,SOL 미국S&P500엔화노출(H),unclassified,unclassified,1.0,2024-12-03,,active,,inventory_only,https://data.krx.co.kr/comm/bldAttendant/getJsonData.cmd?bld=dbms/MDC/STAT/standard/MDCSTAT04601,,,,,,,,
inventory_499660,499660,TIGER CD금리플러스액티브(합성),unclassified,unclassified,1.0,2024-12-17,,active,,inventory_only,https://data.krx.co.kr/comm/bldAttendant/getJsonData.cmd?bld=dbms/MDC/STAT/standard/MDCSTAT04601,,,,,,,,
